[
  {
    "name": "ABBARETZ",
    "cp": "44170",
    "dept": "44",
    "region": ""
  },
  {
    "name": "AIGREFEUILLE SUR MAINE",
    "cp": "44140",
    "dept": "44",
    "region": ""
  },
  {
    "name": "ANCENIS ST GEREON",
    "cp": "44150",
    "dept": "44",
    "region": ""
  },
  {
    "name": "ASSERAC",
    "cp": "44410",
    "dept": "44",
    "region": ""
  },
  {
    "name": "AVESSAC",
    "cp": "44460",
    "dept": "44",
    "region": ""
  },
  {
    "name": "BASSE GOULAINE",
    "cp": "44115",
    "dept": "44",
    "region": ""
  },
  {
    "name": "BATZ SUR MER",
    "cp": "44740",
    "dept": "44",
    "region": ""
  },
  {
    "name": "BESNE",
    "cp": "44160",
    "dept": "44",
    "region": ""
  },
  {
    "name": "BLAIN",
    "cp": "44130",
    "dept": "44",
    "region": ""
  },
  {
    "name": "BOUAYE",
    "cp": "44830",
    "dept": "44",
    "region": ""
  },
  {
    "name": "BOUEE",
    "cp": "44260",
    "dept": "44",
    "region": ""
  },
  {
    "name": "BOUGUENAIS",
    "cp": "44340",
    "dept": "44",
    "region": ""
  },
  {
    "name": "BOUSSAY",
    "cp": "44190",
    "dept": "44",
    "region": ""
  },
  {
    "name": "BOUVRON",
    "cp": "44130",
    "dept": "44",
    "region": ""
  },
  {
    "name": "BRAINS",
    "cp": "44830",
    "dept": "44",
    "region": ""
  },
  {
    "name": "CAMPBON",
    "cp": "44750",
    "dept": "44",
    "region": ""
  },
  {
    "name": "CARQUEFOU",
    "cp": "44470",
    "dept": "44",
    "region": ""
  },
  {
    "name": "CASSON",
    "cp": "44390",
    "dept": "44",
    "region": ""
  },
  {
    "name": "CHATEAU THEBAUD",
    "cp": "44690",
    "dept": "44",
    "region": ""
  },
  {
    "name": "CHATEAUBRIANT",
    "cp": "44110",
    "dept": "44",
    "region": ""
  },
  {
    "name": "CHAUMES EN RETZ",
    "cp": "44320",
    "dept": "44",
    "region": ""
  },
  {
    "name": "CHAUMES EN RETZ",
    "cp": "44680",
    "dept": "44",
    "region": ""
  },
  {
    "name": "CHAUVE",
    "cp": "44320",
    "dept": "44",
    "region": ""
  },
  {
    "name": "CHEIX EN RETZ",
    "cp": "44640",
    "dept": "44",
    "region": ""
  },
  {
    "name": "CLISSON",
    "cp": "44190",
    "dept": "44",
    "region": ""
  },
  {
    "name": "CONQUEREUIL",
    "cp": "44290",
    "dept": "44",
    "region": ""
  },
  {
    "name": "CORCOUE SUR LOGNE",
    "cp": "44650",
    "dept": "44",
    "region": ""
  },
  {
    "name": "CORDEMAIS",
    "cp": "44360",
    "dept": "44",
    "region": ""
  },
  {
    "name": "CORSEPT",
    "cp": "44560",
    "dept": "44",
    "region": ""
  },
  {
    "name": "COUERON",
    "cp": "44220",
    "dept": "44",
    "region": ""
  },
  {
    "name": "COUFFE",
    "cp": "44521",
    "dept": "44",
    "region": ""
  },
  {
    "name": "CROSSAC",
    "cp": "44160",
    "dept": "44",
    "region": ""
  },
  {
    "name": "DERVAL",
    "cp": "44590",
    "dept": "44",
    "region": ""
  },
  {
    "name": "DIVATTE SUR LOIRE",
    "cp": "44450",
    "dept": "44",
    "region": ""
  },
  {
    "name": "DONGES",
    "cp": "44480",
    "dept": "44",
    "region": ""
  },
  {
    "name": "DREFFEAC",
    "cp": "44530",
    "dept": "44",
    "region": ""
  },
  {
    "name": "ERBRAY",
    "cp": "44110",
    "dept": "44",
    "region": ""
  },
  {
    "name": "FAY DE BRETAGNE",
    "cp": "44130",
    "dept": "44",
    "region": ""
  },
  {
    "name": "FEGREAC",
    "cp": "44460",
    "dept": "44",
    "region": ""
  },
  {
    "name": "FERCE",
    "cp": "44660",
    "dept": "44",
    "region": ""
  },
  {
    "name": "FROSSAY",
    "cp": "44320",
    "dept": "44",
    "region": ""
  },
  {
    "name": "GENESTON",
    "cp": "44140",
    "dept": "44",
    "region": ""
  },
  {
    "name": "GETIGNE",
    "cp": "44190",
    "dept": "44",
    "region": ""
  },
  {
    "name": "GORGES",
    "cp": "44190",
    "dept": "44",
    "region": ""
  },
  {
    "name": "GRAND AUVERNE",
    "cp": "44520",
    "dept": "44",
    "region": ""
  },
  {
    "name": "GRANDCHAMP DES FONTAINES",
    "cp": "44119",
    "dept": "44",
    "region": ""
  },
  {
    "name": "GUEMENE PENFAO",
    "cp": "44290",
    "dept": "44",
    "region": ""
  },
  {
    "name": "GUENROUET",
    "cp": "44530",
    "dept": "44",
    "region": ""
  },
  {
    "name": "GUERANDE",
    "cp": "44350",
    "dept": "44",
    "region": ""
  },
  {
    "name": "HAUTE GOULAINE",
    "cp": "44115",
    "dept": "44",
    "region": ""
  },
  {
    "name": "HERBIGNAC",
    "cp": "44410",
    "dept": "44",
    "region": ""
  },
  {
    "name": "HERIC",
    "cp": "44810",
    "dept": "44",
    "region": ""
  },
  {
    "name": "INDRE",
    "cp": "44610",
    "dept": "44",
    "region": ""
  },
  {
    "name": "ISSE",
    "cp": "44520",
    "dept": "44",
    "region": ""
  },
  {
    "name": "JANS",
    "cp": "44170",
    "dept": "44",
    "region": ""
  },
  {
    "name": "JOUE SUR ERDRE",
    "cp": "44440",
    "dept": "44",
    "region": ""
  },
  {
    "name": "JUIGNE DES MOUTIERS",
    "cp": "44670",
    "dept": "44",
    "region": ""
  },
  {
    "name": "LA BAULE ESCOUBLAC",
    "cp": "44500",
    "dept": "44",
    "region": ""
  },
  {
    "name": "LA BERNERIE EN RETZ",
    "cp": "44760",
    "dept": "44",
    "region": ""
  },
  {
    "name": "LA BOISSIERE DU DORE",
    "cp": "44430",
    "dept": "44",
    "region": ""
  },
  {
    "name": "LA CHAPELLE DES MARAIS",
    "cp": "44410",
    "dept": "44",
    "region": ""
  },
  {
    "name": "LA CHAPELLE GLAIN",
    "cp": "44670",
    "dept": "44",
    "region": ""
  },
  {
    "name": "LA CHAPELLE HEULIN",
    "cp": "44330",
    "dept": "44",
    "region": ""
  },
  {
    "name": "LA CHAPELLE LAUNAY",
    "cp": "44260",
    "dept": "44",
    "region": ""
  },
  {
    "name": "LA CHAPELLE SUR ERDRE",
    "cp": "44240",
    "dept": "44",
    "region": ""
  },
  {
    "name": "LA CHEVALLERAIS",
    "cp": "44810",
    "dept": "44",
    "region": ""
  },
  {
    "name": "LA CHEVROLIERE",
    "cp": "44118",
    "dept": "44",
    "region": ""
  },
  {
    "name": "LA GRIGONNAIS",
    "cp": "44170",
    "dept": "44",
    "region": ""
  },
  {
    "name": "LA HAIE FOUASSIERE",
    "cp": "44690",
    "dept": "44",
    "region": ""
  },
  {
    "name": "LA LIMOUZINIERE",
    "cp": "44310",
    "dept": "44",
    "region": ""
  },
  {
    "name": "LA MARNE",
    "cp": "44270",
    "dept": "44",
    "region": ""
  },
  {
    "name": "LA MEILLERAYE DE BRETAGNE",
    "cp": "44520",
    "dept": "44",
    "region": ""
  },
  {
    "name": "LA MONTAGNE",
    "cp": "44620",
    "dept": "44",
    "region": ""
  },
  {
    "name": "LA PLAINE SUR MER",
    "cp": "44770",
    "dept": "44",
    "region": ""
  },
  {
    "name": "LA PLANCHE",
    "cp": "44140",
    "dept": "44",
    "region": ""
  },
  {
    "name": "LA REGRIPPIERE",
    "cp": "44330",
    "dept": "44",
    "region": ""
  },
  {
    "name": "LA REMAUDIERE",
    "cp": "44430",
    "dept": "44",
    "region": ""
  },
  {
    "name": "LA ROCHE BLANCHE",
    "cp": "44522",
    "dept": "44",
    "region": ""
  },
  {
    "name": "LA TURBALLE",
    "cp": "44420",
    "dept": "44",
    "region": ""
  },
  {
    "name": "LAVAU SUR LOIRE",
    "cp": "44260",
    "dept": "44",
    "region": ""
  },
  {
    "name": "LE BIGNON",
    "cp": "44140",
    "dept": "44",
    "region": ""
  },
  {
    "name": "LE CELLIER",
    "cp": "44850",
    "dept": "44",
    "region": ""
  },
  {
    "name": "LE CROISIC",
    "cp": "44490",
    "dept": "44",
    "region": ""
  },
  {
    "name": "LE GAVRE",
    "cp": "44130",
    "dept": "44",
    "region": ""
  },
  {
    "name": "LE LANDREAU",
    "cp": "44430",
    "dept": "44",
    "region": ""
  },
  {
    "name": "LE LOROUX BOTTEREAU",
    "cp": "44430",
    "dept": "44",
    "region": ""
  },
  {
    "name": "LE PALLET",
    "cp": "44330",
    "dept": "44",
    "region": ""
  },
  {
    "name": "LE PELLERIN",
    "cp": "44640",
    "dept": "44",
    "region": ""
  },
  {
    "name": "LE PIN",
    "cp": "44540",
    "dept": "44",
    "region": ""
  },
  {
    "name": "LE POULIGUEN",
    "cp": "44510",
    "dept": "44",
    "region": ""
  },
  {
    "name": "LE TEMPLE DE BRETAGNE",
    "cp": "44360",
    "dept": "44",
    "region": ""
  },
  {
    "name": "LEGE",
    "cp": "44650",
    "dept": "44",
    "region": ""
  },
  {
    "name": "LES MOUTIERS EN RETZ",
    "cp": "44760",
    "dept": "44",
    "region": ""
  },
  {
    "name": "LES SORINIERES",
    "cp": "44840",
    "dept": "44",
    "region": ""
  },
  {
    "name": "LES TOUCHES",
    "cp": "44390",
    "dept": "44",
    "region": ""
  },
  {
    "name": "LIGNE",
    "cp": "44850",
    "dept": "44",
    "region": ""
  },
  {
    "name": "LOIREAUXENCE",
    "cp": "44370",
    "dept": "44",
    "region": ""
  },
  {
    "name": "LOUISFERT",
    "cp": "44110",
    "dept": "44",
    "region": ""
  },
  {
    "name": "LUSANGER",
    "cp": "44590",
    "dept": "44",
    "region": ""
  },
  {
    "name": "MACHECOUL ST MEME",
    "cp": "44270",
    "dept": "44",
    "region": ""
  },
  {
    "name": "MAISDON SUR SEVRE",
    "cp": "44690",
    "dept": "44",
    "region": ""
  },
  {
    "name": "MALVILLE",
    "cp": "44260",
    "dept": "44",
    "region": ""
  },
  {
    "name": "MARSAC SUR DON",
    "cp": "44170",
    "dept": "44",
    "region": ""
  },
  {
    "name": "MASSERAC",
    "cp": "44290",
    "dept": "44",
    "region": ""
  },
  {
    "name": "MAUVES SUR LOIRE",
    "cp": "44470",
    "dept": "44",
    "region": ""
  },
  {
    "name": "MESANGER",
    "cp": "44522",
    "dept": "44",
    "region": ""
  },
  {
    "name": "MESQUER",
    "cp": "44420",
    "dept": "44",
    "region": ""
  },
  {
    "name": "MISSILLAC",
    "cp": "44780",
    "dept": "44",
    "region": ""
  },
  {
    "name": "MOISDON LA RIVIERE",
    "cp": "44520",
    "dept": "44",
    "region": ""
  },
  {
    "name": "MONNIERES",
    "cp": "44690",
    "dept": "44",
    "region": ""
  },
  {
    "name": "MONTBERT",
    "cp": "44140",
    "dept": "44",
    "region": ""
  },
  {
    "name": "MONTOIR DE BRETAGNE",
    "cp": "44550",
    "dept": "44",
    "region": ""
  },
  {
    "name": "MONTRELAIS",
    "cp": "44370",
    "dept": "44",
    "region": ""
  },
  {
    "name": "MOUAIS",
    "cp": "44590",
    "dept": "44",
    "region": ""
  },
  {
    "name": "MOUZEIL",
    "cp": "44850",
    "dept": "44",
    "region": ""
  },
  {
    "name": "MOUZILLON",
    "cp": "44330",
    "dept": "44",
    "region": ""
  },
  {
    "name": "NANTES",
    "cp": "44000",
    "dept": "44",
    "region": ""
  },
  {
    "name": "NANTES",
    "cp": "44100",
    "dept": "44",
    "region": ""
  },
  {
    "name": "NANTES",
    "cp": "44200",
    "dept": "44",
    "region": ""
  },
  {
    "name": "NANTES",
    "cp": "44300",
    "dept": "44",
    "region": ""
  },
  {
    "name": "NORT SUR ERDRE",
    "cp": "44390",
    "dept": "44",
    "region": ""
  },
  {
    "name": "NOTRE DAME DES LANDES",
    "cp": "44130",
    "dept": "44",
    "region": ""
  },
  {
    "name": "NOYAL SUR BRUTZ",
    "cp": "44110",
    "dept": "44",
    "region": ""
  },
  {
    "name": "NOZAY",
    "cp": "44170",
    "dept": "44",
    "region": ""
  },
  {
    "name": "ORVAULT",
    "cp": "44700",
    "dept": "44",
    "region": ""
  },
  {
    "name": "OUDON",
    "cp": "44521",
    "dept": "44",
    "region": ""
  },
  {
    "name": "PAIMBOEUF",
    "cp": "44560",
    "dept": "44",
    "region": ""
  },
  {
    "name": "PANNECE",
    "cp": "44440",
    "dept": "44",
    "region": ""
  },
  {
    "name": "PAULX",
    "cp": "44270",
    "dept": "44",
    "region": ""
  },
  {
    "name": "PETIT AUVERNE",
    "cp": "44670",
    "dept": "44",
    "region": ""
  },
  {
    "name": "PETIT MARS",
    "cp": "44390",
    "dept": "44",
    "region": ""
  },
  {
    "name": "PIERRIC",
    "cp": "44290",
    "dept": "44",
    "region": ""
  },
  {
    "name": "PIRIAC SUR MER",
    "cp": "44420",
    "dept": "44",
    "region": ""
  },
  {
    "name": "PLESSE",
    "cp": "44630",
    "dept": "44",
    "region": ""
  },
  {
    "name": "PONT ST MARTIN",
    "cp": "44860",
    "dept": "44",
    "region": ""
  },
  {
    "name": "PONTCHATEAU",
    "cp": "44160",
    "dept": "44",
    "region": ""
  },
  {
    "name": "PORNIC",
    "cp": "44210",
    "dept": "44",
    "region": ""
  },
  {
    "name": "PORNICHET",
    "cp": "44380",
    "dept": "44",
    "region": ""
  },
  {
    "name": "PORT ST PERE",
    "cp": "44710",
    "dept": "44",
    "region": ""
  },
  {
    "name": "POUILLE LES COTEAUX",
    "cp": "44522",
    "dept": "44",
    "region": ""
  },
  {
    "name": "PREFAILLES",
    "cp": "44770",
    "dept": "44",
    "region": ""
  },
  {
    "name": "PRINQUIAU",
    "cp": "44260",
    "dept": "44",
    "region": ""
  },
  {
    "name": "PUCEUL",
    "cp": "44390",
    "dept": "44",
    "region": ""
  },
  {
    "name": "QUILLY",
    "cp": "44750",
    "dept": "44",
    "region": ""
  },
  {
    "name": "REMOUILLE",
    "cp": "44140",
    "dept": "44",
    "region": ""
  },
  {
    "name": "REZE",
    "cp": "44400",
    "dept": "44",
    "region": ""
  },
  {
    "name": "RIAILLE",
    "cp": "44440",
    "dept": "44",
    "region": ""
  },
  {
    "name": "ROUANS",
    "cp": "44640",
    "dept": "44",
    "region": ""
  },
  {
    "name": "ROUGE",
    "cp": "44660",
    "dept": "44",
    "region": ""
  },
  {
    "name": "RUFFIGNE",
    "cp": "44660",
    "dept": "44",
    "region": ""
  },
  {
    "name": "SAFFRE",
    "cp": "44390",
    "dept": "44",
    "region": ""
  },
  {
    "name": "SAUTRON",
    "cp": "44880",
    "dept": "44",
    "region": ""
  },
  {
    "name": "SAVENAY",
    "cp": "44260",
    "dept": "44",
    "region": ""
  },
  {
    "name": "SEVERAC",
    "cp": "44530",
    "dept": "44",
    "region": ""
  },
  {
    "name": "SION LES MINES",
    "cp": "44590",
    "dept": "44",
    "region": ""
  },
  {
    "name": "SOUDAN",
    "cp": "44110",
    "dept": "44",
    "region": ""
  },
  {
    "name": "SOULVACHE",
    "cp": "44660",
    "dept": "44",
    "region": ""
  },
  {
    "name": "ST AIGNAN GRANDLIEU",
    "cp": "44860",
    "dept": "44",
    "region": ""
  },
  {
    "name": "ST ANDRE DES EAUX",
    "cp": "44117",
    "dept": "44",
    "region": ""
  },
  {
    "name": "ST AUBIN DES CHATEAUX",
    "cp": "44110",
    "dept": "44",
    "region": ""
  },
  {
    "name": "ST BREVIN LES PINS",
    "cp": "44250",
    "dept": "44",
    "region": ""
  },
  {
    "name": "ST COLOMBAN",
    "cp": "44310",
    "dept": "44",
    "region": ""
  },
  {
    "name": "ST ETIENNE DE MER MORTE",
    "cp": "44270",
    "dept": "44",
    "region": ""
  },
  {
    "name": "ST ETIENNE DE MONTLUC",
    "cp": "44360",
    "dept": "44",
    "region": ""
  },
  {
    "name": "ST FIACRE SUR MAINE",
    "cp": "44690",
    "dept": "44",
    "region": ""
  },
  {
    "name": "ST GILDAS DES BOIS",
    "cp": "44530",
    "dept": "44",
    "region": ""
  },
  {
    "name": "ST HERBLAIN",
    "cp": "44800",
    "dept": "44",
    "region": ""
  },
  {
    "name": "ST HILAIRE DE CHALEONS",
    "cp": "44680",
    "dept": "44",
    "region": ""
  },
  {
    "name": "ST HILAIRE DE CLISSON",
    "cp": "44190",
    "dept": "44",
    "region": ""
  },
  {
    "name": "ST JEAN DE BOISEAU",
    "cp": "44640",
    "dept": "44",
    "region": ""
  },
  {
    "name": "ST JOACHIM",
    "cp": "44720",
    "dept": "44",
    "region": ""
  },
  {
    "name": "ST JULIEN DE CONCELLES",
    "cp": "44450",
    "dept": "44",
    "region": ""
  },
  {
    "name": "ST JULIEN DE VOUVANTES",
    "cp": "44670",
    "dept": "44",
    "region": ""
  },
  {
    "name": "ST LEGER LES VIGNES",
    "cp": "44710",
    "dept": "44",
    "region": ""
  },
  {
    "name": "ST LUMINE DE CLISSON",
    "cp": "44190",
    "dept": "44",
    "region": ""
  },
  {
    "name": "ST LUMINE DE COUTAIS",
    "cp": "44310",
    "dept": "44",
    "region": ""
  },
  {
    "name": "ST LYPHARD",
    "cp": "44410",
    "dept": "44",
    "region": ""
  },
  {
    "name": "ST MALO DE GUERSAC",
    "cp": "44550",
    "dept": "44",
    "region": ""
  },
  {
    "name": "ST MARS DE COUTAIS",
    "cp": "44680",
    "dept": "44",
    "region": ""
  },
  {
    "name": "ST MARS DU DESERT",
    "cp": "44850",
    "dept": "44",
    "region": ""
  },
  {
    "name": "ST MICHEL CHEF CHEF",
    "cp": "44730",
    "dept": "44",
    "region": ""
  },
  {
    "name": "ST MOLF",
    "cp": "44350",
    "dept": "44",
    "region": ""
  },
  {
    "name": "ST NAZAIRE",
    "cp": "44600",
    "dept": "44",
    "region": ""
  },
  {
    "name": "ST NICOLAS DE REDON",
    "cp": "44460",
    "dept": "44",
    "region": ""
  },
  {
    "name": "ST PERE EN RETZ",
    "cp": "44320",
    "dept": "44",
    "region": ""
  },
  {
    "name": "ST PHILBERT DE GRAND LIEU",
    "cp": "44310",
    "dept": "44",
    "region": ""
  },
  {
    "name": "ST SEBASTIEN SUR LOIRE",
    "cp": "44230",
    "dept": "44",
    "region": ""
  },
  {
    "name": "ST VIAUD",
    "cp": "44320",
    "dept": "44",
    "region": ""
  },
  {
    "name": "ST VINCENT DES LANDES",
    "cp": "44590",
    "dept": "44",
    "region": ""
  },
  {
    "name": "STE ANNE SUR BRIVET",
    "cp": "44160",
    "dept": "44",
    "region": ""
  },
  {
    "name": "STE LUCE SUR LOIRE",
    "cp": "44980",
    "dept": "44",
    "region": ""
  },
  {
    "name": "STE PAZANNE",
    "cp": "44680",
    "dept": "44",
    "region": ""
  },
  {
    "name": "STE REINE DE BRETAGNE",
    "cp": "44160",
    "dept": "44",
    "region": ""
  },
  {
    "name": "SUCE SUR ERDRE",
    "cp": "44240",
    "dept": "44",
    "region": ""
  },
  {
    "name": "TEILLE",
    "cp": "44440",
    "dept": "44",
    "region": ""
  },
  {
    "name": "THOUARE SUR LOIRE",
    "cp": "44470",
    "dept": "44",
    "region": ""
  },
  {
    "name": "TOUVOIS",
    "cp": "44650",
    "dept": "44",
    "region": ""
  },
  {
    "name": "TRANS SUR ERDRE",
    "cp": "44440",
    "dept": "44",
    "region": ""
  },
  {
    "name": "TREFFIEUX",
    "cp": "44170",
    "dept": "44",
    "region": ""
  },
  {
    "name": "TREILLIERES",
    "cp": "44119",
    "dept": "44",
    "region": ""
  },
  {
    "name": "TRIGNAC",
    "cp": "44570",
    "dept": "44",
    "region": ""
  },
  {
    "name": "VAIR SUR LOIRE",
    "cp": "44150",
    "dept": "44",
    "region": ""
  },
  {
    "name": "VALLET",
    "cp": "44330",
    "dept": "44",
    "region": ""
  },
  {
    "name": "VALLONS DE L ERDRE",
    "cp": "44540",
    "dept": "44",
    "region": ""
  },
  {
    "name": "VAY",
    "cp": "44170",
    "dept": "44",
    "region": ""
  },
  {
    "name": "VERTOU",
    "cp": "44120",
    "dept": "44",
    "region": ""
  },
  {
    "name": "VIEILLEVIGNE",
    "cp": "44116",
    "dept": "44",
    "region": ""
  },
  {
    "name": "VIGNEUX DE BRETAGNE",
    "cp": "44360",
    "dept": "44",
    "region": ""
  },
  {
    "name": "VILLENEUVE EN RETZ",
    "cp": "44580",
    "dept": "44",
    "region": ""
  },
  {
    "name": "VILLEPOT",
    "cp": "44110",
    "dept": "44",
    "region": ""
  },
  {
    "name": "VUE",
    "cp": "44640",
    "dept": "44",
    "region": ""
  }
]