[
  {
    "name": "ALBEFEUILLE LAGARDE",
    "cp": "82290",
    "dept": "82",
    "region": ""
  },
  {
    "name": "ALBIAS",
    "cp": "82350",
    "dept": "82",
    "region": ""
  },
  {
    "name": "ANGEVILLE",
    "cp": "82210",
    "dept": "82",
    "region": ""
  },
  {
    "name": "ASQUES",
    "cp": "82120",
    "dept": "82",
    "region": ""
  },
  {
    "name": "AUCAMVILLE",
    "cp": "82600",
    "dept": "82",
    "region": ""
  },
  {
    "name": "AUTERIVE",
    "cp": "82500",
    "dept": "82",
    "region": ""
  },
  {
    "name": "AUTY",
    "cp": "82220",
    "dept": "82",
    "region": ""
  },
  {
    "name": "AUVILLAR",
    "cp": "82340",
    "dept": "82",
    "region": ""
  },
  {
    "name": "BALIGNAC",
    "cp": "82120",
    "dept": "82",
    "region": ""
  },
  {
    "name": "BARDIGUES",
    "cp": "82340",
    "dept": "82",
    "region": ""
  },
  {
    "name": "BARRY D ISLEMADE",
    "cp": "82290",
    "dept": "82",
    "region": ""
  },
  {
    "name": "BEAUMONT DE LOMAGNE",
    "cp": "82500",
    "dept": "82",
    "region": ""
  },
  {
    "name": "BEAUPUY",
    "cp": "82600",
    "dept": "82",
    "region": ""
  },
  {
    "name": "BELBEZE EN LOMAGNE",
    "cp": "82500",
    "dept": "82",
    "region": ""
  },
  {
    "name": "BELVEZE",
    "cp": "82150",
    "dept": "82",
    "region": ""
  },
  {
    "name": "BESSENS",
    "cp": "82170",
    "dept": "82",
    "region": ""
  },
  {
    "name": "BIOULE",
    "cp": "82800",
    "dept": "82",
    "region": ""
  },
  {
    "name": "BOUDOU",
    "cp": "82200",
    "dept": "82",
    "region": ""
  },
  {
    "name": "BOUILLAC",
    "cp": "82600",
    "dept": "82",
    "region": ""
  },
  {
    "name": "BOULOC EN QUERCY",
    "cp": "82110",
    "dept": "82",
    "region": ""
  },
  {
    "name": "BOURG DE VISA",
    "cp": "82190",
    "dept": "82",
    "region": ""
  },
  {
    "name": "BOURRET",
    "cp": "82700",
    "dept": "82",
    "region": ""
  },
  {
    "name": "BRASSAC",
    "cp": "82190",
    "dept": "82",
    "region": ""
  },
  {
    "name": "BRESSOLS",
    "cp": "82710",
    "dept": "82",
    "region": ""
  },
  {
    "name": "BRUNIQUEL",
    "cp": "82800",
    "dept": "82",
    "region": ""
  },
  {
    "name": "CAMPSAS",
    "cp": "82370",
    "dept": "82",
    "region": ""
  },
  {
    "name": "CANALS",
    "cp": "82170",
    "dept": "82",
    "region": ""
  },
  {
    "name": "CASTANET",
    "cp": "82160",
    "dept": "82",
    "region": ""
  },
  {
    "name": "CASTELFERRUS",
    "cp": "82100",
    "dept": "82",
    "region": ""
  },
  {
    "name": "CASTELMAYRAN",
    "cp": "82210",
    "dept": "82",
    "region": ""
  },
  {
    "name": "CASTELSAGRAT",
    "cp": "82400",
    "dept": "82",
    "region": ""
  },
  {
    "name": "CASTELSARRASIN",
    "cp": "82100",
    "dept": "82",
    "region": ""
  },
  {
    "name": "CASTERA BOUZET",
    "cp": "82120",
    "dept": "82",
    "region": ""
  },
  {
    "name": "CAUMONT",
    "cp": "82210",
    "dept": "82",
    "region": ""
  },
  {
    "name": "CAUSSADE",
    "cp": "82300",
    "dept": "82",
    "region": ""
  },
  {
    "name": "CAYLUS",
    "cp": "82160",
    "dept": "82",
    "region": ""
  },
  {
    "name": "CAYRAC",
    "cp": "82440",
    "dept": "82",
    "region": ""
  },
  {
    "name": "CAYRIECH",
    "cp": "82240",
    "dept": "82",
    "region": ""
  },
  {
    "name": "CAZALS",
    "cp": "82140",
    "dept": "82",
    "region": ""
  },
  {
    "name": "CAZES MONDENARD",
    "cp": "82110",
    "dept": "82",
    "region": ""
  },
  {
    "name": "COMBEROUGER",
    "cp": "82600",
    "dept": "82",
    "region": ""
  },
  {
    "name": "CORBARIEU",
    "cp": "82370",
    "dept": "82",
    "region": ""
  },
  {
    "name": "CORDES TOLOSANNES",
    "cp": "82700",
    "dept": "82",
    "region": ""
  },
  {
    "name": "COUTURES",
    "cp": "82210",
    "dept": "82",
    "region": ""
  },
  {
    "name": "CUMONT",
    "cp": "82500",
    "dept": "82",
    "region": ""
  },
  {
    "name": "DIEUPENTALE",
    "cp": "82170",
    "dept": "82",
    "region": ""
  },
  {
    "name": "DONZAC",
    "cp": "82340",
    "dept": "82",
    "region": ""
  },
  {
    "name": "DUNES",
    "cp": "82340",
    "dept": "82",
    "region": ""
  },
  {
    "name": "DURFORT LACAPELETTE",
    "cp": "82390",
    "dept": "82",
    "region": ""
  },
  {
    "name": "ESCATALENS",
    "cp": "82700",
    "dept": "82",
    "region": ""
  },
  {
    "name": "ESCAZEAUX",
    "cp": "82500",
    "dept": "82",
    "region": ""
  },
  {
    "name": "ESPALAIS",
    "cp": "82400",
    "dept": "82",
    "region": ""
  },
  {
    "name": "ESPARSAC",
    "cp": "82500",
    "dept": "82",
    "region": ""
  },
  {
    "name": "ESPINAS",
    "cp": "82160",
    "dept": "82",
    "region": ""
  },
  {
    "name": "FABAS",
    "cp": "82170",
    "dept": "82",
    "region": ""
  },
  {
    "name": "FAJOLLES",
    "cp": "82210",
    "dept": "82",
    "region": ""
  },
  {
    "name": "FAUDOAS",
    "cp": "82500",
    "dept": "82",
    "region": ""
  },
  {
    "name": "FAUROUX",
    "cp": "82190",
    "dept": "82",
    "region": ""
  },
  {
    "name": "FENEYROLS",
    "cp": "82140",
    "dept": "82",
    "region": ""
  },
  {
    "name": "FINHAN",
    "cp": "82700",
    "dept": "82",
    "region": ""
  },
  {
    "name": "GARGANVILLAR",
    "cp": "82100",
    "dept": "82",
    "region": ""
  },
  {
    "name": "GARIES",
    "cp": "82500",
    "dept": "82",
    "region": ""
  },
  {
    "name": "GASQUES",
    "cp": "82400",
    "dept": "82",
    "region": ""
  },
  {
    "name": "GENEBRIERES",
    "cp": "82230",
    "dept": "82",
    "region": ""
  },
  {
    "name": "GENSAC",
    "cp": "82120",
    "dept": "82",
    "region": ""
  },
  {
    "name": "GIMAT",
    "cp": "82500",
    "dept": "82",
    "region": ""
  },
  {
    "name": "GINALS",
    "cp": "82330",
    "dept": "82",
    "region": ""
  },
  {
    "name": "GLATENS",
    "cp": "82500",
    "dept": "82",
    "region": ""
  },
  {
    "name": "GOAS",
    "cp": "82500",
    "dept": "82",
    "region": ""
  },
  {
    "name": "GOLFECH",
    "cp": "82400",
    "dept": "82",
    "region": ""
  },
  {
    "name": "GOUDOURVILLE",
    "cp": "82400",
    "dept": "82",
    "region": ""
  },
  {
    "name": "GRAMONT",
    "cp": "82120",
    "dept": "82",
    "region": ""
  },
  {
    "name": "GRISOLLES",
    "cp": "82170",
    "dept": "82",
    "region": ""
  },
  {
    "name": "L HONOR DE COS",
    "cp": "82130",
    "dept": "82",
    "region": ""
  },
  {
    "name": "LA SALVETAT BELMONTET",
    "cp": "82230",
    "dept": "82",
    "region": ""
  },
  {
    "name": "LA VILLE DIEU DU TEMPLE",
    "cp": "82290",
    "dept": "82",
    "region": ""
  },
  {
    "name": "LABARTHE",
    "cp": "82220",
    "dept": "82",
    "region": ""
  },
  {
    "name": "LABASTIDE DE PENNE",
    "cp": "82240",
    "dept": "82",
    "region": ""
  },
  {
    "name": "LABASTIDE DU TEMPLE",
    "cp": "82100",
    "dept": "82",
    "region": ""
  },
  {
    "name": "LABASTIDE ST PIERRE",
    "cp": "82370",
    "dept": "82",
    "region": ""
  },
  {
    "name": "LABOURGADE",
    "cp": "82100",
    "dept": "82",
    "region": ""
  },
  {
    "name": "LACAPELLE LIVRON",
    "cp": "82160",
    "dept": "82",
    "region": ""
  },
  {
    "name": "LACHAPELLE",
    "cp": "82120",
    "dept": "82",
    "region": ""
  },
  {
    "name": "LACOUR",
    "cp": "82190",
    "dept": "82",
    "region": ""
  },
  {
    "name": "LACOURT ST PIERRE",
    "cp": "82290",
    "dept": "82",
    "region": ""
  },
  {
    "name": "LAFITTE",
    "cp": "82100",
    "dept": "82",
    "region": ""
  },
  {
    "name": "LAFRANCAISE",
    "cp": "82130",
    "dept": "82",
    "region": ""
  },
  {
    "name": "LAGUEPIE",
    "cp": "82250",
    "dept": "82",
    "region": ""
  },
  {
    "name": "LAMAGISTERE",
    "cp": "82360",
    "dept": "82",
    "region": ""
  },
  {
    "name": "LAMOTHE CAPDEVILLE",
    "cp": "82130",
    "dept": "82",
    "region": ""
  },
  {
    "name": "LAMOTHE CUMONT",
    "cp": "82500",
    "dept": "82",
    "region": ""
  },
  {
    "name": "LAPENCHE",
    "cp": "82240",
    "dept": "82",
    "region": ""
  },
  {
    "name": "LARRAZET",
    "cp": "82500",
    "dept": "82",
    "region": ""
  },
  {
    "name": "LAUZERTE",
    "cp": "82110",
    "dept": "82",
    "region": ""
  },
  {
    "name": "LAVAURETTE",
    "cp": "82240",
    "dept": "82",
    "region": ""
  },
  {
    "name": "LAVIT",
    "cp": "82120",
    "dept": "82",
    "region": ""
  },
  {
    "name": "LE CAUSE",
    "cp": "82500",
    "dept": "82",
    "region": ""
  },
  {
    "name": "LE PIN",
    "cp": "82340",
    "dept": "82",
    "region": ""
  },
  {
    "name": "LEOJAC",
    "cp": "82230",
    "dept": "82",
    "region": ""
  },
  {
    "name": "LES BARTHES",
    "cp": "82100",
    "dept": "82",
    "region": ""
  },
  {
    "name": "LIZAC",
    "cp": "82200",
    "dept": "82",
    "region": ""
  },
  {
    "name": "LOZE",
    "cp": "82160",
    "dept": "82",
    "region": ""
  },
  {
    "name": "MALAUSE",
    "cp": "82200",
    "dept": "82",
    "region": ""
  },
  {
    "name": "MANSONVILLE",
    "cp": "82120",
    "dept": "82",
    "region": ""
  },
  {
    "name": "MARIGNAC",
    "cp": "82500",
    "dept": "82",
    "region": ""
  },
  {
    "name": "MARSAC",
    "cp": "82120",
    "dept": "82",
    "region": ""
  },
  {
    "name": "MAS GRENIER",
    "cp": "82600",
    "dept": "82",
    "region": ""
  },
  {
    "name": "MAUBEC",
    "cp": "82500",
    "dept": "82",
    "region": ""
  },
  {
    "name": "MAUMUSSON",
    "cp": "82120",
    "dept": "82",
    "region": ""
  },
  {
    "name": "MEAUZAC",
    "cp": "82290",
    "dept": "82",
    "region": ""
  },
  {
    "name": "MERLES",
    "cp": "82210",
    "dept": "82",
    "region": ""
  },
  {
    "name": "MIRABEL",
    "cp": "82440",
    "dept": "82",
    "region": ""
  },
  {
    "name": "MIRAMONT DE QUERCY",
    "cp": "82190",
    "dept": "82",
    "region": ""
  },
  {
    "name": "MOISSAC",
    "cp": "82200",
    "dept": "82",
    "region": ""
  },
  {
    "name": "MOLIERES",
    "cp": "82220",
    "dept": "82",
    "region": ""
  },
  {
    "name": "MONBEQUI",
    "cp": "82170",
    "dept": "82",
    "region": ""
  },
  {
    "name": "MONCLAR DE QUERCY",
    "cp": "82230",
    "dept": "82",
    "region": ""
  },
  {
    "name": "MONTAGUDET",
    "cp": "82110",
    "dept": "82",
    "region": ""
  },
  {
    "name": "MONTAIGU DE QUERCY",
    "cp": "82150",
    "dept": "82",
    "region": ""
  },
  {
    "name": "MONTAIN",
    "cp": "82100",
    "dept": "82",
    "region": ""
  },
  {
    "name": "MONTALZAT",
    "cp": "82270",
    "dept": "82",
    "region": ""
  },
  {
    "name": "MONTASTRUC",
    "cp": "82130",
    "dept": "82",
    "region": ""
  },
  {
    "name": "MONTAUBAN",
    "cp": "82000",
    "dept": "82",
    "region": ""
  },
  {
    "name": "MONTBARLA",
    "cp": "82110",
    "dept": "82",
    "region": ""
  },
  {
    "name": "MONTBARTIER",
    "cp": "82700",
    "dept": "82",
    "region": ""
  },
  {
    "name": "MONTBETON",
    "cp": "82290",
    "dept": "82",
    "region": ""
  },
  {
    "name": "MONTECH",
    "cp": "82700",
    "dept": "82",
    "region": ""
  },
  {
    "name": "MONTEILS",
    "cp": "82300",
    "dept": "82",
    "region": ""
  },
  {
    "name": "MONTESQUIEU",
    "cp": "82200",
    "dept": "82",
    "region": ""
  },
  {
    "name": "MONTFERMIER",
    "cp": "82270",
    "dept": "82",
    "region": ""
  },
  {
    "name": "MONTGAILLARD",
    "cp": "82120",
    "dept": "82",
    "region": ""
  },
  {
    "name": "MONTJOI",
    "cp": "82400",
    "dept": "82",
    "region": ""
  },
  {
    "name": "MONTPEZAT DE QUERCY",
    "cp": "82270",
    "dept": "82",
    "region": ""
  },
  {
    "name": "MONTRICOUX",
    "cp": "82800",
    "dept": "82",
    "region": ""
  },
  {
    "name": "MOUILLAC",
    "cp": "82160",
    "dept": "82",
    "region": ""
  },
  {
    "name": "NEGREPELISSE",
    "cp": "82800",
    "dept": "82",
    "region": ""
  },
  {
    "name": "NOHIC",
    "cp": "82370",
    "dept": "82",
    "region": ""
  },
  {
    "name": "ORGUEIL",
    "cp": "82370",
    "dept": "82",
    "region": ""
  },
  {
    "name": "PARISOT",
    "cp": "82160",
    "dept": "82",
    "region": ""
  },
  {
    "name": "PERVILLE",
    "cp": "82400",
    "dept": "82",
    "region": ""
  },
  {
    "name": "PIQUECOS",
    "cp": "82130",
    "dept": "82",
    "region": ""
  },
  {
    "name": "POMMEVIC",
    "cp": "82400",
    "dept": "82",
    "region": ""
  },
  {
    "name": "POMPIGNAN",
    "cp": "82170",
    "dept": "82",
    "region": ""
  },
  {
    "name": "POUPAS",
    "cp": "82120",
    "dept": "82",
    "region": ""
  },
  {
    "name": "PUYCORNET",
    "cp": "82220",
    "dept": "82",
    "region": ""
  },
  {
    "name": "PUYGAILLARD DE LOMAGNE",
    "cp": "82120",
    "dept": "82",
    "region": ""
  },
  {
    "name": "PUYGAILLARD DE QUERCY",
    "cp": "82800",
    "dept": "82",
    "region": ""
  },
  {
    "name": "PUYLAGARDE",
    "cp": "82160",
    "dept": "82",
    "region": ""
  },
  {
    "name": "PUYLAROQUE",
    "cp": "82240",
    "dept": "82",
    "region": ""
  },
  {
    "name": "REALVILLE",
    "cp": "82440",
    "dept": "82",
    "region": ""
  },
  {
    "name": "REYNIES",
    "cp": "82370",
    "dept": "82",
    "region": ""
  },
  {
    "name": "ROQUECOR",
    "cp": "82150",
    "dept": "82",
    "region": ""
  },
  {
    "name": "SAUVETERRE",
    "cp": "82110",
    "dept": "82",
    "region": ""
  },
  {
    "name": "SAVENES",
    "cp": "82600",
    "dept": "82",
    "region": ""
  },
  {
    "name": "SEPTFONDS",
    "cp": "82240",
    "dept": "82",
    "region": ""
  },
  {
    "name": "SERIGNAC",
    "cp": "82500",
    "dept": "82",
    "region": ""
  },
  {
    "name": "SISTELS",
    "cp": "82340",
    "dept": "82",
    "region": ""
  },
  {
    "name": "ST AIGNAN",
    "cp": "82100",
    "dept": "82",
    "region": ""
  },
  {
    "name": "ST AMANS DE PELLAGAL",
    "cp": "82110",
    "dept": "82",
    "region": ""
  },
  {
    "name": "ST AMANS DU PECH",
    "cp": "82150",
    "dept": "82",
    "region": ""
  },
  {
    "name": "ST ANTONIN NOBLE VAL",
    "cp": "82140",
    "dept": "82",
    "region": ""
  },
  {
    "name": "ST ARROUMEX",
    "cp": "82210",
    "dept": "82",
    "region": ""
  },
  {
    "name": "ST BEAUZEIL",
    "cp": "82150",
    "dept": "82",
    "region": ""
  },
  {
    "name": "ST CIRICE",
    "cp": "82340",
    "dept": "82",
    "region": ""
  },
  {
    "name": "ST CIRQ",
    "cp": "82300",
    "dept": "82",
    "region": ""
  },
  {
    "name": "ST CLAIR",
    "cp": "82400",
    "dept": "82",
    "region": ""
  },
  {
    "name": "ST ETIENNE DE TULMONT",
    "cp": "82410",
    "dept": "82",
    "region": ""
  },
  {
    "name": "ST GEORGES",
    "cp": "82240",
    "dept": "82",
    "region": ""
  },
  {
    "name": "ST JEAN DU BOUZET",
    "cp": "82120",
    "dept": "82",
    "region": ""
  },
  {
    "name": "ST LOUP",
    "cp": "82340",
    "dept": "82",
    "region": ""
  },
  {
    "name": "ST MICHEL",
    "cp": "82340",
    "dept": "82",
    "region": ""
  },
  {
    "name": "ST NAUPHARY",
    "cp": "82370",
    "dept": "82",
    "region": ""
  },
  {
    "name": "ST NAZAIRE DE VALENTANE",
    "cp": "82190",
    "dept": "82",
    "region": ""
  },
  {
    "name": "ST NICOLAS DE LA GRAVE",
    "cp": "82210",
    "dept": "82",
    "region": ""
  },
  {
    "name": "ST PAUL D ESPIS",
    "cp": "82400",
    "dept": "82",
    "region": ""
  },
  {
    "name": "ST PORQUIER",
    "cp": "82700",
    "dept": "82",
    "region": ""
  },
  {
    "name": "ST PROJET",
    "cp": "82160",
    "dept": "82",
    "region": ""
  },
  {
    "name": "ST SARDOS",
    "cp": "82600",
    "dept": "82",
    "region": ""
  },
  {
    "name": "ST VINCENT D AUTEJAC",
    "cp": "82300",
    "dept": "82",
    "region": ""
  },
  {
    "name": "ST VINCENT LESPINASSE",
    "cp": "82400",
    "dept": "82",
    "region": ""
  },
  {
    "name": "STE JULIETTE",
    "cp": "82110",
    "dept": "82",
    "region": ""
  },
  {
    "name": "TOUFFAILLES",
    "cp": "82190",
    "dept": "82",
    "region": ""
  },
  {
    "name": "TREJOULS",
    "cp": "82110",
    "dept": "82",
    "region": ""
  },
  {
    "name": "VAISSAC",
    "cp": "82800",
    "dept": "82",
    "region": ""
  },
  {
    "name": "VALEILLES",
    "cp": "82150",
    "dept": "82",
    "region": ""
  },
  {
    "name": "VALENCE",
    "cp": "82400",
    "dept": "82",
    "region": ""
  },
  {
    "name": "VAREN",
    "cp": "82330",
    "dept": "82",
    "region": ""
  },
  {
    "name": "VARENNES",
    "cp": "82370",
    "dept": "82",
    "region": ""
  },
  {
    "name": "VAZERAC",
    "cp": "82220",
    "dept": "82",
    "region": ""
  },
  {
    "name": "VERDUN SUR GARONNE",
    "cp": "82600",
    "dept": "82",
    "region": ""
  },
  {
    "name": "VERFEIL",
    "cp": "82330",
    "dept": "82",
    "region": ""
  },
  {
    "name": "VERLHAC TESCOU",
    "cp": "82230",
    "dept": "82",
    "region": ""
  },
  {
    "name": "VIGUERON",
    "cp": "82500",
    "dept": "82",
    "region": ""
  },
  {
    "name": "VILLEBRUMIER",
    "cp": "82370",
    "dept": "82",
    "region": ""
  },
  {
    "name": "VILLEMADE",
    "cp": "82130",
    "dept": "82",
    "region": ""
  }
]