[
  {
    "name": "AIGREMONT",
    "cp": "89800",
    "dept": "89",
    "region": ""
  },
  {
    "name": "AISY SUR ARMANCON",
    "cp": "89390",
    "dept": "89",
    "region": ""
  },
  {
    "name": "ANCY LE FRANC",
    "cp": "89160",
    "dept": "89",
    "region": ""
  },
  {
    "name": "ANCY LE LIBRE",
    "cp": "89160",
    "dept": "89",
    "region": ""
  },
  {
    "name": "ANDRYES",
    "cp": "89480",
    "dept": "89",
    "region": ""
  },
  {
    "name": "ANGELY",
    "cp": "89440",
    "dept": "89",
    "region": ""
  },
  {
    "name": "ANNAY LA COTE",
    "cp": "89200",
    "dept": "89",
    "region": ""
  },
  {
    "name": "ANNAY SUR SEREIN",
    "cp": "89310",
    "dept": "89",
    "region": ""
  },
  {
    "name": "ANNEOT",
    "cp": "89200",
    "dept": "89",
    "region": ""
  },
  {
    "name": "ANNOUX",
    "cp": "89440",
    "dept": "89",
    "region": ""
  },
  {
    "name": "APPOIGNY",
    "cp": "89380",
    "dept": "89",
    "region": ""
  },
  {
    "name": "ARCES DILO",
    "cp": "89320",
    "dept": "89",
    "region": ""
  },
  {
    "name": "ARCY SUR CURE",
    "cp": "89270",
    "dept": "89",
    "region": ""
  },
  {
    "name": "ARGENTENAY",
    "cp": "89160",
    "dept": "89",
    "region": ""
  },
  {
    "name": "ARGENTEUIL SUR ARMANCON",
    "cp": "89160",
    "dept": "89",
    "region": ""
  },
  {
    "name": "ARMEAU",
    "cp": "89500",
    "dept": "89",
    "region": ""
  },
  {
    "name": "ARTHONNAY",
    "cp": "89740",
    "dept": "89",
    "region": ""
  },
  {
    "name": "ASNIERES SOUS BOIS",
    "cp": "89660",
    "dept": "89",
    "region": ""
  },
  {
    "name": "ASQUINS",
    "cp": "89450",
    "dept": "89",
    "region": ""
  },
  {
    "name": "ATHIE",
    "cp": "89440",
    "dept": "89",
    "region": ""
  },
  {
    "name": "AUGY",
    "cp": "89290",
    "dept": "89",
    "region": ""
  },
  {
    "name": "AUXERRE",
    "cp": "89000",
    "dept": "89",
    "region": ""
  },
  {
    "name": "AUXERRE",
    "cp": "89290",
    "dept": "89",
    "region": ""
  },
  {
    "name": "AVALLON",
    "cp": "89200",
    "dept": "89",
    "region": ""
  },
  {
    "name": "BAGNEAUX",
    "cp": "89190",
    "dept": "89",
    "region": ""
  },
  {
    "name": "BAON",
    "cp": "89430",
    "dept": "89",
    "region": ""
  },
  {
    "name": "BASSOU",
    "cp": "89400",
    "dept": "89",
    "region": ""
  },
  {
    "name": "BAZARNES",
    "cp": "89460",
    "dept": "89",
    "region": ""
  },
  {
    "name": "BEAUMONT",
    "cp": "89250",
    "dept": "89",
    "region": ""
  },
  {
    "name": "BEAUVILLIERS",
    "cp": "89630",
    "dept": "89",
    "region": ""
  },
  {
    "name": "BEAUVOIR",
    "cp": "89240",
    "dept": "89",
    "region": ""
  },
  {
    "name": "BEINE",
    "cp": "89800",
    "dept": "89",
    "region": ""
  },
  {
    "name": "BELLECHAUME",
    "cp": "89210",
    "dept": "89",
    "region": ""
  },
  {
    "name": "BEON",
    "cp": "89410",
    "dept": "89",
    "region": ""
  },
  {
    "name": "BERNOUIL",
    "cp": "89360",
    "dept": "89",
    "region": ""
  },
  {
    "name": "BERU",
    "cp": "89700",
    "dept": "89",
    "region": ""
  },
  {
    "name": "BESSY SUR CURE",
    "cp": "89270",
    "dept": "89",
    "region": ""
  },
  {
    "name": "BEUGNON",
    "cp": "89570",
    "dept": "89",
    "region": ""
  },
  {
    "name": "BIERRY LES BELLES FONTAINES",
    "cp": "89420",
    "dept": "89",
    "region": ""
  },
  {
    "name": "BLACY",
    "cp": "89440",
    "dept": "89",
    "region": ""
  },
  {
    "name": "BLANNAY",
    "cp": "89200",
    "dept": "89",
    "region": ""
  },
  {
    "name": "BLEIGNY LE CARREAU",
    "cp": "89230",
    "dept": "89",
    "region": ""
  },
  {
    "name": "BLENEAU",
    "cp": "89220",
    "dept": "89",
    "region": ""
  },
  {
    "name": "BOEURS EN OTHE",
    "cp": "89770",
    "dept": "89",
    "region": ""
  },
  {
    "name": "BOIS D ARCY",
    "cp": "89660",
    "dept": "89",
    "region": ""
  },
  {
    "name": "BONNARD",
    "cp": "89400",
    "dept": "89",
    "region": ""
  },
  {
    "name": "BRANCHES",
    "cp": "89113",
    "dept": "89",
    "region": ""
  },
  {
    "name": "BRANNAY",
    "cp": "89150",
    "dept": "89",
    "region": ""
  },
  {
    "name": "BRIENON SUR ARMANCON",
    "cp": "89210",
    "dept": "89",
    "region": ""
  },
  {
    "name": "BRION",
    "cp": "89400",
    "dept": "89",
    "region": ""
  },
  {
    "name": "BROSSES",
    "cp": "89660",
    "dept": "89",
    "region": ""
  },
  {
    "name": "BUSSIERES",
    "cp": "89630",
    "dept": "89",
    "region": ""
  },
  {
    "name": "BUSSY EN OTHE",
    "cp": "89400",
    "dept": "89",
    "region": ""
  },
  {
    "name": "BUSSY LE REPOS",
    "cp": "89500",
    "dept": "89",
    "region": ""
  },
  {
    "name": "BUTTEAUX",
    "cp": "89360",
    "dept": "89",
    "region": ""
  },
  {
    "name": "CARISEY",
    "cp": "89360",
    "dept": "89",
    "region": ""
  },
  {
    "name": "CENSY",
    "cp": "89310",
    "dept": "89",
    "region": ""
  },
  {
    "name": "CERILLY",
    "cp": "89320",
    "dept": "89",
    "region": ""
  },
  {
    "name": "CERISIERS",
    "cp": "89320",
    "dept": "89",
    "region": ""
  },
  {
    "name": "CEZY",
    "cp": "89410",
    "dept": "89",
    "region": ""
  },
  {
    "name": "CHABLIS",
    "cp": "89800",
    "dept": "89",
    "region": ""
  },
  {
    "name": "CHAILLEY",
    "cp": "89770",
    "dept": "89",
    "region": ""
  },
  {
    "name": "CHAMOUX",
    "cp": "89660",
    "dept": "89",
    "region": ""
  },
  {
    "name": "CHAMPCEVRAIS",
    "cp": "89220",
    "dept": "89",
    "region": ""
  },
  {
    "name": "CHAMPIGNELLES",
    "cp": "89350",
    "dept": "89",
    "region": ""
  },
  {
    "name": "CHAMPIGNY",
    "cp": "89340",
    "dept": "89",
    "region": ""
  },
  {
    "name": "CHAMPLAY",
    "cp": "89300",
    "dept": "89",
    "region": ""
  },
  {
    "name": "CHAMPLOST",
    "cp": "89210",
    "dept": "89",
    "region": ""
  },
  {
    "name": "CHAMPS SUR YONNE",
    "cp": "89290",
    "dept": "89",
    "region": ""
  },
  {
    "name": "CHAMVRES",
    "cp": "89300",
    "dept": "89",
    "region": ""
  },
  {
    "name": "CHARBUY",
    "cp": "89113",
    "dept": "89",
    "region": ""
  },
  {
    "name": "CHARENTENAY",
    "cp": "89580",
    "dept": "89",
    "region": ""
  },
  {
    "name": "CHARMOY",
    "cp": "89400",
    "dept": "89",
    "region": ""
  },
  {
    "name": "CHARNY OREE DE PUISAYE",
    "cp": "89120",
    "dept": "89",
    "region": ""
  },
  {
    "name": "CHASSIGNELLES",
    "cp": "89160",
    "dept": "89",
    "region": ""
  },
  {
    "name": "CHASSY",
    "cp": "89110",
    "dept": "89",
    "region": ""
  },
  {
    "name": "CHASTELLUX SUR CURE",
    "cp": "89630",
    "dept": "89",
    "region": ""
  },
  {
    "name": "CHATEL CENSOIR",
    "cp": "89660",
    "dept": "89",
    "region": ""
  },
  {
    "name": "CHATEL GERARD",
    "cp": "89310",
    "dept": "89",
    "region": ""
  },
  {
    "name": "CHAUMONT",
    "cp": "89340",
    "dept": "89",
    "region": ""
  },
  {
    "name": "CHAUMOT",
    "cp": "89500",
    "dept": "89",
    "region": ""
  },
  {
    "name": "CHEMILLY SUR SEREIN",
    "cp": "89800",
    "dept": "89",
    "region": ""
  },
  {
    "name": "CHEMILLY SUR YONNE",
    "cp": "89250",
    "dept": "89",
    "region": ""
  },
  {
    "name": "CHENEY",
    "cp": "89700",
    "dept": "89",
    "region": ""
  },
  {
    "name": "CHENY",
    "cp": "89400",
    "dept": "89",
    "region": ""
  },
  {
    "name": "CHEROY",
    "cp": "89690",
    "dept": "89",
    "region": ""
  },
  {
    "name": "CHEU",
    "cp": "89600",
    "dept": "89",
    "region": ""
  },
  {
    "name": "CHEVANNES",
    "cp": "89240",
    "dept": "89",
    "region": ""
  },
  {
    "name": "CHICHEE",
    "cp": "89800",
    "dept": "89",
    "region": ""
  },
  {
    "name": "CHICHERY",
    "cp": "89400",
    "dept": "89",
    "region": ""
  },
  {
    "name": "CHITRY",
    "cp": "89530",
    "dept": "89",
    "region": ""
  },
  {
    "name": "COLLAN",
    "cp": "89700",
    "dept": "89",
    "region": ""
  },
  {
    "name": "COLLEMIERS",
    "cp": "89100",
    "dept": "89",
    "region": ""
  },
  {
    "name": "COMPIGNY",
    "cp": "89140",
    "dept": "89",
    "region": ""
  },
  {
    "name": "CORNANT",
    "cp": "89500",
    "dept": "89",
    "region": ""
  },
  {
    "name": "COULANGERON",
    "cp": "89580",
    "dept": "89",
    "region": ""
  },
  {
    "name": "COULANGES LA VINEUSE",
    "cp": "89580",
    "dept": "89",
    "region": ""
  },
  {
    "name": "COULANGES SUR YONNE",
    "cp": "89480",
    "dept": "89",
    "region": ""
  },
  {
    "name": "COULOURS",
    "cp": "89320",
    "dept": "89",
    "region": ""
  },
  {
    "name": "COURGENAY",
    "cp": "89190",
    "dept": "89",
    "region": ""
  },
  {
    "name": "COURGIS",
    "cp": "89800",
    "dept": "89",
    "region": ""
  },
  {
    "name": "COURLON SUR YONNE",
    "cp": "89140",
    "dept": "89",
    "region": ""
  },
  {
    "name": "COURSON LES CARRIERES",
    "cp": "89560",
    "dept": "89",
    "region": ""
  },
  {
    "name": "COURTOIN",
    "cp": "89150",
    "dept": "89",
    "region": ""
  },
  {
    "name": "COURTOIS SUR YONNE",
    "cp": "89100",
    "dept": "89",
    "region": ""
  },
  {
    "name": "COUTARNOUX",
    "cp": "89440",
    "dept": "89",
    "region": ""
  },
  {
    "name": "CRAIN",
    "cp": "89480",
    "dept": "89",
    "region": ""
  },
  {
    "name": "CRUZY LE CHATEL",
    "cp": "89740",
    "dept": "89",
    "region": ""
  },
  {
    "name": "CRY",
    "cp": "89390",
    "dept": "89",
    "region": ""
  },
  {
    "name": "CUDOT",
    "cp": "89116",
    "dept": "89",
    "region": ""
  },
  {
    "name": "CUSSY LES FORGES",
    "cp": "89420",
    "dept": "89",
    "region": ""
  },
  {
    "name": "CUY",
    "cp": "89140",
    "dept": "89",
    "region": ""
  },
  {
    "name": "DANNEMOINE",
    "cp": "89700",
    "dept": "89",
    "region": ""
  },
  {
    "name": "DEUX RIVIERES",
    "cp": "89460",
    "dept": "89",
    "region": ""
  },
  {
    "name": "DIGES",
    "cp": "89240",
    "dept": "89",
    "region": ""
  },
  {
    "name": "DISSANGIS",
    "cp": "89440",
    "dept": "89",
    "region": ""
  },
  {
    "name": "DIXMONT",
    "cp": "89500",
    "dept": "89",
    "region": ""
  },
  {
    "name": "DOLLOT",
    "cp": "89150",
    "dept": "89",
    "region": ""
  },
  {
    "name": "DOMATS",
    "cp": "89150",
    "dept": "89",
    "region": ""
  },
  {
    "name": "DOMECY SUR CURE",
    "cp": "89450",
    "dept": "89",
    "region": ""
  },
  {
    "name": "DOMECY SUR LE VAULT",
    "cp": "89200",
    "dept": "89",
    "region": ""
  },
  {
    "name": "DRACY",
    "cp": "89130",
    "dept": "89",
    "region": ""
  },
  {
    "name": "DRUYES LES BELLES FONTAINES",
    "cp": "89560",
    "dept": "89",
    "region": ""
  },
  {
    "name": "DYE",
    "cp": "89360",
    "dept": "89",
    "region": ""
  },
  {
    "name": "EGLENY",
    "cp": "89240",
    "dept": "89",
    "region": ""
  },
  {
    "name": "EGRISELLES LE BOCAGE",
    "cp": "89500",
    "dept": "89",
    "region": ""
  },
  {
    "name": "EPINEAU LES VOVES",
    "cp": "89400",
    "dept": "89",
    "region": ""
  },
  {
    "name": "EPINEUIL",
    "cp": "89700",
    "dept": "89",
    "region": ""
  },
  {
    "name": "ESCAMPS",
    "cp": "89240",
    "dept": "89",
    "region": ""
  },
  {
    "name": "ESCOLIVES STE CAMILLE",
    "cp": "89290",
    "dept": "89",
    "region": ""
  },
  {
    "name": "ESNON",
    "cp": "89210",
    "dept": "89",
    "region": ""
  },
  {
    "name": "ETAIS LA SAUVIN",
    "cp": "89480",
    "dept": "89",
    "region": ""
  },
  {
    "name": "ETAULE",
    "cp": "89200",
    "dept": "89",
    "region": ""
  },
  {
    "name": "ETIGNY",
    "cp": "89510",
    "dept": "89",
    "region": ""
  },
  {
    "name": "ETIVEY",
    "cp": "89310",
    "dept": "89",
    "region": ""
  },
  {
    "name": "EVRY",
    "cp": "89140",
    "dept": "89",
    "region": ""
  },
  {
    "name": "FESTIGNY",
    "cp": "89480",
    "dept": "89",
    "region": ""
  },
  {
    "name": "FLACY",
    "cp": "89190",
    "dept": "89",
    "region": ""
  },
  {
    "name": "FLEURY LA VALLEE",
    "cp": "89113",
    "dept": "89",
    "region": ""
  },
  {
    "name": "FLEYS",
    "cp": "89800",
    "dept": "89",
    "region": ""
  },
  {
    "name": "FLOGNY LA CHAPELLE",
    "cp": "89360",
    "dept": "89",
    "region": ""
  },
  {
    "name": "FOISSY LES VEZELAY",
    "cp": "89450",
    "dept": "89",
    "region": ""
  },
  {
    "name": "FOISSY SUR VANNE",
    "cp": "89190",
    "dept": "89",
    "region": ""
  },
  {
    "name": "FONTAINE LA GAILLARDE",
    "cp": "89100",
    "dept": "89",
    "region": ""
  },
  {
    "name": "FONTAINES",
    "cp": "89130",
    "dept": "89",
    "region": ""
  },
  {
    "name": "FONTENAY PRES CHABLIS",
    "cp": "89800",
    "dept": "89",
    "region": ""
  },
  {
    "name": "FONTENAY PRES VEZELAY",
    "cp": "89450",
    "dept": "89",
    "region": ""
  },
  {
    "name": "FONTENAY SOUS FOURONNES",
    "cp": "89660",
    "dept": "89",
    "region": ""
  },
  {
    "name": "FONTENOY",
    "cp": "89520",
    "dept": "89",
    "region": ""
  },
  {
    "name": "FOUCHERES",
    "cp": "89150",
    "dept": "89",
    "region": ""
  },
  {
    "name": "FOURNAUDIN",
    "cp": "89320",
    "dept": "89",
    "region": ""
  },
  {
    "name": "FOURONNES",
    "cp": "89560",
    "dept": "89",
    "region": ""
  },
  {
    "name": "FRESNES",
    "cp": "89310",
    "dept": "89",
    "region": ""
  },
  {
    "name": "FULVY",
    "cp": "89160",
    "dept": "89",
    "region": ""
  },
  {
    "name": "GERMIGNY",
    "cp": "89600",
    "dept": "89",
    "region": ""
  },
  {
    "name": "GIGNY",
    "cp": "89160",
    "dept": "89",
    "region": ""
  },
  {
    "name": "GIROLLES",
    "cp": "89200",
    "dept": "89",
    "region": ""
  },
  {
    "name": "GISY LES NOBLES",
    "cp": "89140",
    "dept": "89",
    "region": ""
  },
  {
    "name": "GIVRY",
    "cp": "89200",
    "dept": "89",
    "region": ""
  },
  {
    "name": "GLAND",
    "cp": "89740",
    "dept": "89",
    "region": ""
  },
  {
    "name": "GRIMAULT",
    "cp": "89310",
    "dept": "89",
    "region": ""
  },
  {
    "name": "GRON",
    "cp": "89100",
    "dept": "89",
    "region": ""
  },
  {
    "name": "GUILLON TERRE PLAINE",
    "cp": "89420",
    "dept": "89",
    "region": ""
  },
  {
    "name": "GURGY",
    "cp": "89250",
    "dept": "89",
    "region": ""
  },
  {
    "name": "GY L EVEQUE",
    "cp": "89580",
    "dept": "89",
    "region": ""
  },
  {
    "name": "HAUTERIVE",
    "cp": "89250",
    "dept": "89",
    "region": ""
  },
  {
    "name": "HERY",
    "cp": "89550",
    "dept": "89",
    "region": ""
  },
  {
    "name": "IRANCY",
    "cp": "89290",
    "dept": "89",
    "region": ""
  },
  {
    "name": "ISLAND",
    "cp": "89200",
    "dept": "89",
    "region": ""
  },
  {
    "name": "JAULGES",
    "cp": "89360",
    "dept": "89",
    "region": ""
  },
  {
    "name": "JOIGNY",
    "cp": "89300",
    "dept": "89",
    "region": ""
  },
  {
    "name": "JOUANCY",
    "cp": "89310",
    "dept": "89",
    "region": ""
  },
  {
    "name": "JOUX LA VILLE",
    "cp": "89440",
    "dept": "89",
    "region": ""
  },
  {
    "name": "JOUY",
    "cp": "89150",
    "dept": "89",
    "region": ""
  },
  {
    "name": "JULLY",
    "cp": "89160",
    "dept": "89",
    "region": ""
  },
  {
    "name": "JUNAY",
    "cp": "89700",
    "dept": "89",
    "region": ""
  },
  {
    "name": "JUSSY",
    "cp": "89290",
    "dept": "89",
    "region": ""
  },
  {
    "name": "L ISLE SUR SEREIN",
    "cp": "89440",
    "dept": "89",
    "region": ""
  },
  {
    "name": "LA BELLIOLE",
    "cp": "89150",
    "dept": "89",
    "region": ""
  },
  {
    "name": "LA CELLE ST CYR",
    "cp": "89116",
    "dept": "89",
    "region": ""
  },
  {
    "name": "LA CHAPELLE SUR OREUSE",
    "cp": "89260",
    "dept": "89",
    "region": ""
  },
  {
    "name": "LA CHAPELLE VAUPELTEIGNE",
    "cp": "89800",
    "dept": "89",
    "region": ""
  },
  {
    "name": "LA FERTE LOUPIERE",
    "cp": "89110",
    "dept": "89",
    "region": ""
  },
  {
    "name": "LA POSTOLLE",
    "cp": "89260",
    "dept": "89",
    "region": ""
  },
  {
    "name": "LAILLY",
    "cp": "89190",
    "dept": "89",
    "region": ""
  },
  {
    "name": "LAIN",
    "cp": "89560",
    "dept": "89",
    "region": ""
  },
  {
    "name": "LAINSECQ",
    "cp": "89520",
    "dept": "89",
    "region": ""
  },
  {
    "name": "LALANDE",
    "cp": "89130",
    "dept": "89",
    "region": ""
  },
  {
    "name": "LAROCHE ST CYDROINE",
    "cp": "89400",
    "dept": "89",
    "region": ""
  },
  {
    "name": "LASSON",
    "cp": "89570",
    "dept": "89",
    "region": ""
  },
  {
    "name": "LAVAU",
    "cp": "89170",
    "dept": "89",
    "region": ""
  },
  {
    "name": "LE VAL D OCRE",
    "cp": "89110",
    "dept": "89",
    "region": ""
  },
  {
    "name": "LES BORDES",
    "cp": "89500",
    "dept": "89",
    "region": ""
  },
  {
    "name": "LES CLERIMOIS",
    "cp": "89190",
    "dept": "89",
    "region": ""
  },
  {
    "name": "LES HAUTS DE FORTERRE",
    "cp": "89560",
    "dept": "89",
    "region": ""
  },
  {
    "name": "LES ORMES",
    "cp": "89110",
    "dept": "89",
    "region": ""
  },
  {
    "name": "LES SIEGES",
    "cp": "89190",
    "dept": "89",
    "region": ""
  },
  {
    "name": "LES VALLEES DE LA VANNE",
    "cp": "89190",
    "dept": "89",
    "region": ""
  },
  {
    "name": "LES VALLEES DE LA VANNE",
    "cp": "89320",
    "dept": "89",
    "region": ""
  },
  {
    "name": "LEUGNY",
    "cp": "89130",
    "dept": "89",
    "region": ""
  },
  {
    "name": "LEVIS",
    "cp": "89520",
    "dept": "89",
    "region": ""
  },
  {
    "name": "LEZINNES",
    "cp": "89160",
    "dept": "89",
    "region": ""
  },
  {
    "name": "LICHERES PRES AIGREMONT",
    "cp": "89800",
    "dept": "89",
    "region": ""
  },
  {
    "name": "LICHERES SUR YONNE",
    "cp": "89660",
    "dept": "89",
    "region": ""
  },
  {
    "name": "LIGNORELLES",
    "cp": "89800",
    "dept": "89",
    "region": ""
  },
  {
    "name": "LIGNY LE CHATEL",
    "cp": "89144",
    "dept": "89",
    "region": ""
  },
  {
    "name": "LINDRY",
    "cp": "89240",
    "dept": "89",
    "region": ""
  },
  {
    "name": "LIXY",
    "cp": "89140",
    "dept": "89",
    "region": ""
  },
  {
    "name": "LOOZE",
    "cp": "89300",
    "dept": "89",
    "region": ""
  },
  {
    "name": "LUCY LE BOIS",
    "cp": "89200",
    "dept": "89",
    "region": ""
  },
  {
    "name": "LUCY SUR CURE",
    "cp": "89270",
    "dept": "89",
    "region": ""
  },
  {
    "name": "LUCY SUR YONNE",
    "cp": "89480",
    "dept": "89",
    "region": ""
  },
  {
    "name": "MAGNY",
    "cp": "89200",
    "dept": "89",
    "region": ""
  },
  {
    "name": "MAILLOT",
    "cp": "89100",
    "dept": "89",
    "region": ""
  },
  {
    "name": "MAILLY LA VILLE",
    "cp": "89270",
    "dept": "89",
    "region": ""
  },
  {
    "name": "MAILLY LE CHATEAU",
    "cp": "89660",
    "dept": "89",
    "region": ""
  },
  {
    "name": "MALAY LE GRAND",
    "cp": "89100",
    "dept": "89",
    "region": ""
  },
  {
    "name": "MALAY LE PETIT",
    "cp": "89100",
    "dept": "89",
    "region": ""
  },
  {
    "name": "MALIGNY",
    "cp": "89800",
    "dept": "89",
    "region": ""
  },
  {
    "name": "MARMEAUX",
    "cp": "89420",
    "dept": "89",
    "region": ""
  },
  {
    "name": "MARSANGY",
    "cp": "89500",
    "dept": "89",
    "region": ""
  },
  {
    "name": "MASSANGIS",
    "cp": "89440",
    "dept": "89",
    "region": ""
  },
  {
    "name": "MELISEY",
    "cp": "89430",
    "dept": "89",
    "region": ""
  },
  {
    "name": "MENADES",
    "cp": "89450",
    "dept": "89",
    "region": ""
  },
  {
    "name": "MERCY",
    "cp": "89210",
    "dept": "89",
    "region": ""
  },
  {
    "name": "MERE",
    "cp": "89144",
    "dept": "89",
    "region": ""
  },
  {
    "name": "MERRY LA VALLEE",
    "cp": "89110",
    "dept": "89",
    "region": ""
  },
  {
    "name": "MERRY SEC",
    "cp": "89560",
    "dept": "89",
    "region": ""
  },
  {
    "name": "MERRY SUR YONNE",
    "cp": "89660",
    "dept": "89",
    "region": ""
  },
  {
    "name": "MEZILLES",
    "cp": "89130",
    "dept": "89",
    "region": ""
  },
  {
    "name": "MICHERY",
    "cp": "89140",
    "dept": "89",
    "region": ""
  },
  {
    "name": "MIGE",
    "cp": "89580",
    "dept": "89",
    "region": ""
  },
  {
    "name": "MIGENNES",
    "cp": "89400",
    "dept": "89",
    "region": ""
  },
  {
    "name": "MOLAY",
    "cp": "89310",
    "dept": "89",
    "region": ""
  },
  {
    "name": "MOLINONS",
    "cp": "89190",
    "dept": "89",
    "region": ""
  },
  {
    "name": "MOLOSMES",
    "cp": "89700",
    "dept": "89",
    "region": ""
  },
  {
    "name": "MONETEAU",
    "cp": "89470",
    "dept": "89",
    "region": ""
  },
  {
    "name": "MONT ST SULPICE",
    "cp": "89250",
    "dept": "89",
    "region": ""
  },
  {
    "name": "MONTACHER VILLEGARDIN",
    "cp": "89150",
    "dept": "89",
    "region": ""
  },
  {
    "name": "MONTHOLON",
    "cp": "89110",
    "dept": "89",
    "region": ""
  },
  {
    "name": "MONTHOLON",
    "cp": "89710",
    "dept": "89",
    "region": ""
  },
  {
    "name": "MONTIGNY LA RESLE",
    "cp": "89230",
    "dept": "89",
    "region": ""
  },
  {
    "name": "MONTILLOT",
    "cp": "89660",
    "dept": "89",
    "region": ""
  },
  {
    "name": "MONTREAL",
    "cp": "89420",
    "dept": "89",
    "region": ""
  },
  {
    "name": "MOUFFY",
    "cp": "89560",
    "dept": "89",
    "region": ""
  },
  {
    "name": "MOULINS EN TONNERROIS",
    "cp": "89310",
    "dept": "89",
    "region": ""
  },
  {
    "name": "MOULINS SUR OUANNE",
    "cp": "89130",
    "dept": "89",
    "region": ""
  },
  {
    "name": "MOUTIERS EN PUISAYE",
    "cp": "89520",
    "dept": "89",
    "region": ""
  },
  {
    "name": "NAILLY",
    "cp": "89100",
    "dept": "89",
    "region": ""
  },
  {
    "name": "NEUVY SAUTOUR",
    "cp": "89570",
    "dept": "89",
    "region": ""
  },
  {
    "name": "NITRY",
    "cp": "89310",
    "dept": "89",
    "region": ""
  },
  {
    "name": "NOE",
    "cp": "89320",
    "dept": "89",
    "region": ""
  },
  {
    "name": "NOYERS",
    "cp": "89310",
    "dept": "89",
    "region": ""
  },
  {
    "name": "NUITS",
    "cp": "89390",
    "dept": "89",
    "region": ""
  },
  {
    "name": "ORMOY",
    "cp": "89400",
    "dept": "89",
    "region": ""
  },
  {
    "name": "OUANNE",
    "cp": "89560",
    "dept": "89",
    "region": ""
  },
  {
    "name": "PACY SUR ARMANCON",
    "cp": "89160",
    "dept": "89",
    "region": ""
  },
  {
    "name": "PAILLY",
    "cp": "89140",
    "dept": "89",
    "region": ""
  },
  {
    "name": "PARLY",
    "cp": "89240",
    "dept": "89",
    "region": ""
  },
  {
    "name": "PARON",
    "cp": "89100",
    "dept": "89",
    "region": ""
  },
  {
    "name": "PAROY EN OTHE",
    "cp": "89210",
    "dept": "89",
    "region": ""
  },
  {
    "name": "PAROY SUR THOLON",
    "cp": "89300",
    "dept": "89",
    "region": ""
  },
  {
    "name": "PASILLY",
    "cp": "89310",
    "dept": "89",
    "region": ""
  },
  {
    "name": "PASSY",
    "cp": "89510",
    "dept": "89",
    "region": ""
  },
  {
    "name": "PERCENEIGE",
    "cp": "89260",
    "dept": "89",
    "region": ""
  },
  {
    "name": "PERCEY",
    "cp": "89360",
    "dept": "89",
    "region": ""
  },
  {
    "name": "PERRIGNY",
    "cp": "89000",
    "dept": "89",
    "region": ""
  },
  {
    "name": "PERRIGNY SUR ARMANCON",
    "cp": "89390",
    "dept": "89",
    "region": ""
  },
  {
    "name": "PIERRE PERTHUIS",
    "cp": "89450",
    "dept": "89",
    "region": ""
  },
  {
    "name": "PIFFONDS",
    "cp": "89330",
    "dept": "89",
    "region": ""
  },
  {
    "name": "PIMELLES",
    "cp": "89740",
    "dept": "89",
    "region": ""
  },
  {
    "name": "PISY",
    "cp": "89420",
    "dept": "89",
    "region": ""
  },
  {
    "name": "PLESSIS ST JEAN",
    "cp": "89140",
    "dept": "89",
    "region": ""
  },
  {
    "name": "POILLY SUR SEREIN",
    "cp": "89310",
    "dept": "89",
    "region": ""
  },
  {
    "name": "POILLY SUR THOLON",
    "cp": "89110",
    "dept": "89",
    "region": ""
  },
  {
    "name": "PONT SUR VANNE",
    "cp": "89190",
    "dept": "89",
    "region": ""
  },
  {
    "name": "PONT SUR YONNE",
    "cp": "89140",
    "dept": "89",
    "region": ""
  },
  {
    "name": "PONTAUBERT",
    "cp": "89200",
    "dept": "89",
    "region": ""
  },
  {
    "name": "PONTIGNY",
    "cp": "89230",
    "dept": "89",
    "region": ""
  },
  {
    "name": "POURRAIN",
    "cp": "89240",
    "dept": "89",
    "region": ""
  },
  {
    "name": "PRECY LE SEC",
    "cp": "89440",
    "dept": "89",
    "region": ""
  },
  {
    "name": "PRECY SUR VRIN",
    "cp": "89116",
    "dept": "89",
    "region": ""
  },
  {
    "name": "PREGILBERT",
    "cp": "89460",
    "dept": "89",
    "region": ""
  },
  {
    "name": "PREHY",
    "cp": "89800",
    "dept": "89",
    "region": ""
  },
  {
    "name": "PROVENCY",
    "cp": "89200",
    "dept": "89",
    "region": ""
  },
  {
    "name": "QUARRE LES TOMBES",
    "cp": "89630",
    "dept": "89",
    "region": ""
  },
  {
    "name": "QUENNE",
    "cp": "89290",
    "dept": "89",
    "region": ""
  },
  {
    "name": "QUINCEROT",
    "cp": "89740",
    "dept": "89",
    "region": ""
  },
  {
    "name": "RAVIERES",
    "cp": "89390",
    "dept": "89",
    "region": ""
  },
  {
    "name": "ROFFEY",
    "cp": "89700",
    "dept": "89",
    "region": ""
  },
  {
    "name": "ROGNY LES SEPT ECLUSES",
    "cp": "89220",
    "dept": "89",
    "region": ""
  },
  {
    "name": "RONCHERES",
    "cp": "89170",
    "dept": "89",
    "region": ""
  },
  {
    "name": "ROSOY",
    "cp": "89100",
    "dept": "89",
    "region": ""
  },
  {
    "name": "ROUSSON",
    "cp": "89500",
    "dept": "89",
    "region": ""
  },
  {
    "name": "ROUVRAY",
    "cp": "89230",
    "dept": "89",
    "region": ""
  },
  {
    "name": "RUGNY",
    "cp": "89430",
    "dept": "89",
    "region": ""
  },
  {
    "name": "SAINPUITS",
    "cp": "89520",
    "dept": "89",
    "region": ""
  },
  {
    "name": "SAINTS EN PUISAYE",
    "cp": "89520",
    "dept": "89",
    "region": ""
  },
  {
    "name": "SALIGNY",
    "cp": "89100",
    "dept": "89",
    "region": ""
  },
  {
    "name": "SAMBOURG",
    "cp": "89160",
    "dept": "89",
    "region": ""
  },
  {
    "name": "SANTIGNY",
    "cp": "89420",
    "dept": "89",
    "region": ""
  },
  {
    "name": "SARRY",
    "cp": "89310",
    "dept": "89",
    "region": ""
  },
  {
    "name": "SAUVIGNY LE BEUREAL",
    "cp": "89420",
    "dept": "89",
    "region": ""
  },
  {
    "name": "SAUVIGNY LE BOIS",
    "cp": "89200",
    "dept": "89",
    "region": ""
  },
  {
    "name": "SAVIGNY EN TERRE PLAINE",
    "cp": "89420",
    "dept": "89",
    "region": ""
  },
  {
    "name": "SAVIGNY SUR CLAIRIS",
    "cp": "89150",
    "dept": "89",
    "region": ""
  },
  {
    "name": "SEIGNELAY",
    "cp": "89250",
    "dept": "89",
    "region": ""
  },
  {
    "name": "SEMENTRON",
    "cp": "89560",
    "dept": "89",
    "region": ""
  },
  {
    "name": "SENAN",
    "cp": "89710",
    "dept": "89",
    "region": ""
  },
  {
    "name": "SENNEVOY LE BAS",
    "cp": "89160",
    "dept": "89",
    "region": ""
  },
  {
    "name": "SENNEVOY LE HAUT",
    "cp": "89160",
    "dept": "89",
    "region": ""
  },
  {
    "name": "SENS",
    "cp": "89100",
    "dept": "89",
    "region": ""
  },
  {
    "name": "SEPEAUX ST ROMAIN",
    "cp": "89116",
    "dept": "89",
    "region": ""
  },
  {
    "name": "SERBONNES",
    "cp": "89140",
    "dept": "89",
    "region": ""
  },
  {
    "name": "SERGINES",
    "cp": "89140",
    "dept": "89",
    "region": ""
  },
  {
    "name": "SERMIZELLES",
    "cp": "89200",
    "dept": "89",
    "region": ""
  },
  {
    "name": "SERRIGNY",
    "cp": "89700",
    "dept": "89",
    "region": ""
  },
  {
    "name": "SERY",
    "cp": "89270",
    "dept": "89",
    "region": ""
  },
  {
    "name": "SOMMECAISE",
    "cp": "89110",
    "dept": "89",
    "region": ""
  },
  {
    "name": "SORMERY",
    "cp": "89570",
    "dept": "89",
    "region": ""
  },
  {
    "name": "SOUCY",
    "cp": "89100",
    "dept": "89",
    "region": ""
  },
  {
    "name": "SOUGERES EN PUISAYE",
    "cp": "89520",
    "dept": "89",
    "region": ""
  },
  {
    "name": "SOUMAINTRAIN",
    "cp": "89570",
    "dept": "89",
    "region": ""
  },
  {
    "name": "ST AGNAN",
    "cp": "89340",
    "dept": "89",
    "region": ""
  },
  {
    "name": "ST ANDRE EN TERRE PLAINE",
    "cp": "89420",
    "dept": "89",
    "region": ""
  },
  {
    "name": "ST AUBIN SUR YONNE",
    "cp": "89300",
    "dept": "89",
    "region": ""
  },
  {
    "name": "ST BRANCHER",
    "cp": "89630",
    "dept": "89",
    "region": ""
  },
  {
    "name": "ST BRIS LE VINEUX",
    "cp": "89530",
    "dept": "89",
    "region": ""
  },
  {
    "name": "ST CLEMENT",
    "cp": "89100",
    "dept": "89",
    "region": ""
  },
  {
    "name": "ST CYR LES COLONS",
    "cp": "89800",
    "dept": "89",
    "region": ""
  },
  {
    "name": "ST DENIS LES SENS",
    "cp": "89100",
    "dept": "89",
    "region": ""
  },
  {
    "name": "ST FARGEAU",
    "cp": "89170",
    "dept": "89",
    "region": ""
  },
  {
    "name": "ST FLORENTIN",
    "cp": "89600",
    "dept": "89",
    "region": ""
  },
  {
    "name": "ST GEORGES SUR BAULCHE",
    "cp": "89000",
    "dept": "89",
    "region": ""
  },
  {
    "name": "ST GERMAIN DES CHAMPS",
    "cp": "89630",
    "dept": "89",
    "region": ""
  },
  {
    "name": "ST JULIEN DU SAULT",
    "cp": "89330",
    "dept": "89",
    "region": ""
  },
  {
    "name": "ST LEGER VAUBAN",
    "cp": "89630",
    "dept": "89",
    "region": ""
  },
  {
    "name": "ST LOUP D ORDON",
    "cp": "89330",
    "dept": "89",
    "region": ""
  },
  {
    "name": "ST MARTIN D ORDON",
    "cp": "89330",
    "dept": "89",
    "region": ""
  },
  {
    "name": "ST MARTIN DES CHAMPS",
    "cp": "89170",
    "dept": "89",
    "region": ""
  },
  {
    "name": "ST MARTIN DU TERTRE",
    "cp": "89100",
    "dept": "89",
    "region": ""
  },
  {
    "name": "ST MARTIN SUR ARMANCON",
    "cp": "89700",
    "dept": "89",
    "region": ""
  },
  {
    "name": "ST MAURICE AUX RICHES HOMMES",
    "cp": "89190",
    "dept": "89",
    "region": ""
  },
  {
    "name": "ST MAURICE LE VIEIL",
    "cp": "89110",
    "dept": "89",
    "region": ""
  },
  {
    "name": "ST MAURICE THIZOUAILLE",
    "cp": "89110",
    "dept": "89",
    "region": ""
  },
  {
    "name": "ST MORE",
    "cp": "89270",
    "dept": "89",
    "region": ""
  },
  {
    "name": "ST PERE",
    "cp": "89450",
    "dept": "89",
    "region": ""
  },
  {
    "name": "ST PRIVE",
    "cp": "89220",
    "dept": "89",
    "region": ""
  },
  {
    "name": "ST SAUVEUR EN PUISAYE",
    "cp": "89520",
    "dept": "89",
    "region": ""
  },
  {
    "name": "ST SEROTIN",
    "cp": "89140",
    "dept": "89",
    "region": ""
  },
  {
    "name": "ST VALERIEN",
    "cp": "89150",
    "dept": "89",
    "region": ""
  },
  {
    "name": "STE COLOMBE",
    "cp": "89440",
    "dept": "89",
    "region": ""
  },
  {
    "name": "STE MAGNANCE",
    "cp": "89420",
    "dept": "89",
    "region": ""
  },
  {
    "name": "STE PALLAYE",
    "cp": "89460",
    "dept": "89",
    "region": ""
  },
  {
    "name": "STE VERTU",
    "cp": "89310",
    "dept": "89",
    "region": ""
  },
  {
    "name": "STIGNY",
    "cp": "89160",
    "dept": "89",
    "region": ""
  },
  {
    "name": "SUBLIGNY",
    "cp": "89100",
    "dept": "89",
    "region": ""
  },
  {
    "name": "TALCY",
    "cp": "89420",
    "dept": "89",
    "region": ""
  },
  {
    "name": "TANLAY",
    "cp": "89430",
    "dept": "89",
    "region": ""
  },
  {
    "name": "TANNERRE EN PUISAYE",
    "cp": "89350",
    "dept": "89",
    "region": ""
  },
  {
    "name": "THAROISEAU",
    "cp": "89450",
    "dept": "89",
    "region": ""
  },
  {
    "name": "THAROT",
    "cp": "89200",
    "dept": "89",
    "region": ""
  },
  {
    "name": "THIZY",
    "cp": "89420",
    "dept": "89",
    "region": ""
  },
  {
    "name": "THOREY",
    "cp": "89430",
    "dept": "89",
    "region": ""
  },
  {
    "name": "THORIGNY SUR OREUSE",
    "cp": "89260",
    "dept": "89",
    "region": ""
  },
  {
    "name": "THORY",
    "cp": "89200",
    "dept": "89",
    "region": ""
  },
  {
    "name": "THURY",
    "cp": "89520",
    "dept": "89",
    "region": ""
  },
  {
    "name": "TISSEY",
    "cp": "89700",
    "dept": "89",
    "region": ""
  },
  {
    "name": "TONNERRE",
    "cp": "89700",
    "dept": "89",
    "region": ""
  },
  {
    "name": "TOUCY",
    "cp": "89130",
    "dept": "89",
    "region": ""
  },
  {
    "name": "TREIGNY PERREUSE STE COLOMBE",
    "cp": "89520",
    "dept": "89",
    "region": ""
  },
  {
    "name": "TRICHEY",
    "cp": "89430",
    "dept": "89",
    "region": ""
  },
  {
    "name": "TRONCHOY",
    "cp": "89700",
    "dept": "89",
    "region": ""
  },
  {
    "name": "TRUCY SUR YONNE",
    "cp": "89460",
    "dept": "89",
    "region": ""
  },
  {
    "name": "TURNY",
    "cp": "89570",
    "dept": "89",
    "region": ""
  },
  {
    "name": "VAL DE MERCY",
    "cp": "89580",
    "dept": "89",
    "region": ""
  },
  {
    "name": "VALLAN",
    "cp": "89580",
    "dept": "89",
    "region": ""
  },
  {
    "name": "VALLERY",
    "cp": "89150",
    "dept": "89",
    "region": ""
  },
  {
    "name": "VALRAVILLON",
    "cp": "89110",
    "dept": "89",
    "region": ""
  },
  {
    "name": "VALRAVILLON",
    "cp": "89113",
    "dept": "89",
    "region": ""
  },
  {
    "name": "VARENNES",
    "cp": "89144",
    "dept": "89",
    "region": ""
  },
  {
    "name": "VASSY SOUS PISY",
    "cp": "89420",
    "dept": "89",
    "region": ""
  },
  {
    "name": "VAUDEURS",
    "cp": "89320",
    "dept": "89",
    "region": ""
  },
  {
    "name": "VAULT DE LUGNY",
    "cp": "89200",
    "dept": "89",
    "region": ""
  },
  {
    "name": "VAUMORT",
    "cp": "89320",
    "dept": "89",
    "region": ""
  },
  {
    "name": "VENIZY",
    "cp": "89210",
    "dept": "89",
    "region": ""
  },
  {
    "name": "VENOUSE",
    "cp": "89230",
    "dept": "89",
    "region": ""
  },
  {
    "name": "VENOY",
    "cp": "89290",
    "dept": "89",
    "region": ""
  },
  {
    "name": "VERGIGNY",
    "cp": "89600",
    "dept": "89",
    "region": ""
  },
  {
    "name": "VERLIN",
    "cp": "89330",
    "dept": "89",
    "region": ""
  },
  {
    "name": "VERMENTON",
    "cp": "89270",
    "dept": "89",
    "region": ""
  },
  {
    "name": "VERNOY",
    "cp": "89150",
    "dept": "89",
    "region": ""
  },
  {
    "name": "VERON",
    "cp": "89510",
    "dept": "89",
    "region": ""
  },
  {
    "name": "VEZANNES",
    "cp": "89700",
    "dept": "89",
    "region": ""
  },
  {
    "name": "VEZELAY",
    "cp": "89450",
    "dept": "89",
    "region": ""
  },
  {
    "name": "VEZINNES",
    "cp": "89700",
    "dept": "89",
    "region": ""
  },
  {
    "name": "VILLEBLEVIN",
    "cp": "89340",
    "dept": "89",
    "region": ""
  },
  {
    "name": "VILLEBOUGIS",
    "cp": "89150",
    "dept": "89",
    "region": ""
  },
  {
    "name": "VILLECHETIVE",
    "cp": "89320",
    "dept": "89",
    "region": ""
  },
  {
    "name": "VILLECIEN",
    "cp": "89300",
    "dept": "89",
    "region": ""
  },
  {
    "name": "VILLEFARGEAU",
    "cp": "89240",
    "dept": "89",
    "region": ""
  },
  {
    "name": "VILLEMANOCHE",
    "cp": "89140",
    "dept": "89",
    "region": ""
  },
  {
    "name": "VILLENAVOTTE",
    "cp": "89140",
    "dept": "89",
    "region": ""
  },
  {
    "name": "VILLENEUVE L ARCHEVEQUE",
    "cp": "89190",
    "dept": "89",
    "region": ""
  },
  {
    "name": "VILLENEUVE LA DONDAGRE",
    "cp": "89150",
    "dept": "89",
    "region": ""
  },
  {
    "name": "VILLENEUVE LA GUYARD",
    "cp": "89340",
    "dept": "89",
    "region": ""
  },
  {
    "name": "VILLENEUVE LES GENETS",
    "cp": "89350",
    "dept": "89",
    "region": ""
  },
  {
    "name": "VILLENEUVE ST SALVES",
    "cp": "89230",
    "dept": "89",
    "region": ""
  },
  {
    "name": "VILLENEUVE SUR YONNE",
    "cp": "89500",
    "dept": "89",
    "region": ""
  },
  {
    "name": "VILLEPERROT",
    "cp": "89140",
    "dept": "89",
    "region": ""
  },
  {
    "name": "VILLEROY",
    "cp": "89100",
    "dept": "89",
    "region": ""
  },
  {
    "name": "VILLETHIERRY",
    "cp": "89140",
    "dept": "89",
    "region": ""
  },
  {
    "name": "VILLEVALLIER",
    "cp": "89330",
    "dept": "89",
    "region": ""
  },
  {
    "name": "VILLIERS LES HAUTS",
    "cp": "89160",
    "dept": "89",
    "region": ""
  },
  {
    "name": "VILLIERS LOUIS",
    "cp": "89320",
    "dept": "89",
    "region": ""
  },
  {
    "name": "VILLIERS ST BENOIT",
    "cp": "89130",
    "dept": "89",
    "region": ""
  },
  {
    "name": "VILLIERS VINEUX",
    "cp": "89360",
    "dept": "89",
    "region": ""
  },
  {
    "name": "VILLON",
    "cp": "89740",
    "dept": "89",
    "region": ""
  },
  {
    "name": "VILLY",
    "cp": "89800",
    "dept": "89",
    "region": ""
  },
  {
    "name": "VINCELLES",
    "cp": "89290",
    "dept": "89",
    "region": ""
  },
  {
    "name": "VINCELOTTES",
    "cp": "89290",
    "dept": "89",
    "region": ""
  },
  {
    "name": "VINNEUF",
    "cp": "89140",
    "dept": "89",
    "region": ""
  },
  {
    "name": "VIREAUX",
    "cp": "89160",
    "dept": "89",
    "region": ""
  },
  {
    "name": "VIVIERS",
    "cp": "89700",
    "dept": "89",
    "region": ""
  },
  {
    "name": "VOISINES",
    "cp": "89260",
    "dept": "89",
    "region": ""
  },
  {
    "name": "VOUTENAY SUR CURE",
    "cp": "89270",
    "dept": "89",
    "region": ""
  },
  {
    "name": "YROUERRE",
    "cp": "89700",
    "dept": "89",
    "region": ""
  }
]