{
  "Accons": "07160",
  "Ailhon": "07200",
  "Aizac": "07530",
  "Ajoux": "07000",
  "Alba-la-Romaine": "07400",
  "Albon-d'Ardèche": "07190",
  "Alboussière": "07440",
  "Alissas": "07210",
  "Andance": "07340",
  "Annonay": "07100",
  "Arcens": "07310",
  "Ardoix": "07290",
  "Arlebosc": "07410",
  "Arras-sur-Rhône": "07370",
  "Astet": "07330",
  "Aubenas": "07200",
  "Aubignas": "07400",
  "Baix": "07210",
  "Balazuc": "07120",
  "Banne": "07460",
  "Barnas": "07330",
  "Beauchastel": "07800",
  "Beaulieu": "07460",
  "Beaumont": "07110",
  "Beauvène": "07190",
  "Belsentes": "07160",
  "Berrias-et-Casteljau": "07460",
  "Berzème": "07580",
  "Bessas": "07150",
  "Bidon": "07700",
  "Boffres": "07440",
  "Bogy": "07340",
  "Borne": "07590",
  "Borée": "07310",
  "Boucieu-le-Roi": "07270",
  "Boulieu-lès-Annonay": "07100",
  "Bourg-Saint-Andéol": "07700",
  "Bozas": "07410",
  "Brossainc": "07340",
  "Burzet": "07450",
  "Cellier-du-Luc": "07590",
  "Chalencon": "07240",
  "Chambonas": "07140",
  "Champagne": "07340",
  "Champis": "07440",
  "Chandolas": "07230",
  "Chanéac": "07310",
  "Charmes-sur-Rhône": "07800",
  "Charnas": "07340",
  "Chassiers": "07110",
  "Chauzon": "07120",
  "Chazeaux": "07110",
  "Cheminas": "07300",
  "Chirols": "07380",
  "Chomérac": "07210",
  "Châteaubourg": "07130",
  "Châteauneuf-de-Vernoux": "07240",
  "Colombier-le-Cardinal": "07430",
  "Colombier-le-Jeune": "07270",
  "Colombier-le-Vieux": "07410",
  "Cornas": "07130",
  "Coucouron": "07470",
  "Coux": "07000",
  "Creysseilles": "07000",
  "Cros-de-Géorand": "07510",
  "Cruas": "07350",
  "Darbres": "07170",
  "Davézieux": "07430",
  "Devesset": "07320",
  "Dompnac": "07260",
  "Dornas": "07160",
  "Dunière-sur-Eyrieux": "07360",
  "Désaignes": "07570",
  "Eclassan": "07370",
  "Empurany": "07270",
  "Fabras": "07380",
  "Faugères": "07230",
  "Flaviac": "07000",
  "Fons": "07200",
  "Freyssenet": "07000",
  "Félines": "07340",
  "Genestelle": "07530",
  "Gilhac-et-Bruzac": "07800",
  "Gilhoc-sur-Ormèze": "07270",
  "Gluiras": "07190",
  "Glun": "07300",
  "Gourdon": "07000",
  "Gras": "07700",
  "Gravières": "07140",
  "Grospierres": "07120",
  "Guilherand-Granges": "07500",
  "Issamoulenc": "07190",
  "Issanlas": "07660",
  "Issarlès": "07470",
  "Jaujac": "07380",
  "Jaunac": "07160",
  "Joannas": "07110",
  "Joyeuse": "07260",
  "Juvinas": "07600",
  "La Rochette": "07310",
  "La Souche": "07380",
  "La Voulte-sur-Rhône": "07800",
  "Labastide-de-Virac": "07150",
  "Labastide-sur-Bésorgues": "07600",
  "Labatie-d'Andaure": "07570",
  "Labeaume": "07120",
  "Lablachère": "07230",
  "Laboule": "07110",
  "Labégude": "07200",
  "Lachamp-Raphaël": "07530",
  "Lachapelle-Graillouse": "07470",
  "Lachapelle-sous-Aubenas": "07200",
  "Lachapelle-sous-Chanéac": "07310",
  "Lafarre": "07520",
  "Lagorce": "07150",
  "Lalevade-d'Ardèche": "07380",
  "Lalouvesc": "07520",
  "Lamastre": "07270",
  "Lanarce": "07660",
  "Lanas": "07200",
  "Largentière": "07110",
  "Larnas": "07220",
  "Laurac-en-Vivarais": "07110",
  "Laveyrune": "48250",
  "Lavillatte": "07660",
  "Lavilledieu": "07170",
  "Laviolle": "07530",
  "Le Béage": "07630",
  "Le Chambon": "07160",
  "Le Cheylard": "07160",
  "Le Crestet": "07270",
  "Le Lac-d'Issarlès": "07470",
  "Le Plagnal": "07590",
  "Le Pouzin": "07250",
  "Le Roux": "07560",
  "Le Teil": "07400",
  "Lemps": "07610",
  "Lentillères": "07200",
  "Les Assions": "07140",
  "Les Ollières-sur-Eyrieux": "07360",
  "Les Salelles": "07140",
  "Les Vans": "07140",
  "Lespéron": "07660",
  "Limony": "07340",
  "Loubaresse": "07110",
  "Lussas": "07170",
  "Lyas": "07000",
  "Malarce-sur-la-Thines": "07140",
  "Malbosc": "07140",
  "Marcols-les-Eaux": "07190",
  "Mariac": "07160",
  "Mars": "07320",
  "Mauves": "07300",
  "Mayres": "07330",
  "Mazan-l'Abbaye": "07510",
  "Mercuer": "07200",
  "Meyras": "07380",
  "Meysse": "07400",
  "Mirabel": "07170",
  "Monestier": "07690",
  "Montpezat-sous-Bauzon": "07560",
  "Montréal": "07110",
  "Montselgues": "07140",
  "Mézilhac": "07530",
  "Nozières": "07270",
  "Orgnac-l'Aven": "07150",
  "Ozon": "07370",
  "Pailharès": "07410",
  "Payzac": "07230",
  "Peaugres": "07340",
  "Peyraud": "07340",
  "Planzolles": "07230",
  "Plats": "07300",
  "Pont-de-Labeaume": "07380",
  "Pourchères": "07000",
  "Prades": "07380",
  "Pradons": "07120",
  "Pranles": "07000",
  "Privas": "07000",
  "Prunet": "07110",
  "Préaux": "07290",
  "Péreyres": "07450",
  "Quintenas": "07290",
  "Ribes": "07260",
  "Rochecolombe": "07200",
  "Rochemaure": "07400",
  "Rochepaule": "07320",
  "Rocher": "07110",
  "Rochessauve": "07210",
  "Rocles": "07110",
  "Roiffieux": "07100",
  "Rompon": "07250",
  "Rosières": "07260",
  "Ruoms": "07120",
  "Sablières": "07260",
  "Sagnes-et-Goudoulet": "07450",
  "Saint-Agrève": "07320",
  "Saint-Alban-Auriolles": "07120",
  "Saint-Alban-d'Ay": "07790",
  "Saint-Alban-en-Montagne": "07590",
  "Saint-André-Lachamp": "07230",
  "Saint-André-de-Cruzières": "07460",
  "Saint-André-en-Vivarais": "07690",
  "Saint-Andéol-de-Berg": "07170",
  "Saint-Andéol-de-Fourchades": "07160",
  "Saint-Andéol-de-Vals": "07600",
  "Saint-Apollinaire-de-Rias": "07240",
  "Saint-Barthélemy-Grozon": "07270",
  "Saint-Barthélemy-le-Meil": "07160",
  "Saint-Barthélemy-le-Plain": "07300",
  "Saint-Basile": "07270",
  "Saint-Bauzile": "07210",
  "Saint-Christol": "07160",
  "Saint-Cierge-la-Serre": "07800",
  "Saint-Cierge-sous-le-Cheylard": "07160",
  "Saint-Cirgues-de-Prades": "07380",
  "Saint-Cirgues-en-Montagne": "07510",
  "Saint-Clair": "07430",
  "Saint-Clément": "07310",
  "Saint-Cyr": "07430",
  "Saint-Didier-sous-Aubenas": "07200",
  "Saint-Désirat": "07340",
  "Saint-Fortunat-sur-Eyrieux": "07360",
  "Saint-Félicien": "07410",
  "Saint-Genest-Lachamp": "07160",
  "Saint-Genest-de-Beauzon": "07230",
  "Saint-Georges-les-Bains": "07800",
  "Saint-Germain": "07170",
  "Saint-Gineys-en-Coiron": "07580",
  "Saint-Jacques-d'Atticieux": "07340",
  "Saint-Jean-Chambre": "07240",
  "Saint-Jean-Roure": "07160",
  "Saint-Jean-de-Muzols": "07300",
  "Saint-Jean-le-Centenier": "07580",
  "Saint-Jeure-d'Andaure": "07320",
  "Saint-Jeure-d'Ay": "07290",
  "Saint-Joseph-des-Bancs": "07530",
  "Saint-Julien-Vocance": "07690",
  "Saint-Julien-d'Intres": "07310",
  "Saint-Julien-du-Gua": "07190",
  "Saint-Julien-du-Serre": "07200",
  "Saint-Julien-en-Saint-Alban": "07000",
  "Saint-Julien-le-Roux": "07240",
  "Saint-Just-d'Ardèche": "07700",
  "Saint-Lager-Bressac": "07210",
  "Saint-Laurent-du-Pape": "07800",
  "Saint-Laurent-les-Bains-Laval-d'Aurelle": "07590",
  "Saint-Laurent-sous-Coiron": "07170",
  "Saint-Marcel-d'Ardèche": "07700",
  "Saint-Marcel-lès-Annonay": "07100",
  "Saint-Martial": "07310",
  "Saint-Martin-d'Ardèche": "07700",
  "Saint-Martin-de-Valamas": "07310",
  "Saint-Martin-sur-Lavezon": "07400",
  "Saint-Maurice-d'Ardèche": "07200",
  "Saint-Maurice-d'Ibie": "07170",
  "Saint-Maurice-en-Chalencon": "07190",
  "Saint-Michel-d'Aurance": "07160",
  "Saint-Michel-de-Boulogne": "07200",
  "Saint-Michel-de-Chabrillanoux": "07360",
  "Saint-Montan": "07220",
  "Saint-Mélany": "07260",
  "Saint-Paul-le-Jeune": "07460",
  "Saint-Pierre-Saint-Jean": "07140",
  "Saint-Pierre-de-Colombier": "07450",
  "Saint-Pierre-la-Roche": "07400",
  "Saint-Pierre-sur-Doux": "07520",
  "Saint-Pierreville": "07190",
  "Saint-Pons": "07580",
  "Saint-Priest": "07000",
  "Saint-Privat": "07200",
  "Saint-Prix": "07270",
  "Saint-Péray": "07130",
  "Saint-Remèze": "07700",
  "Saint-Romain-d'Ay": "07290",
  "Saint-Romain-de-Lerps": "07130",
  "Saint-Sauveur-de-Cruzières": "07460",
  "Saint-Sauveur-de-Montagut": "07190",
  "Saint-Sernin": "07200",
  "Saint-Sylvestre": "07440",
  "Saint-Symphorien-de-Mahun": "07290",
  "Saint-Symphorien-sous-Chomérac": "07210",
  "Saint-Thomé": "07220",
  "Saint-Victor": "07410",
  "Saint-Vincent-de-Barrès": "07210",
  "Saint-Vincent-de-Durfort": "07360",
  "Saint-Étienne-de-Boulogne": "07200",
  "Saint-Étienne-de-Fontbellon": "07200",
  "Saint-Étienne-de-Lugdarès": "07590",
  "Saint-Étienne-de-Serre": "07190",
  "Saint-Étienne-de-Valoux": "07340",
  "Sainte-Eulalie": "07510",
  "Sainte-Marguerite-Lafigère": "07140",
  "Salavas": "07150",
  "Sampzon": "07120",
  "Sanilhac": "07110",
  "Sarras": "07370",
  "Satillieu": "07290",
  "Savas": "07430",
  "Sceautres": "07400",
  "Serrières": "07340",
  "Silhac": "07240",
  "Soyons": "07130",
  "Sécheras": "07610",
  "Talencieux": "07340",
  "Tauriers": "07110",
  "Thorrenc": "07340",
  "Thueyts": "07330",
  "Toulaud": "07130",
  "Tournon-sur-Rhône": "07300",
  "Ucel": "07200",
  "Usclades-et-Rieutord": "07510",
  "Uzer": "07110",
  "Vagnas": "07150",
  "Valgorge": "07110",
  "Vallon-Pont-d'Arc": "07150",
  "Vallées-d'Antraigues-Asperjoc": "07530",
  "Vals-les-Bains": "07600",
  "Valvignères": "07400",
  "Vanosc": "07690",
  "Vaudevant": "07410",
  "Vernon": "07260",
  "Vernosc-lès-Annonay": "07430",
  "Vernoux-en-Vivarais": "07240",
  "Vesseaux": "07200",
  "Veyras": "07000",
  "Villeneuve-de-Berg": "07170",
  "Villevocance": "07690",
  "Vinezac": "07110",
  "Vinzieux": "07340",
  "Vion": "07610",
  "Viviers": "07220",
  "Vocance": "07690",
  "Vogüé": "07200",
  "Étables": "07300"
}