{
  "Aiglun": "04510",
  "Allemagne-en-Provence": "04500",
  "Allons": "04170",
  "Allos": "04260",
  "Angles": "04170",
  "Annot": "04240",
  "Archail": "04420",
  "Aubenas-les-Alpes": "04110",
  "Aubignosc": "04200",
  "Authon": "04200",
  "Auzet": "04140",
  "Banon": "04150",
  "Barcelonnette": "04400",
  "Barles": "04140",
  "Barras": "04380",
  "Barrême": "04330",
  "Bayons": "04250",
  "Beaujeu": "04420",
  "Beauvezer": "04370",
  "Bellaffaire": "04250",
  "Bevons": "04200",
  "Beynes": "04270",
  "Blieux": "04330",
  "Bras-d'Asse": "04270",
  "Braux": "04240",
  "Brunet": "04210",
  "Castellane": "04120",
  "Castellet-lès-Sausses": "04320",
  "Champtercier": "04660",
  "Chaudon-Norante": "04330",
  "Château-Arnoux-Saint-Auban": "04160",
  "Châteaufort": "04250",
  "Châteauneuf-Miravail": "04200",
  "Châteauneuf-Val-Saint-Donat": "04200",
  "Châteauredon": "04270",
  "Clamensane": "04250",
  "Claret": "05110",
  "Clumanc": "04330",
  "Colmars": "04370",
  "Corbières-en-Provence": "04220",
  "Cruis": "04230",
  "Curbans": "05110",
  "Curel": "04200",
  "Céreste-en-Luberon": "04280",
  "Dauphin": "04300",
  "Demandolx": "04120",
  "Digne-les-Bains": "04000",
  "Draix": "04420",
  "Enchastrayes": "04400",
  "Entrages": "04270",
  "Entrepierres": "04200",
  "Entrevaux": "04320",
  "Entrevennes": "04700",
  "Esparron-de-Verdon": "04800",
  "Estoublon": "04270",
  "Faucon-de-Barcelonnette": "04400",
  "Faucon-du-Caire": "04250",
  "Fontienne": "04230",
  "Forcalquier": "04300",
  "Ganagobie": "04310",
  "Gigors": "04250",
  "Gréoux-les-Bains": "04800",
  "Hautes-Duyes": "04380",
  "Jausiers": "04850",
  "L'Escale": "04160",
  "L'Hospitalet": "04150",
  "La Brillanne": "04700",
  "La Condamine-Châtelard": "04530",
  "La Garde": "04120",
  "La Javie": "04000",
  "La Motte-du-Caire": "04250",
  "La Mure-Argens": "04170",
  "La Palud-sur-Verdon": "04120",
  "La Robine-sur-Galabre": "04000",
  "La Rochegiron": "04150",
  "La Rochette": "06260",
  "Lambruisse": "04170",
  "Lardiers": "04230",
  "Le Brusquet": "04420",
  "Le Caire": "04250",
  "Le Castellard-Mélan": "04380",
  "Le Castellet": "04700",
  "Le Chaffaut-Saint-Jurson": "04510",
  "Le Fugeret": "04240",
  "Le Lauzet-Ubaye": "04340",
  "Le Vernet": "04140",
  "Les Mées": "04190",
  "Les Omergues": "04200",
  "Les Thuiles": "04400",
  "Limans": "04300",
  "Lurs": "04700",
  "Majastres": "04270",
  "Malijai": "04350",
  "Mallefougasse-Augès": "04230",
  "Mallemoisson": "04510",
  "Mane": "04300",
  "Manosque": "04100",
  "Marcoux": "04420",
  "Melve": "04250",
  "Mirabeau": "04510",
  "Mison": "04200",
  "Montagnac-Montpezat": "04500",
  "Montclar": "04140",
  "Montfort": "04600",
  "Montfuron": "04110",
  "Montjustin": "04110",
  "Montlaux": "04230",
  "Montsalier": "04150",
  "Moriez": "04170",
  "Moustiers-Sainte-Marie": "04360",
  "Méailles": "04240",
  "Méolans-Revel": "04340",
  "Mézel": "04270",
  "Nibles": "04250",
  "Niozelles": "04300",
  "Noyers-sur-Jabron": "04200",
  "Ongles": "04230",
  "Oppedette": "04110",
  "Oraison": "04700",
  "Peipin": "04200",
  "Peyroules": "04120",
  "Peyruis": "04310",
  "Pierrerue": "04300",
  "Pierrevert": "04860",
  "Piégut": "05130",
  "Pontis": "05160",
  "Prads-Haute-Bléone": "04420",
  "Puimichel": "04700",
  "Puimoisson": "04410",
  "Quinson": "04500",
  "Redortiers": "04150",
  "Reillanne": "04110",
  "Revest-Saint-Martin": "04230",
  "Revest-des-Brousses": "04150",
  "Revest-du-Bion": "04150",
  "Riez": "04500",
  "Rougon": "04120",
  "Roumoules": "04500",
  "Saint-André-les-Alpes": "04170",
  "Saint-Benoît": "04240",
  "Saint-Geniez": "04200",
  "Saint-Jacques": "04330",
  "Saint-Jeannet": "04270",
  "Saint-Julien-d'Asse": "04270",
  "Saint-Julien-du-Verdon": "04170",
  "Saint-Jurs": "04410",
  "Saint-Laurent-du-Verdon": "04500",
  "Saint-Lions": "04330",
  "Saint-Maime": "04300",
  "Saint-Martin-de-Brômes": "04800",
  "Saint-Martin-les-Eaux": "04300",
  "Saint-Martin-lès-Seyne": "04140",
  "Saint-Michel-l'Observatoire": "04870",
  "Saint-Paul-sur-Ubaye": "04530",
  "Saint-Pierre": "06260",
  "Saint-Pons": "04400",
  "Saint-Vincent-sur-Jabron": "04200",
  "Saint-Étienne-les-Orgues": "04230",
  "Sainte-Croix-du-Verdon": "04500",
  "Sainte-Croix-à-Lauze": "04110",
  "Sainte-Tulle": "04220",
  "Salignac": "04290",
  "Saumane": "04150",
  "Sausses": "04320",
  "Selonnet": "04140",
  "Senez": "04330",
  "Seyne": "04140",
  "Sigonce": "04300",
  "Sigoyer": "04200",
  "Simiane-la-Rotonde": "04150",
  "Sisteron": "04200",
  "Soleilhas": "04120",
  "Sourribes": "04290",
  "Tartonne": "04330",
  "Thoard": "04380",
  "Thorame-Basse": "04170",
  "Thorame-Haute": "04170",
  "Thèze": "04200",
  "Turriers": "04250",
  "Ubaye-Serre-Ponçon": "04340",
  "Ubraye": "04240",
  "Uvernet-Fours": "04400",
  "Vachères": "04110",
  "Val d'Oronaye": "04530",
  "Val-de-Chalvagne": "04320",
  "Valavoire": "04250",
  "Valbelle": "04200",
  "Valensole": "04210",
  "Valernes": "04200",
  "Vaumeilh": "04200",
  "Venterol": "05130",
  "Verdaches": "04140",
  "Vergons": "04170",
  "Villars-Colmars": "04370",
  "Villemus": "04110",
  "Villeneuve": "04180",
  "Volonne": "04290",
  "Volx": "04130"
}