{
  "Aizenay": "85190",
  "Angles": "85750",
  "Antigny": "85120",
  "Apremont": "85220",
  "Aubigny-Les Clouzeaux": "85430",
  "Auchay-sur-Vendée": "85200",
  "Avrillé": "85440",
  "Barbâtre": "85630",
  "Bazoges-en-Paillers": "85130",
  "Bazoges-en-Pareds": "85390",
  "Beaufou": "85170",
  "Beaulieu-sous-la-Roche": "85190",
  "Beaurepaire": "85500",
  "Beauvoir-sur-Mer": "85230",
  "Bellevigny": "85170",
  "Benet": "85490",
  "Bessay": "85320",
  "Bois-de-Céné": "85710",
  "Bouillé-Courdault": "85420",
  "Bouin": "85230",
  "Bourneau": "85200",
  "Bournezeau": "85480",
  "Brem-sur-Mer": "85470",
  "Bretignolles-sur-Mer": "85470",
  "Chaillé-les-Marais": "85450",
  "Challans": "85300",
  "Champagné-les-Marais": "85450",
  "Chantonnay": "85110",
  "Chanverrie": "85130",
  "Chasnais": "85400",
  "Chauché": "85140",
  "Chavagnes-en-Paillers": "85250",
  "Chavagnes-les-Redoux": "85390",
  "Cheffois": "85390",
  "Château-Guibert": "85320",
  "Châteauneuf": "85710",
  "Commequiers": "85220",
  "Corpe": "85320",
  "Coëx": "85220",
  "Cugand": "85610",
  "Curzon": "85540",
  "Damvix": "85420",
  "Doix lès Fontaines": "85200",
  "Dompierre-sur-Yon": "85170",
  "Essarts-en-Bocage": "85140",
  "Falleron": "85670",
  "Faymoreau": "85240",
  "Fontenay-le-Comte": "85200",
  "Fougeré": "85480",
  "Foussais-Payré": "85240",
  "Froidfond": "85300",
  "Givrand": "85800",
  "Grand'Landes": "85670",
  "Grosbreuil": "85440",
  "Grues": "85580",
  "Jard-sur-Mer": "85520",
  "L'Aiguillon-la-Presqu'île": "85460",
  "L'Aiguillon-sur-Vie": "85220",
  "L'Herbergement": "85260",
  "L'Hermenault": "85570",
  "L'Orbrie": "85200",
  "L'Épine": "85740",
  "L'Île-d'Elle": "85770",
  "L'Île-d'Olonne": "85340",
  "L'Île-d'Yeu": "85350",
  "La Barre-de-Monts": "85550",
  "La Bernardière": "85610",
  "La Boissière-de-Montaigu": "85600",
  "La Boissière-des-Landes": "85430",
  "La Bretonnière-la-Claye": "85320",
  "La Bruffière": "85530",
  "La Caillère-Saint-Hilaire": "85410",
  "La Chaize-Giraud": "85220",
  "La Chaize-le-Vicomte": "85310",
  "La Chapelle-Hermier": "85220",
  "La Chapelle-Palluau": "85670",
  "La Chapelle-Thémer": "85210",
  "La Châtaigneraie": "85120",
  "La Copechagnière": "85260",
  "La Couture": "85320",
  "La Ferrière": "85280",
  "La Garnache": "85710",
  "La Gaubretière": "85130",
  "La Genétouze": "85190",
  "La Guérinière": "85680",
  "La Jaudonnière": "85110",
  "La Jonchère": "85540",
  "La Meilleraie-Tillay": "85700",
  "La Merlatière": "85140",
  "La Rabatelière": "85250",
  "La Roche-sur-Yon": "85000",
  "La Réorthe": "85210",
  "La Taillée": "85450",
  "La Tranche-sur-Mer": "85360",
  "Lairoux": "85400",
  "Landeronde": "85150",
  "Landevieille": "85220",
  "Le Bernard": "85560",
  "Le Boupère": "85510",
  "Le Champ-Saint-Père": "85540",
  "Le Fenouiller": "85800",
  "Le Girouard": "85150",
  "Le Givre": "85540",
  "Le Gué-de-Velluire": "85770",
  "Le Langon": "85370",
  "Le Mazeau": "85420",
  "Le Perrier": "85300",
  "Le Poiré-sur-Vie": "85170",
  "Le Tablier": "85310",
  "Les Achards": "85150",
  "Les Brouzils": "85260",
  "Les Epesses": "85590",
  "Les Herbiers": "85500",
  "Les Landes-Genusson": "85130",
  "Les Lucs-sur-Boulogne": "85170",
  "Les Magnils-Reigniers": "85400",
  "Les Pineaux": "85320",
  "Les Sables-d'Olonne": "85180",
  "Les Velluire-sur-Vendée": "85770",
  "Liez": "85420",
  "Loge-Fougereuse": "85120",
  "Longeville-sur-Mer": "85560",
  "Longèves": "85200",
  "Luçon": "85400",
  "Maché": "85190",
  "Maillezais": "85420",
  "Maillé": "85420",
  "Mallièvre": "85590",
  "Mareuil-sur-Lay-Dissais": "85320",
  "Marillet": "85240",
  "Marsais-Sainte-Radégonde": "85570",
  "Martinet": "85150",
  "Menomblet": "85700",
  "Mervent": "85200",
  "Mesnard-la-Barotière": "85500",
  "Monsireigne": "85110",
  "Montaigu-Vendée": "85600",
  "Montournais": "85700",
  "Montreuil": "85200",
  "Montréverd": "85260",
  "Moreilles": "85450",
  "Mortagne-sur-Sèvre": "85290",
  "Mouchamps": "85640",
  "Mouilleron-Saint-Germain": "85390",
  "Mouilleron-le-Captif": "85000",
  "Moutiers-les-Mauxfaits": "85540",
  "Moutiers-sur-le-Lay": "85320",
  "Mouzeuil-Saint-Martin": "85370",
  "Nalliers": "85370",
  "Nesmy": "85310",
  "Nieul-le-Dolent": "85430",
  "Noirmoutier-en-l'Île": "85330",
  "Notre-Dame-de-Monts": "85690",
  "Notre-Dame-de-Riez": "85270",
  "Palluau": "85670",
  "Petosse": "85570",
  "Pissotte": "85200",
  "Poiroux": "85440",
  "Pouillé": "85570",
  "Pouzauges": "85700",
  "Puy-de-Serre": "85240",
  "Puyravault": "85450",
  "Péault": "85320",
  "Rives de l'Yon": "85310",
  "Rives-d'Autise": "85240",
  "Rives-du-Fougerais": "85410",
  "Rocheservière": "85620",
  "Rochetrejoux": "85510",
  "Rosnay": "85320",
  "Réaumur": "85700",
  "Saint-André-Goule-d'Oie": "85250",
  "Saint-Aubin-des-Ormeaux": "85130",
  "Saint-Aubin-la-Plaine": "85210",
  "Saint-Avaugourd-des-Landes": "85540",
  "Saint-Benoist-sur-Mer": "85540",
  "Saint-Christophe-du-Ligneron": "85670",
  "Saint-Cyr-des-Gâts": "85410",
  "Saint-Cyr-en-Talmondais": "85540",
  "Saint-Denis-du-Payré": "85580",
  "Saint-Denis-la-Chevasse": "85170",
  "Saint-Fulgent": "85250",
  "Saint-Georges-de-Pointindoux": "85150",
  "Saint-Germain-de-Prinçay": "85110",
  "Saint-Gervais": "85230",
  "Saint-Gilles-Croix-de-Vie": "85800",
  "Saint-Hilaire-de-Riez": "85270",
  "Saint-Hilaire-de-Voust": "85120",
  "Saint-Hilaire-des-Loges": "85240",
  "Saint-Hilaire-la-Forêt": "85440",
  "Saint-Hilaire-le-Vouhis": "85480",
  "Saint-Jean-de-Beugné": "85210",
  "Saint-Jean-de-Monts": "85160",
  "Saint-Juire-Champgillon": "85210",
  "Saint-Julien-des-Landes": "85150",
  "Saint-Laurent-de-la-Salle": "85410",
  "Saint-Laurent-sur-Sèvre": "85290",
  "Saint-Maixent-sur-Vie": "85220",
  "Saint-Malô-du-Bois": "85590",
  "Saint-Mars-la-Réorthe": "85590",
  "Saint-Martin-Lars-en-Sainte-Hermine": "85210",
  "Saint-Martin-de-Fraigneau": "85200",
  "Saint-Martin-des-Fontaines": "85570",
  "Saint-Martin-des-Noyers": "85140",
  "Saint-Martin-des-Tilleuls": "85130",
  "Saint-Mathurin": "85150",
  "Saint-Maurice-des-Noues": "85120",
  "Saint-Maurice-le-Girard": "85390",
  "Saint-Mesmin": "85700",
  "Saint-Michel-en-l'Herm": "85580",
  "Saint-Michel-le-Cloucq": "85200",
  "Saint-Paul-Mont-Penit": "85670",
  "Saint-Paul-en-Pareds": "85500",
  "Saint-Philbert-de-Bouaine": "85660",
  "Saint-Pierre-du-Chemin": "85120",
  "Saint-Pierre-le-Vieux": "85420",
  "Saint-Prouant": "85110",
  "Saint-Révérend": "85220",
  "Saint-Sigismond": "85420",
  "Saint-Urbain": "85230",
  "Saint-Valérien": "85570",
  "Saint-Vincent-Sterlanges": "85110",
  "Saint-Vincent-sur-Graon": "85540",
  "Saint-Vincent-sur-Jard": "85520",
  "Saint-Étienne-de-Brillouet": "85210",
  "Saint-Étienne-du-Bois": "85670",
  "Sainte-Cécile": "85110",
  "Sainte-Flaive-des-Loups": "85150",
  "Sainte-Foy": "85150",
  "Sainte-Gemme-la-Plaine": "85400",
  "Sainte-Hermine": "85210",
  "Sainte-Pexine": "85320",
  "Sainte-Radégonde-des-Noyers": "85450",
  "Sallertaine": "85300",
  "Sigournais": "85110",
  "Soullans": "85300",
  "Sèvremont": "85700",
  "Sérigné": "85200",
  "Tallud-Sainte-Gemme": "85390",
  "Talmont-Saint-Hilaire": "85440",
  "Terval": "85120",
  "Thiré": "85210",
  "Thorigny": "85480",
  "Tiffauges": "85130",
  "Treize-Septiers": "85600",
  "Treize-Vents": "85590",
  "Triaize": "85580",
  "Vairé": "85150",
  "Venansault": "85190",
  "Vendrennes": "85250",
  "Vix": "85770",
  "Vouillé-les-Marais": "85450",
  "Vouvant": "85120",
  "Xanton-Chassenon": "85240"
}