[
  {
    "name": "AGUTS",
    "cp": "81470",
    "dept": "81",
    "region": ""
  },
  {
    "name": "AIGUEFONDE",
    "cp": "81200",
    "dept": "81",
    "region": ""
  },
  {
    "name": "ALBAN",
    "cp": "81250",
    "dept": "81",
    "region": ""
  },
  {
    "name": "ALBI",
    "cp": "81000",
    "dept": "81",
    "region": ""
  },
  {
    "name": "ALBINE",
    "cp": "81240",
    "dept": "81",
    "region": ""
  },
  {
    "name": "ALGANS",
    "cp": "81470",
    "dept": "81",
    "region": ""
  },
  {
    "name": "ALMAYRAC",
    "cp": "81190",
    "dept": "81",
    "region": ""
  },
  {
    "name": "ALOS",
    "cp": "81140",
    "dept": "81",
    "region": ""
  },
  {
    "name": "AMARENS",
    "cp": "81170",
    "dept": "81",
    "region": ""
  },
  {
    "name": "AMBIALET",
    "cp": "81430",
    "dept": "81",
    "region": ""
  },
  {
    "name": "AMBRES",
    "cp": "81500",
    "dept": "81",
    "region": ""
  },
  {
    "name": "ANDILLAC",
    "cp": "81140",
    "dept": "81",
    "region": ""
  },
  {
    "name": "ANDOUQUE",
    "cp": "81350",
    "dept": "81",
    "region": ""
  },
  {
    "name": "ANGLES",
    "cp": "81260",
    "dept": "81",
    "region": ""
  },
  {
    "name": "APPELLE",
    "cp": "81700",
    "dept": "81",
    "region": ""
  },
  {
    "name": "ARFONS",
    "cp": "81110",
    "dept": "81",
    "region": ""
  },
  {
    "name": "ARIFAT",
    "cp": "81360",
    "dept": "81",
    "region": ""
  },
  {
    "name": "ARTHES",
    "cp": "81160",
    "dept": "81",
    "region": ""
  },
  {
    "name": "ASSAC",
    "cp": "81340",
    "dept": "81",
    "region": ""
  },
  {
    "name": "AUSSAC",
    "cp": "81600",
    "dept": "81",
    "region": ""
  },
  {
    "name": "AUSSILLON",
    "cp": "81200",
    "dept": "81",
    "region": ""
  },
  {
    "name": "BANNIERES",
    "cp": "81500",
    "dept": "81",
    "region": ""
  },
  {
    "name": "BARRE",
    "cp": "81320",
    "dept": "81",
    "region": ""
  },
  {
    "name": "BEAUVAIS SUR TESCOU",
    "cp": "81630",
    "dept": "81",
    "region": ""
  },
  {
    "name": "BELCASTEL",
    "cp": "81500",
    "dept": "81",
    "region": ""
  },
  {
    "name": "BELLEGARDE MARSAL",
    "cp": "81430",
    "dept": "81",
    "region": ""
  },
  {
    "name": "BELLEGARDE MARSAL",
    "cp": "81430",
    "dept": "81",
    "region": ""
  },
  {
    "name": "BELLESERRE",
    "cp": "81540",
    "dept": "81",
    "region": ""
  },
  {
    "name": "BERLATS",
    "cp": "81260",
    "dept": "81",
    "region": ""
  },
  {
    "name": "BERNAC",
    "cp": "81150",
    "dept": "81",
    "region": ""
  },
  {
    "name": "BERTRE",
    "cp": "81700",
    "dept": "81",
    "region": ""
  },
  {
    "name": "BLAN",
    "cp": "81700",
    "dept": "81",
    "region": ""
  },
  {
    "name": "BLAYE LES MINES",
    "cp": "81400",
    "dept": "81",
    "region": ""
  },
  {
    "name": "BOISSEZON",
    "cp": "81490",
    "dept": "81",
    "region": ""
  },
  {
    "name": "BOURNAZEL",
    "cp": "81170",
    "dept": "81",
    "region": ""
  },
  {
    "name": "BOUT DU PONT DE LARN",
    "cp": "81660",
    "dept": "81",
    "region": ""
  },
  {
    "name": "BRASSAC",
    "cp": "81260",
    "dept": "81",
    "region": ""
  },
  {
    "name": "BRENS",
    "cp": "81600",
    "dept": "81",
    "region": ""
  },
  {
    "name": "BRIATEXTE",
    "cp": "81390",
    "dept": "81",
    "region": ""
  },
  {
    "name": "BROUSSE",
    "cp": "81440",
    "dept": "81",
    "region": ""
  },
  {
    "name": "BROZE",
    "cp": "81600",
    "dept": "81",
    "region": ""
  },
  {
    "name": "BURLATS",
    "cp": "81100",
    "dept": "81",
    "region": ""
  },
  {
    "name": "BUSQUE",
    "cp": "81300",
    "dept": "81",
    "region": ""
  },
  {
    "name": "CABANES",
    "cp": "81500",
    "dept": "81",
    "region": ""
  },
  {
    "name": "CADALEN",
    "cp": "81600",
    "dept": "81",
    "region": ""
  },
  {
    "name": "CADIX",
    "cp": "81340",
    "dept": "81",
    "region": ""
  },
  {
    "name": "CAGNAC LES MINES",
    "cp": "81130",
    "dept": "81",
    "region": ""
  },
  {
    "name": "CAHUZAC",
    "cp": "81540",
    "dept": "81",
    "region": ""
  },
  {
    "name": "CAHUZAC SUR VERE",
    "cp": "81140",
    "dept": "81",
    "region": ""
  },
  {
    "name": "CAMBON",
    "cp": "81990",
    "dept": "81",
    "region": ""
  },
  {
    "name": "CAMBON LES LAVAUR",
    "cp": "81470",
    "dept": "81",
    "region": ""
  },
  {
    "name": "CAMBOUNES",
    "cp": "81260",
    "dept": "81",
    "region": ""
  },
  {
    "name": "CAMBOUNET SUR LE SOR",
    "cp": "81580",
    "dept": "81",
    "region": ""
  },
  {
    "name": "CAMPAGNAC",
    "cp": "81140",
    "dept": "81",
    "region": ""
  },
  {
    "name": "CARBES",
    "cp": "81570",
    "dept": "81",
    "region": ""
  },
  {
    "name": "CARLUS",
    "cp": "81990",
    "dept": "81",
    "region": ""
  },
  {
    "name": "CARMAUX",
    "cp": "81400",
    "dept": "81",
    "region": ""
  },
  {
    "name": "CASTANET",
    "cp": "81150",
    "dept": "81",
    "region": ""
  },
  {
    "name": "CASTELNAU DE LEVIS",
    "cp": "81150",
    "dept": "81",
    "region": ""
  },
  {
    "name": "CASTELNAU DE MONTMIRAL",
    "cp": "81140",
    "dept": "81",
    "region": ""
  },
  {
    "name": "CASTRES",
    "cp": "81100",
    "dept": "81",
    "region": ""
  },
  {
    "name": "CAUCALIERES",
    "cp": "81200",
    "dept": "81",
    "region": ""
  },
  {
    "name": "CESTAYROLS",
    "cp": "81150",
    "dept": "81",
    "region": ""
  },
  {
    "name": "COMBEFA",
    "cp": "81640",
    "dept": "81",
    "region": ""
  },
  {
    "name": "CORDES SUR CIEL",
    "cp": "81170",
    "dept": "81",
    "region": ""
  },
  {
    "name": "COUFOULEUX",
    "cp": "81800",
    "dept": "81",
    "region": ""
  },
  {
    "name": "COURRIS",
    "cp": "81340",
    "dept": "81",
    "region": ""
  },
  {
    "name": "CRESPIN",
    "cp": "81350",
    "dept": "81",
    "region": ""
  },
  {
    "name": "CRESPINET",
    "cp": "81350",
    "dept": "81",
    "region": ""
  },
  {
    "name": "CUNAC",
    "cp": "81990",
    "dept": "81",
    "region": ""
  },
  {
    "name": "CUQ",
    "cp": "81570",
    "dept": "81",
    "region": ""
  },
  {
    "name": "CUQ TOULZA",
    "cp": "81470",
    "dept": "81",
    "region": ""
  },
  {
    "name": "CURVALLE",
    "cp": "81250",
    "dept": "81",
    "region": ""
  },
  {
    "name": "DAMIATTE",
    "cp": "81220",
    "dept": "81",
    "region": ""
  },
  {
    "name": "DENAT",
    "cp": "81120",
    "dept": "81",
    "region": ""
  },
  {
    "name": "DONNAZAC",
    "cp": "81170",
    "dept": "81",
    "region": ""
  },
  {
    "name": "DOURGNE",
    "cp": "81110",
    "dept": "81",
    "region": ""
  },
  {
    "name": "DURFORT",
    "cp": "81540",
    "dept": "81",
    "region": ""
  },
  {
    "name": "ESCOUSSENS",
    "cp": "81290",
    "dept": "81",
    "region": ""
  },
  {
    "name": "ESPERAUSSES",
    "cp": "81260",
    "dept": "81",
    "region": ""
  },
  {
    "name": "FAUCH",
    "cp": "81120",
    "dept": "81",
    "region": ""
  },
  {
    "name": "FAUSSERGUES",
    "cp": "81340",
    "dept": "81",
    "region": ""
  },
  {
    "name": "FAYSSAC",
    "cp": "81150",
    "dept": "81",
    "region": ""
  },
  {
    "name": "FENOLS",
    "cp": "81600",
    "dept": "81",
    "region": ""
  },
  {
    "name": "FIAC",
    "cp": "81500",
    "dept": "81",
    "region": ""
  },
  {
    "name": "FLORENTIN",
    "cp": "81150",
    "dept": "81",
    "region": ""
  },
  {
    "name": "FONTRIEU",
    "cp": "81260",
    "dept": "81",
    "region": ""
  },
  {
    "name": "FONTRIEU",
    "cp": "81260",
    "dept": "81",
    "region": ""
  },
  {
    "name": "FONTRIEU",
    "cp": "81260",
    "dept": "81",
    "region": ""
  },
  {
    "name": "FRAISSINES",
    "cp": "81340",
    "dept": "81",
    "region": ""
  },
  {
    "name": "FRAUSSEILLES",
    "cp": "81170",
    "dept": "81",
    "region": ""
  },
  {
    "name": "FREJAIROLLES",
    "cp": "81990",
    "dept": "81",
    "region": ""
  },
  {
    "name": "FREJEVILLE",
    "cp": "81570",
    "dept": "81",
    "region": ""
  },
  {
    "name": "GAILLAC",
    "cp": "81600",
    "dept": "81",
    "region": ""
  },
  {
    "name": "GARREVAQUES",
    "cp": "81700",
    "dept": "81",
    "region": ""
  },
  {
    "name": "GARRIGUES",
    "cp": "81500",
    "dept": "81",
    "region": ""
  },
  {
    "name": "GIJOUNET",
    "cp": "81530",
    "dept": "81",
    "region": ""
  },
  {
    "name": "GIROUSSENS",
    "cp": "81500",
    "dept": "81",
    "region": ""
  },
  {
    "name": "GRAULHET",
    "cp": "81300",
    "dept": "81",
    "region": ""
  },
  {
    "name": "GRAZAC",
    "cp": "81800",
    "dept": "81",
    "region": ""
  },
  {
    "name": "GUITALENS L ALBAREDE",
    "cp": "81220",
    "dept": "81",
    "region": ""
  },
  {
    "name": "GUITALENS L ALBAREDE",
    "cp": "81220",
    "dept": "81",
    "region": ""
  },
  {
    "name": "ITZAC",
    "cp": "81170",
    "dept": "81",
    "region": ""
  },
  {
    "name": "JONQUIERES",
    "cp": "81440",
    "dept": "81",
    "region": ""
  },
  {
    "name": "JOUQUEVIEL",
    "cp": "81190",
    "dept": "81",
    "region": ""
  },
  {
    "name": "LA SAUZIERE ST JEAN",
    "cp": "81630",
    "dept": "81",
    "region": ""
  },
  {
    "name": "LABARTHE BLEYS",
    "cp": "81170",
    "dept": "81",
    "region": ""
  },
  {
    "name": "LABASTIDE DE LEVIS",
    "cp": "81150",
    "dept": "81",
    "region": ""
  },
  {
    "name": "LABASTIDE GABAUSSE",
    "cp": "81400",
    "dept": "81",
    "region": ""
  },
  {
    "name": "LABASTIDE ROUAIROUX",
    "cp": "81270",
    "dept": "81",
    "region": ""
  },
  {
    "name": "LABASTIDE ST GEORGES",
    "cp": "81500",
    "dept": "81",
    "region": ""
  },
  {
    "name": "LABESSIERE CANDEIL",
    "cp": "81300",
    "dept": "81",
    "region": ""
  },
  {
    "name": "LABOULBENE",
    "cp": "81100",
    "dept": "81",
    "region": ""
  },
  {
    "name": "LABOUTARIE",
    "cp": "81120",
    "dept": "81",
    "region": ""
  },
  {
    "name": "LABRUGUIERE",
    "cp": "81290",
    "dept": "81",
    "region": ""
  },
  {
    "name": "LACABAREDE",
    "cp": "81240",
    "dept": "81",
    "region": ""
  },
  {
    "name": "LACAPELLE ESCROUX",
    "cp": "81530",
    "dept": "81",
    "region": ""
  },
  {
    "name": "LACAPELLE PINET",
    "cp": "81340",
    "dept": "81",
    "region": ""
  },
  {
    "name": "LACAPELLE SEGALAR",
    "cp": "81170",
    "dept": "81",
    "region": ""
  },
  {
    "name": "LACAUNE",
    "cp": "81230",
    "dept": "81",
    "region": ""
  },
  {
    "name": "LACAZE",
    "cp": "81330",
    "dept": "81",
    "region": ""
  },
  {
    "name": "LACOUGOTTE CADOUL",
    "cp": "81500",
    "dept": "81",
    "region": ""
  },
  {
    "name": "LACROISILLE",
    "cp": "81470",
    "dept": "81",
    "region": ""
  },
  {
    "name": "LACROUZETTE",
    "cp": "81210",
    "dept": "81",
    "region": ""
  },
  {
    "name": "LAGARDIOLLE",
    "cp": "81110",
    "dept": "81",
    "region": ""
  },
  {
    "name": "LAGARRIGUE",
    "cp": "81090",
    "dept": "81",
    "region": ""
  },
  {
    "name": "LAGRAVE",
    "cp": "81150",
    "dept": "81",
    "region": ""
  },
  {
    "name": "LAMILLARIE",
    "cp": "81120",
    "dept": "81",
    "region": ""
  },
  {
    "name": "LAMONTELARIE",
    "cp": "81260",
    "dept": "81",
    "region": ""
  },
  {
    "name": "LAPARROUQUIAL",
    "cp": "81640",
    "dept": "81",
    "region": ""
  },
  {
    "name": "LARROQUE",
    "cp": "81140",
    "dept": "81",
    "region": ""
  },
  {
    "name": "LASFAILLADES",
    "cp": "81260",
    "dept": "81",
    "region": ""
  },
  {
    "name": "LASGRAISSES",
    "cp": "81300",
    "dept": "81",
    "region": ""
  },
  {
    "name": "LAUTREC",
    "cp": "81440",
    "dept": "81",
    "region": ""
  },
  {
    "name": "LAVAUR",
    "cp": "81500",
    "dept": "81",
    "region": ""
  },
  {
    "name": "LE BEZ",
    "cp": "81260",
    "dept": "81",
    "region": ""
  },
  {
    "name": "LE DOURN",
    "cp": "81340",
    "dept": "81",
    "region": ""
  },
  {
    "name": "LE FRAYSSE",
    "cp": "81430",
    "dept": "81",
    "region": ""
  },
  {
    "name": "LE GARRIC",
    "cp": "81450",
    "dept": "81",
    "region": ""
  },
  {
    "name": "LE MASNAU MASSUGUIES",
    "cp": "81530",
    "dept": "81",
    "region": ""
  },
  {
    "name": "LE RIALET",
    "cp": "81240",
    "dept": "81",
    "region": ""
  },
  {
    "name": "LE RIOLS",
    "cp": "81170",
    "dept": "81",
    "region": ""
  },
  {
    "name": "LE SEGUR",
    "cp": "81640",
    "dept": "81",
    "region": ""
  },
  {
    "name": "LE SEQUESTRE",
    "cp": "81990",
    "dept": "81",
    "region": ""
  },
  {
    "name": "LE VERDIER",
    "cp": "81140",
    "dept": "81",
    "region": ""
  },
  {
    "name": "LE VINTROU",
    "cp": "81240",
    "dept": "81",
    "region": ""
  },
  {
    "name": "LEDAS ET PENTHIES",
    "cp": "81340",
    "dept": "81",
    "region": ""
  },
  {
    "name": "LEMPAUT",
    "cp": "81700",
    "dept": "81",
    "region": ""
  },
  {
    "name": "LES CABANNES",
    "cp": "81170",
    "dept": "81",
    "region": ""
  },
  {
    "name": "LES CAMMAZES",
    "cp": "81540",
    "dept": "81",
    "region": ""
  },
  {
    "name": "LESCOUT",
    "cp": "81110",
    "dept": "81",
    "region": ""
  },
  {
    "name": "LESCURE D ALBIGEOIS",
    "cp": "81380",
    "dept": "81",
    "region": ""
  },
  {
    "name": "LISLE SUR TARN",
    "cp": "81310",
    "dept": "81",
    "region": ""
  },
  {
    "name": "LIVERS CAZELLES",
    "cp": "81170",
    "dept": "81",
    "region": ""
  },
  {
    "name": "LOMBERS",
    "cp": "81120",
    "dept": "81",
    "region": ""
  },
  {
    "name": "LOUBERS",
    "cp": "81170",
    "dept": "81",
    "region": ""
  },
  {
    "name": "LOUPIAC",
    "cp": "81800",
    "dept": "81",
    "region": ""
  },
  {
    "name": "LUGAN",
    "cp": "81500",
    "dept": "81",
    "region": ""
  },
  {
    "name": "MAGRIN",
    "cp": "81220",
    "dept": "81",
    "region": ""
  },
  {
    "name": "MAILHOC",
    "cp": "81130",
    "dept": "81",
    "region": ""
  },
  {
    "name": "MARNAVES",
    "cp": "81170",
    "dept": "81",
    "region": ""
  },
  {
    "name": "MARSSAC SUR TARN",
    "cp": "81150",
    "dept": "81",
    "region": ""
  },
  {
    "name": "MARZENS",
    "cp": "81500",
    "dept": "81",
    "region": ""
  },
  {
    "name": "MASSAC SERAN",
    "cp": "81500",
    "dept": "81",
    "region": ""
  },
  {
    "name": "MASSAGUEL",
    "cp": "81110",
    "dept": "81",
    "region": ""
  },
  {
    "name": "MASSALS",
    "cp": "81250",
    "dept": "81",
    "region": ""
  },
  {
    "name": "MAURENS SCOPONT",
    "cp": "81470",
    "dept": "81",
    "region": ""
  },
  {
    "name": "MAZAMET",
    "cp": "81200",
    "dept": "81",
    "region": ""
  },
  {
    "name": "MEZENS",
    "cp": "81800",
    "dept": "81",
    "region": ""
  },
  {
    "name": "MILHARS",
    "cp": "81170",
    "dept": "81",
    "region": ""
  },
  {
    "name": "MILHAVET",
    "cp": "81130",
    "dept": "81",
    "region": ""
  },
  {
    "name": "MIOLLES",
    "cp": "81250",
    "dept": "81",
    "region": ""
  },
  {
    "name": "MIRANDOL BOURGNOUNAC",
    "cp": "81190",
    "dept": "81",
    "region": ""
  },
  {
    "name": "MISSECLE",
    "cp": "81300",
    "dept": "81",
    "region": ""
  },
  {
    "name": "MONESTIES",
    "cp": "81640",
    "dept": "81",
    "region": ""
  },
  {
    "name": "MONT ROC",
    "cp": "81120",
    "dept": "81",
    "region": ""
  },
  {
    "name": "MONTANS",
    "cp": "81600",
    "dept": "81",
    "region": ""
  },
  {
    "name": "MONTAURIOL",
    "cp": "81190",
    "dept": "81",
    "region": ""
  },
  {
    "name": "MONTCABRIER",
    "cp": "81500",
    "dept": "81",
    "region": ""
  },
  {
    "name": "MONTDRAGON",
    "cp": "81440",
    "dept": "81",
    "region": ""
  },
  {
    "name": "MONTDURAUSSE",
    "cp": "81630",
    "dept": "81",
    "region": ""
  },
  {
    "name": "MONTELS",
    "cp": "81140",
    "dept": "81",
    "region": ""
  },
  {
    "name": "MONTFA",
    "cp": "81210",
    "dept": "81",
    "region": ""
  },
  {
    "name": "MONTGAILLARD",
    "cp": "81630",
    "dept": "81",
    "region": ""
  },
  {
    "name": "MONTGEY",
    "cp": "81470",
    "dept": "81",
    "region": ""
  },
  {
    "name": "MONTIRAT",
    "cp": "81190",
    "dept": "81",
    "region": ""
  },
  {
    "name": "MONTPINIER",
    "cp": "81440",
    "dept": "81",
    "region": ""
  },
  {
    "name": "MONTREDON LABESSONNIE",
    "cp": "81360",
    "dept": "81",
    "region": ""
  },
  {
    "name": "MONTROSIER",
    "cp": "81170",
    "dept": "81",
    "region": ""
  },
  {
    "name": "MONTVALEN",
    "cp": "81630",
    "dept": "81",
    "region": ""
  },
  {
    "name": "MOULARES",
    "cp": "81190",
    "dept": "81",
    "region": ""
  },
  {
    "name": "MOULAYRES",
    "cp": "81300",
    "dept": "81",
    "region": ""
  },
  {
    "name": "MOULIN MAGE",
    "cp": "81320",
    "dept": "81",
    "region": ""
  },
  {
    "name": "MOUZENS",
    "cp": "81470",
    "dept": "81",
    "region": ""
  },
  {
    "name": "MOUZIEYS PANENS",
    "cp": "81170",
    "dept": "81",
    "region": ""
  },
  {
    "name": "MOUZIEYS TEULET",
    "cp": "81430",
    "dept": "81",
    "region": ""
  },
  {
    "name": "MURAT SUR VEBRE",
    "cp": "81320",
    "dept": "81",
    "region": ""
  },
  {
    "name": "NAGES",
    "cp": "81320",
    "dept": "81",
    "region": ""
  },
  {
    "name": "NAVES",
    "cp": "81710",
    "dept": "81",
    "region": ""
  },
  {
    "name": "NOAILHAC",
    "cp": "81490",
    "dept": "81",
    "region": ""
  },
  {
    "name": "NOAILLES",
    "cp": "81170",
    "dept": "81",
    "region": ""
  },
  {
    "name": "ORBAN",
    "cp": "81120",
    "dept": "81",
    "region": ""
  },
  {
    "name": "PADIES",
    "cp": "81340",
    "dept": "81",
    "region": ""
  },
  {
    "name": "PALLEVILLE",
    "cp": "81700",
    "dept": "81",
    "region": ""
  },
  {
    "name": "PAMPELONNE",
    "cp": "81190",
    "dept": "81",
    "region": ""
  },
  {
    "name": "PARISOT",
    "cp": "81310",
    "dept": "81",
    "region": ""
  },
  {
    "name": "PAULINET",
    "cp": "81250",
    "dept": "81",
    "region": ""
  },
  {
    "name": "PAYRIN AUGMONTEL",
    "cp": "81660",
    "dept": "81",
    "region": ""
  },
  {
    "name": "PECHAUDIER",
    "cp": "81470",
    "dept": "81",
    "region": ""
  },
  {
    "name": "PENNE",
    "cp": "81140",
    "dept": "81",
    "region": ""
  },
  {
    "name": "PEYREGOUX",
    "cp": "81440",
    "dept": "81",
    "region": ""
  },
  {
    "name": "PEYROLE",
    "cp": "81310",
    "dept": "81",
    "region": ""
  },
  {
    "name": "PONT DE LARN",
    "cp": "81660",
    "dept": "81",
    "region": ""
  },
  {
    "name": "POUDIS",
    "cp": "81700",
    "dept": "81",
    "region": ""
  },
  {
    "name": "POULAN POUZOLS",
    "cp": "81120",
    "dept": "81",
    "region": ""
  },
  {
    "name": "PRADES",
    "cp": "81220",
    "dept": "81",
    "region": ""
  },
  {
    "name": "PRATVIEL",
    "cp": "81500",
    "dept": "81",
    "region": ""
  },
  {
    "name": "PUECHOURSI",
    "cp": "81470",
    "dept": "81",
    "region": ""
  },
  {
    "name": "PUYBEGON",
    "cp": "81390",
    "dept": "81",
    "region": ""
  },
  {
    "name": "PUYCALVEL",
    "cp": "81440",
    "dept": "81",
    "region": ""
  },
  {
    "name": "PUYCELSI",
    "cp": "81140",
    "dept": "81",
    "region": ""
  },
  {
    "name": "PUYGOUZON",
    "cp": "81120",
    "dept": "81",
    "region": ""
  },
  {
    "name": "PUYGOUZON",
    "cp": "81990",
    "dept": "81",
    "region": ""
  },
  {
    "name": "PUYLAURENS",
    "cp": "81700",
    "dept": "81",
    "region": ""
  },
  {
    "name": "RABASTENS",
    "cp": "81800",
    "dept": "81",
    "region": ""
  },
  {
    "name": "RAYSSAC",
    "cp": "81330",
    "dept": "81",
    "region": ""
  },
  {
    "name": "REALMONT",
    "cp": "81120",
    "dept": "81",
    "region": ""
  },
  {
    "name": "RIVIERES",
    "cp": "81600",
    "dept": "81",
    "region": ""
  },
  {
    "name": "ROQUECOURBE",
    "cp": "81210",
    "dept": "81",
    "region": ""
  },
  {
    "name": "ROQUEMAURE",
    "cp": "81800",
    "dept": "81",
    "region": ""
  },
  {
    "name": "ROQUEVIDAL",
    "cp": "81470",
    "dept": "81",
    "region": ""
  },
  {
    "name": "ROSIERES",
    "cp": "81400",
    "dept": "81",
    "region": ""
  },
  {
    "name": "ROUAIROUX",
    "cp": "81240",
    "dept": "81",
    "region": ""
  },
  {
    "name": "ROUFFIAC",
    "cp": "81150",
    "dept": "81",
    "region": ""
  },
  {
    "name": "ROUSSAYROLLES",
    "cp": "81140",
    "dept": "81",
    "region": ""
  },
  {
    "name": "SAIX",
    "cp": "81710",
    "dept": "81",
    "region": ""
  },
  {
    "name": "SALIES",
    "cp": "81990",
    "dept": "81",
    "region": ""
  },
  {
    "name": "SALLES",
    "cp": "81640",
    "dept": "81",
    "region": ""
  },
  {
    "name": "SALVAGNAC",
    "cp": "81630",
    "dept": "81",
    "region": ""
  },
  {
    "name": "SAUSSENAC",
    "cp": "81350",
    "dept": "81",
    "region": ""
  },
  {
    "name": "SAUVETERRE",
    "cp": "81240",
    "dept": "81",
    "region": ""
  },
  {
    "name": "SEMALENS",
    "cp": "81570",
    "dept": "81",
    "region": ""
  },
  {
    "name": "SENAUX",
    "cp": "81530",
    "dept": "81",
    "region": ""
  },
  {
    "name": "SENOUILLAC",
    "cp": "81600",
    "dept": "81",
    "region": ""
  },
  {
    "name": "SERENAC",
    "cp": "81350",
    "dept": "81",
    "region": ""
  },
  {
    "name": "SERVIES",
    "cp": "81220",
    "dept": "81",
    "region": ""
  },
  {
    "name": "SIEURAC",
    "cp": "81120",
    "dept": "81",
    "region": ""
  },
  {
    "name": "SOREZE",
    "cp": "81540",
    "dept": "81",
    "region": ""
  },
  {
    "name": "SOUAL",
    "cp": "81580",
    "dept": "81",
    "region": ""
  },
  {
    "name": "SOUEL",
    "cp": "81170",
    "dept": "81",
    "region": ""
  },
  {
    "name": "ST AFFRIQUE LES MONTAGNES",
    "cp": "81290",
    "dept": "81",
    "region": ""
  },
  {
    "name": "ST AGNAN",
    "cp": "81500",
    "dept": "81",
    "region": ""
  },
  {
    "name": "ST AMANCET",
    "cp": "81110",
    "dept": "81",
    "region": ""
  },
  {
    "name": "ST AMANS SOULT",
    "cp": "81240",
    "dept": "81",
    "region": ""
  },
  {
    "name": "ST AMANS VALTORET",
    "cp": "81240",
    "dept": "81",
    "region": ""
  },
  {
    "name": "ST ANDRE",
    "cp": "81250",
    "dept": "81",
    "region": ""
  },
  {
    "name": "ST AVIT",
    "cp": "81110",
    "dept": "81",
    "region": ""
  },
  {
    "name": "ST BEAUZILE",
    "cp": "81140",
    "dept": "81",
    "region": ""
  },
  {
    "name": "ST BENOIT DE CARMAUX",
    "cp": "81400",
    "dept": "81",
    "region": ""
  },
  {
    "name": "ST CHRISTOPHE",
    "cp": "81190",
    "dept": "81",
    "region": ""
  },
  {
    "name": "ST CHRISTOPHE",
    "cp": "81190",
    "dept": "81",
    "region": ""
  },
  {
    "name": "ST CIRGUE",
    "cp": "81340",
    "dept": "81",
    "region": ""
  },
  {
    "name": "ST GAUZENS",
    "cp": "81390",
    "dept": "81",
    "region": ""
  },
  {
    "name": "ST GENEST DE CONTEST",
    "cp": "81440",
    "dept": "81",
    "region": ""
  },
  {
    "name": "ST GERMAIN DES PRES",
    "cp": "81700",
    "dept": "81",
    "region": ""
  },
  {
    "name": "ST GERMIER",
    "cp": "81210",
    "dept": "81",
    "region": ""
  },
  {
    "name": "ST GREGOIRE",
    "cp": "81350",
    "dept": "81",
    "region": ""
  },
  {
    "name": "ST JEAN DE MARCEL",
    "cp": "81350",
    "dept": "81",
    "region": ""
  },
  {
    "name": "ST JEAN DE RIVES",
    "cp": "81500",
    "dept": "81",
    "region": ""
  },
  {
    "name": "ST JEAN DE VALS",
    "cp": "81210",
    "dept": "81",
    "region": ""
  },
  {
    "name": "ST JUERY",
    "cp": "81160",
    "dept": "81",
    "region": ""
  },
  {
    "name": "ST JULIEN DU PUY",
    "cp": "81440",
    "dept": "81",
    "region": ""
  },
  {
    "name": "ST JULIEN GAULENE",
    "cp": "81340",
    "dept": "81",
    "region": ""
  },
  {
    "name": "ST LIEUX LES LAVAUR",
    "cp": "81500",
    "dept": "81",
    "region": ""
  },
  {
    "name": "ST MARCEL CAMPES",
    "cp": "81170",
    "dept": "81",
    "region": ""
  },
  {
    "name": "ST MARCEL CAMPES",
    "cp": "81170",
    "dept": "81",
    "region": ""
  },
  {
    "name": "ST MARTIN LAGUEPIE",
    "cp": "81170",
    "dept": "81",
    "region": ""
  },
  {
    "name": "ST MICHEL DE VAX",
    "cp": "81140",
    "dept": "81",
    "region": ""
  },
  {
    "name": "ST MICHEL LABADIE",
    "cp": "81340",
    "dept": "81",
    "region": ""
  },
  {
    "name": "ST PAUL CAP DE JOUX",
    "cp": "81220",
    "dept": "81",
    "region": ""
  },
  {
    "name": "ST PIERRE DE TRIVISY",
    "cp": "81330",
    "dept": "81",
    "region": ""
  },
  {
    "name": "ST SALVI DE CARCAVES",
    "cp": "81530",
    "dept": "81",
    "region": ""
  },
  {
    "name": "ST SALVY DE LA BALME",
    "cp": "81490",
    "dept": "81",
    "region": ""
  },
  {
    "name": "ST SERNIN LES LAVAUR",
    "cp": "81700",
    "dept": "81",
    "region": ""
  },
  {
    "name": "ST SULPICE LA POINTE",
    "cp": "81370",
    "dept": "81",
    "region": ""
  },
  {
    "name": "ST URCISSE",
    "cp": "81630",
    "dept": "81",
    "region": ""
  },
  {
    "name": "STE CECILE DU CAYROU",
    "cp": "81140",
    "dept": "81",
    "region": ""
  },
  {
    "name": "STE CROIX",
    "cp": "81150",
    "dept": "81",
    "region": ""
  },
  {
    "name": "STE GEMME",
    "cp": "81190",
    "dept": "81",
    "region": ""
  },
  {
    "name": "TAIX",
    "cp": "81130",
    "dept": "81",
    "region": ""
  },
  {
    "name": "TANUS",
    "cp": "81190",
    "dept": "81",
    "region": ""
  },
  {
    "name": "TAURIAC",
    "cp": "81630",
    "dept": "81",
    "region": ""
  },
  {
    "name": "TECOU",
    "cp": "81600",
    "dept": "81",
    "region": ""
  },
  {
    "name": "TEILLET",
    "cp": "81120",
    "dept": "81",
    "region": ""
  },
  {
    "name": "TERRE DE BANCALIE",
    "cp": "81120",
    "dept": "81",
    "region": ""
  },
  {
    "name": "TERRE DE BANCALIE",
    "cp": "81120",
    "dept": "81",
    "region": ""
  },
  {
    "name": "TERRE DE BANCALIE",
    "cp": "81120",
    "dept": "81",
    "region": ""
  },
  {
    "name": "TERRE DE BANCALIE",
    "cp": "81120",
    "dept": "81",
    "region": ""
  },
  {
    "name": "TERRE DE BANCALIE",
    "cp": "81120",
    "dept": "81",
    "region": ""
  },
  {
    "name": "TERRE DE BANCALIE",
    "cp": "81120",
    "dept": "81",
    "region": ""
  },
  {
    "name": "TERSSAC",
    "cp": "81150",
    "dept": "81",
    "region": ""
  },
  {
    "name": "TEULAT",
    "cp": "81500",
    "dept": "81",
    "region": ""
  },
  {
    "name": "TEYSSODE",
    "cp": "81220",
    "dept": "81",
    "region": ""
  },
  {
    "name": "TONNAC",
    "cp": "81170",
    "dept": "81",
    "region": ""
  },
  {
    "name": "TREBAN",
    "cp": "81190",
    "dept": "81",
    "region": ""
  },
  {
    "name": "TREBAS",
    "cp": "81340",
    "dept": "81",
    "region": ""
  },
  {
    "name": "TREVIEN",
    "cp": "81190",
    "dept": "81",
    "region": ""
  },
  {
    "name": "VABRE",
    "cp": "81330",
    "dept": "81",
    "region": ""
  },
  {
    "name": "VALDERIES",
    "cp": "81350",
    "dept": "81",
    "region": ""
  },
  {
    "name": "VALDURENQUE",
    "cp": "81090",
    "dept": "81",
    "region": ""
  },
  {
    "name": "VALENCE D ALBIGEOIS",
    "cp": "81340",
    "dept": "81",
    "region": ""
  },
  {
    "name": "VAOUR",
    "cp": "81140",
    "dept": "81",
    "region": ""
  },
  {
    "name": "VEILHES",
    "cp": "81500",
    "dept": "81",
    "region": ""
  },
  {
    "name": "VENES",
    "cp": "81440",
    "dept": "81",
    "region": ""
  },
  {
    "name": "VERDALLE",
    "cp": "81110",
    "dept": "81",
    "region": ""
  },
  {
    "name": "VIANE",
    "cp": "81530",
    "dept": "81",
    "region": ""
  },
  {
    "name": "VIELMUR SUR AGOUT",
    "cp": "81570",
    "dept": "81",
    "region": ""
  },
  {
    "name": "VIEUX",
    "cp": "81140",
    "dept": "81",
    "region": ""
  },
  {
    "name": "VILLEFRANCHE D ALBIGEOIS",
    "cp": "81430",
    "dept": "81",
    "region": ""
  },
  {
    "name": "VILLENEUVE LES LAVAUR",
    "cp": "81500",
    "dept": "81",
    "region": ""
  },
  {
    "name": "VILLENEUVE SUR VERE",
    "cp": "81130",
    "dept": "81",
    "region": ""
  },
  {
    "name": "VINDRAC ALAYRAC",
    "cp": "81170",
    "dept": "81",
    "region": ""
  },
  {
    "name": "VIRAC",
    "cp": "81640",
    "dept": "81",
    "region": ""
  },
  {
    "name": "VITERBE",
    "cp": "81220",
    "dept": "81",
    "region": ""
  },
  {
    "name": "VIVIERS LES LAVAUR",
    "cp": "81500",
    "dept": "81",
    "region": ""
  },
  {
    "name": "VIVIERS LES MONTAGNES",
    "cp": "81290",
    "dept": "81",
    "region": ""
  }
]