[
  {
    "name": "AIGUES VIVES",
    "cp": "11800",
    "dept": "11",
    "region": ""
  },
  {
    "name": "AIROUX",
    "cp": "11320",
    "dept": "11",
    "region": ""
  },
  {
    "name": "AJAC",
    "cp": "11300",
    "dept": "11",
    "region": ""
  },
  {
    "name": "ALAIGNE",
    "cp": "11240",
    "dept": "11",
    "region": ""
  },
  {
    "name": "ALAIRAC",
    "cp": "11290",
    "dept": "11",
    "region": ""
  },
  {
    "name": "ALBAS",
    "cp": "11360",
    "dept": "11",
    "region": ""
  },
  {
    "name": "ALBIERES",
    "cp": "11330",
    "dept": "11",
    "region": ""
  },
  {
    "name": "ALET LES BAINS",
    "cp": "11580",
    "dept": "11",
    "region": ""
  },
  {
    "name": "ALZONNE",
    "cp": "11170",
    "dept": "11",
    "region": ""
  },
  {
    "name": "ANTUGNAC",
    "cp": "11190",
    "dept": "11",
    "region": ""
  },
  {
    "name": "ARAGON",
    "cp": "11600",
    "dept": "11",
    "region": ""
  },
  {
    "name": "ARGELIERS",
    "cp": "11120",
    "dept": "11",
    "region": ""
  },
  {
    "name": "ARGENS MINERVOIS",
    "cp": "11200",
    "dept": "11",
    "region": ""
  },
  {
    "name": "ARMISSAN",
    "cp": "11110",
    "dept": "11",
    "region": ""
  },
  {
    "name": "ARQUES",
    "cp": "11190",
    "dept": "11",
    "region": ""
  },
  {
    "name": "ARQUETTES EN VAL",
    "cp": "11220",
    "dept": "11",
    "region": ""
  },
  {
    "name": "ARTIGUES",
    "cp": "11140",
    "dept": "11",
    "region": ""
  },
  {
    "name": "ARZENS",
    "cp": "11290",
    "dept": "11",
    "region": ""
  },
  {
    "name": "AUNAT",
    "cp": "11140",
    "dept": "11",
    "region": ""
  },
  {
    "name": "AURIAC",
    "cp": "11330",
    "dept": "11",
    "region": ""
  },
  {
    "name": "AXAT",
    "cp": "11140",
    "dept": "11",
    "region": ""
  },
  {
    "name": "AZILLE",
    "cp": "11700",
    "dept": "11",
    "region": ""
  },
  {
    "name": "BADENS",
    "cp": "11800",
    "dept": "11",
    "region": ""
  },
  {
    "name": "BAGES",
    "cp": "11100",
    "dept": "11",
    "region": ""
  },
  {
    "name": "BAGNOLES",
    "cp": "11600",
    "dept": "11",
    "region": ""
  },
  {
    "name": "BARAIGNE",
    "cp": "11410",
    "dept": "11",
    "region": ""
  },
  {
    "name": "BARBAIRA",
    "cp": "11800",
    "dept": "11",
    "region": ""
  },
  {
    "name": "BELCAIRE",
    "cp": "11340",
    "dept": "11",
    "region": ""
  },
  {
    "name": "BELCASTEL ET BUC",
    "cp": "11580",
    "dept": "11",
    "region": ""
  },
  {
    "name": "BELFLOU",
    "cp": "11410",
    "dept": "11",
    "region": ""
  },
  {
    "name": "BELFORT SUR REBENTY",
    "cp": "11140",
    "dept": "11",
    "region": ""
  },
  {
    "name": "BELLEGARDE DU RAZES",
    "cp": "11240",
    "dept": "11",
    "region": ""
  },
  {
    "name": "BELPECH",
    "cp": "11420",
    "dept": "11",
    "region": ""
  },
  {
    "name": "BELVEZE DU RAZES",
    "cp": "11240",
    "dept": "11",
    "region": ""
  },
  {
    "name": "BELVIANES ET CAVIRAC",
    "cp": "11500",
    "dept": "11",
    "region": ""
  },
  {
    "name": "BELVIS",
    "cp": "11340",
    "dept": "11",
    "region": ""
  },
  {
    "name": "BERRIAC",
    "cp": "11000",
    "dept": "11",
    "region": ""
  },
  {
    "name": "BESSEDE DE SAULT",
    "cp": "11140",
    "dept": "11",
    "region": ""
  },
  {
    "name": "BIZANET",
    "cp": "11200",
    "dept": "11",
    "region": ""
  },
  {
    "name": "BIZE MINERVOIS",
    "cp": "11120",
    "dept": "11",
    "region": ""
  },
  {
    "name": "BLOMAC",
    "cp": "11700",
    "dept": "11",
    "region": ""
  },
  {
    "name": "BOUILHONNAC",
    "cp": "11800",
    "dept": "11",
    "region": ""
  },
  {
    "name": "BOUISSE",
    "cp": "11330",
    "dept": "11",
    "region": ""
  },
  {
    "name": "BOURIEGE",
    "cp": "11300",
    "dept": "11",
    "region": ""
  },
  {
    "name": "BOURIGEOLE",
    "cp": "11300",
    "dept": "11",
    "region": ""
  },
  {
    "name": "BOUTENAC",
    "cp": "11200",
    "dept": "11",
    "region": ""
  },
  {
    "name": "BRAM",
    "cp": "11150",
    "dept": "11",
    "region": ""
  },
  {
    "name": "BREZILHAC",
    "cp": "11270",
    "dept": "11",
    "region": ""
  },
  {
    "name": "BROUSSES ET VILLARET",
    "cp": "11390",
    "dept": "11",
    "region": ""
  },
  {
    "name": "BRUGAIROLLES",
    "cp": "11300",
    "dept": "11",
    "region": ""
  },
  {
    "name": "BUGARACH",
    "cp": "11190",
    "dept": "11",
    "region": ""
  },
  {
    "name": "CABRESPINE",
    "cp": "11160",
    "dept": "11",
    "region": ""
  },
  {
    "name": "CAHUZAC",
    "cp": "11420",
    "dept": "11",
    "region": ""
  },
  {
    "name": "CAILHAU",
    "cp": "11240",
    "dept": "11",
    "region": ""
  },
  {
    "name": "CAILHAVEL",
    "cp": "11240",
    "dept": "11",
    "region": ""
  },
  {
    "name": "CAILLA",
    "cp": "11140",
    "dept": "11",
    "region": ""
  },
  {
    "name": "CAMBIEURE",
    "cp": "11240",
    "dept": "11",
    "region": ""
  },
  {
    "name": "CAMPAGNA DE SAULT",
    "cp": "11140",
    "dept": "11",
    "region": ""
  },
  {
    "name": "CAMPAGNE SUR AUDE",
    "cp": "11260",
    "dept": "11",
    "region": ""
  },
  {
    "name": "CAMPLONG D AUDE",
    "cp": "11200",
    "dept": "11",
    "region": ""
  },
  {
    "name": "CAMPS SUR L AGLY",
    "cp": "11190",
    "dept": "11",
    "region": ""
  },
  {
    "name": "CAMURAC",
    "cp": "11340",
    "dept": "11",
    "region": ""
  },
  {
    "name": "CANET",
    "cp": "11200",
    "dept": "11",
    "region": ""
  },
  {
    "name": "CAPENDU",
    "cp": "11700",
    "dept": "11",
    "region": ""
  },
  {
    "name": "CARCASSONNE",
    "cp": "11000",
    "dept": "11",
    "region": ""
  },
  {
    "name": "CARLIPA",
    "cp": "11170",
    "dept": "11",
    "region": ""
  },
  {
    "name": "CASCASTEL DES CORBIERES",
    "cp": "11360",
    "dept": "11",
    "region": ""
  },
  {
    "name": "CASSAIGNES",
    "cp": "11190",
    "dept": "11",
    "region": ""
  },
  {
    "name": "CASTANS",
    "cp": "11160",
    "dept": "11",
    "region": ""
  },
  {
    "name": "CASTELNAU D AUDE",
    "cp": "11700",
    "dept": "11",
    "region": ""
  },
  {
    "name": "CASTELNAUDARY",
    "cp": "11400",
    "dept": "11",
    "region": ""
  },
  {
    "name": "CASTELRENG",
    "cp": "11300",
    "dept": "11",
    "region": ""
  },
  {
    "name": "CAUDEBRONDE",
    "cp": "11390",
    "dept": "11",
    "region": ""
  },
  {
    "name": "CAUNES MINERVOIS",
    "cp": "11160",
    "dept": "11",
    "region": ""
  },
  {
    "name": "CAUNETTE SUR LAUQUET",
    "cp": "11250",
    "dept": "11",
    "region": ""
  },
  {
    "name": "CAUNETTES EN VAL",
    "cp": "11220",
    "dept": "11",
    "region": ""
  },
  {
    "name": "CAUX ET SAUZENS",
    "cp": "11170",
    "dept": "11",
    "region": ""
  },
  {
    "name": "CAVANAC",
    "cp": "11570",
    "dept": "11",
    "region": ""
  },
  {
    "name": "CAVES",
    "cp": "11510",
    "dept": "11",
    "region": ""
  },
  {
    "name": "CAZALRENOUX",
    "cp": "11270",
    "dept": "11",
    "region": ""
  },
  {
    "name": "CAZILHAC",
    "cp": "11570",
    "dept": "11",
    "region": ""
  },
  {
    "name": "CENNE MONESTIES",
    "cp": "11170",
    "dept": "11",
    "region": ""
  },
  {
    "name": "CEPIE",
    "cp": "11300",
    "dept": "11",
    "region": ""
  },
  {
    "name": "CHALABRE",
    "cp": "11230",
    "dept": "11",
    "region": ""
  },
  {
    "name": "CITOU",
    "cp": "11160",
    "dept": "11",
    "region": ""
  },
  {
    "name": "CLERMONT SUR LAUQUET",
    "cp": "11250",
    "dept": "11",
    "region": ""
  },
  {
    "name": "COMIGNE",
    "cp": "11700",
    "dept": "11",
    "region": ""
  },
  {
    "name": "COMUS",
    "cp": "11340",
    "dept": "11",
    "region": ""
  },
  {
    "name": "CONILHAC CORBIERES",
    "cp": "11200",
    "dept": "11",
    "region": ""
  },
  {
    "name": "CONQUES SUR ORBIEL",
    "cp": "11600",
    "dept": "11",
    "region": ""
  },
  {
    "name": "CORBIERES",
    "cp": "11230",
    "dept": "11",
    "region": ""
  },
  {
    "name": "COUDONS",
    "cp": "11500",
    "dept": "11",
    "region": ""
  },
  {
    "name": "COUFFOULENS",
    "cp": "11250",
    "dept": "11",
    "region": ""
  },
  {
    "name": "COUIZA",
    "cp": "11190",
    "dept": "11",
    "region": ""
  },
  {
    "name": "COUNOZOULS",
    "cp": "11140",
    "dept": "11",
    "region": ""
  },
  {
    "name": "COURNANEL",
    "cp": "11300",
    "dept": "11",
    "region": ""
  },
  {
    "name": "COURSAN",
    "cp": "11110",
    "dept": "11",
    "region": ""
  },
  {
    "name": "COURTAULY",
    "cp": "11230",
    "dept": "11",
    "region": ""
  },
  {
    "name": "COUSTAUSSA",
    "cp": "11190",
    "dept": "11",
    "region": ""
  },
  {
    "name": "COUSTOUGE",
    "cp": "11220",
    "dept": "11",
    "region": ""
  },
  {
    "name": "CRUSCADES",
    "cp": "11200",
    "dept": "11",
    "region": ""
  },
  {
    "name": "CUBIERES SUR CINOBLE",
    "cp": "11190",
    "dept": "11",
    "region": ""
  },
  {
    "name": "CUCUGNAN",
    "cp": "11350",
    "dept": "11",
    "region": ""
  },
  {
    "name": "CUMIES",
    "cp": "11410",
    "dept": "11",
    "region": ""
  },
  {
    "name": "CUXAC CABARDES",
    "cp": "11390",
    "dept": "11",
    "region": ""
  },
  {
    "name": "CUXAC D AUDE",
    "cp": "11590",
    "dept": "11",
    "region": ""
  },
  {
    "name": "DAVEJEAN",
    "cp": "11330",
    "dept": "11",
    "region": ""
  },
  {
    "name": "DERNACUEILLETTE",
    "cp": "11330",
    "dept": "11",
    "region": ""
  },
  {
    "name": "DONAZAC",
    "cp": "11240",
    "dept": "11",
    "region": ""
  },
  {
    "name": "DOUZENS",
    "cp": "11700",
    "dept": "11",
    "region": ""
  },
  {
    "name": "DUILHAC SOUS PEYREPERTUSE",
    "cp": "11350",
    "dept": "11",
    "region": ""
  },
  {
    "name": "DURBAN CORBIERES",
    "cp": "11360",
    "dept": "11",
    "region": ""
  },
  {
    "name": "EMBRES ET CASTELMAURE",
    "cp": "11360",
    "dept": "11",
    "region": ""
  },
  {
    "name": "ESCALES",
    "cp": "11200",
    "dept": "11",
    "region": ""
  },
  {
    "name": "ESCOULOUBRE",
    "cp": "11140",
    "dept": "11",
    "region": ""
  },
  {
    "name": "ESCUEILLENS ET ST JUST DE BELENGARD",
    "cp": "11240",
    "dept": "11",
    "region": ""
  },
  {
    "name": "ESPERAZA",
    "cp": "11260",
    "dept": "11",
    "region": ""
  },
  {
    "name": "ESPEZEL",
    "cp": "11340",
    "dept": "11",
    "region": ""
  },
  {
    "name": "FABREZAN",
    "cp": "11200",
    "dept": "11",
    "region": ""
  },
  {
    "name": "FAJAC EN VAL",
    "cp": "11220",
    "dept": "11",
    "region": ""
  },
  {
    "name": "FAJAC LA RELENQUE",
    "cp": "11410",
    "dept": "11",
    "region": ""
  },
  {
    "name": "FANJEAUX",
    "cp": "11270",
    "dept": "11",
    "region": ""
  },
  {
    "name": "FELINES TERMENES",
    "cp": "11330",
    "dept": "11",
    "region": ""
  },
  {
    "name": "FENDEILLE",
    "cp": "11400",
    "dept": "11",
    "region": ""
  },
  {
    "name": "FENOUILLET DU RAZES",
    "cp": "11240",
    "dept": "11",
    "region": ""
  },
  {
    "name": "FERRALS LES CORBIERES",
    "cp": "11200",
    "dept": "11",
    "region": ""
  },
  {
    "name": "FERRAN",
    "cp": "11240",
    "dept": "11",
    "region": ""
  },
  {
    "name": "FESTES ET ST ANDRE",
    "cp": "11300",
    "dept": "11",
    "region": ""
  },
  {
    "name": "FEUILLA",
    "cp": "11510",
    "dept": "11",
    "region": ""
  },
  {
    "name": "FITOU",
    "cp": "11510",
    "dept": "11",
    "region": ""
  },
  {
    "name": "FLEURY",
    "cp": "11560",
    "dept": "11",
    "region": ""
  },
  {
    "name": "FLOURE",
    "cp": "11800",
    "dept": "11",
    "region": ""
  },
  {
    "name": "FONTANES DE SAULT",
    "cp": "11140",
    "dept": "11",
    "region": ""
  },
  {
    "name": "FONTCOUVERTE",
    "cp": "11700",
    "dept": "11",
    "region": ""
  },
  {
    "name": "FONTERS DU RAZES",
    "cp": "11400",
    "dept": "11",
    "region": ""
  },
  {
    "name": "FONTIERS CABARDES",
    "cp": "11390",
    "dept": "11",
    "region": ""
  },
  {
    "name": "FONTIES D AUDE",
    "cp": "11800",
    "dept": "11",
    "region": ""
  },
  {
    "name": "FONTJONCOUSE",
    "cp": "11360",
    "dept": "11",
    "region": ""
  },
  {
    "name": "FOURNES CABARDES",
    "cp": "11600",
    "dept": "11",
    "region": ""
  },
  {
    "name": "FOURTOU",
    "cp": "11190",
    "dept": "11",
    "region": ""
  },
  {
    "name": "FRAISSE CABARDES",
    "cp": "11600",
    "dept": "11",
    "region": ""
  },
  {
    "name": "FRAISSE DES CORBIERES",
    "cp": "11360",
    "dept": "11",
    "region": ""
  },
  {
    "name": "GAJA ET VILLEDIEU",
    "cp": "11300",
    "dept": "11",
    "region": ""
  },
  {
    "name": "GAJA LA SELVE",
    "cp": "11270",
    "dept": "11",
    "region": ""
  },
  {
    "name": "GALINAGUES",
    "cp": "11140",
    "dept": "11",
    "region": ""
  },
  {
    "name": "GARDIE",
    "cp": "11250",
    "dept": "11",
    "region": ""
  },
  {
    "name": "GENERVILLE",
    "cp": "11270",
    "dept": "11",
    "region": ""
  },
  {
    "name": "GINCLA",
    "cp": "11140",
    "dept": "11",
    "region": ""
  },
  {
    "name": "GINESTAS",
    "cp": "11120",
    "dept": "11",
    "region": ""
  },
  {
    "name": "GINOLES",
    "cp": "11500",
    "dept": "11",
    "region": ""
  },
  {
    "name": "GOURVIEILLE",
    "cp": "11410",
    "dept": "11",
    "region": ""
  },
  {
    "name": "GRAMAZIE",
    "cp": "11240",
    "dept": "11",
    "region": ""
  },
  {
    "name": "GRANES",
    "cp": "11500",
    "dept": "11",
    "region": ""
  },
  {
    "name": "GREFFEIL",
    "cp": "11250",
    "dept": "11",
    "region": ""
  },
  {
    "name": "GRUISSAN",
    "cp": "11430",
    "dept": "11",
    "region": ""
  },
  {
    "name": "HOMPS",
    "cp": "11200",
    "dept": "11",
    "region": ""
  },
  {
    "name": "HOUNOUX",
    "cp": "11240",
    "dept": "11",
    "region": ""
  },
  {
    "name": "ISSEL",
    "cp": "11400",
    "dept": "11",
    "region": ""
  },
  {
    "name": "JONQUIERES",
    "cp": "11220",
    "dept": "11",
    "region": ""
  },
  {
    "name": "JOUCOU",
    "cp": "11140",
    "dept": "11",
    "region": ""
  },
  {
    "name": "LA BEZOLE",
    "cp": "11300",
    "dept": "11",
    "region": ""
  },
  {
    "name": "LA CASSAIGNE",
    "cp": "11270",
    "dept": "11",
    "region": ""
  },
  {
    "name": "LA COURTETE",
    "cp": "11240",
    "dept": "11",
    "region": ""
  },
  {
    "name": "LA DIGNE D AMONT",
    "cp": "11300",
    "dept": "11",
    "region": ""
  },
  {
    "name": "LA DIGNE D AVAL",
    "cp": "11300",
    "dept": "11",
    "region": ""
  },
  {
    "name": "LA FAJOLLE",
    "cp": "11140",
    "dept": "11",
    "region": ""
  },
  {
    "name": "LA FORCE",
    "cp": "11270",
    "dept": "11",
    "region": ""
  },
  {
    "name": "LA LOUVIERE LAURAGAIS",
    "cp": "11410",
    "dept": "11",
    "region": ""
  },
  {
    "name": "LA PALME",
    "cp": "11480",
    "dept": "11",
    "region": ""
  },
  {
    "name": "LA POMAREDE",
    "cp": "11400",
    "dept": "11",
    "region": ""
  },
  {
    "name": "LA REDORTE",
    "cp": "11700",
    "dept": "11",
    "region": ""
  },
  {
    "name": "LA SERPENT",
    "cp": "11190",
    "dept": "11",
    "region": ""
  },
  {
    "name": "LA TOURETTE CABARDES",
    "cp": "11380",
    "dept": "11",
    "region": ""
  },
  {
    "name": "LABASTIDE D ANJOU",
    "cp": "11320",
    "dept": "11",
    "region": ""
  },
  {
    "name": "LABASTIDE EN VAL",
    "cp": "11220",
    "dept": "11",
    "region": ""
  },
  {
    "name": "LABASTIDE ESPARBAIRENQUE",
    "cp": "11380",
    "dept": "11",
    "region": ""
  },
  {
    "name": "LABECEDE LAURAGAIS",
    "cp": "11400",
    "dept": "11",
    "region": ""
  },
  {
    "name": "LACOMBE",
    "cp": "11310",
    "dept": "11",
    "region": ""
  },
  {
    "name": "LADERN SUR LAUQUET",
    "cp": "11250",
    "dept": "11",
    "region": ""
  },
  {
    "name": "LAFAGE",
    "cp": "11420",
    "dept": "11",
    "region": ""
  },
  {
    "name": "LAGRASSE",
    "cp": "11220",
    "dept": "11",
    "region": ""
  },
  {
    "name": "LAIRIERE",
    "cp": "11330",
    "dept": "11",
    "region": ""
  },
  {
    "name": "LANET",
    "cp": "11330",
    "dept": "11",
    "region": ""
  },
  {
    "name": "LAPRADE",
    "cp": "11390",
    "dept": "11",
    "region": ""
  },
  {
    "name": "LAROQUE DE FA",
    "cp": "11330",
    "dept": "11",
    "region": ""
  },
  {
    "name": "LASBORDES",
    "cp": "11400",
    "dept": "11",
    "region": ""
  },
  {
    "name": "LASSERRE DE PROUILLE",
    "cp": "11270",
    "dept": "11",
    "region": ""
  },
  {
    "name": "LASTOURS",
    "cp": "11600",
    "dept": "11",
    "region": ""
  },
  {
    "name": "LAURABUC",
    "cp": "11400",
    "dept": "11",
    "region": ""
  },
  {
    "name": "LAURAC",
    "cp": "11270",
    "dept": "11",
    "region": ""
  },
  {
    "name": "LAURAGUEL",
    "cp": "11300",
    "dept": "11",
    "region": ""
  },
  {
    "name": "LAURE MINERVOIS",
    "cp": "11800",
    "dept": "11",
    "region": ""
  },
  {
    "name": "LAVALETTE",
    "cp": "11290",
    "dept": "11",
    "region": ""
  },
  {
    "name": "LE BOUSQUET",
    "cp": "11140",
    "dept": "11",
    "region": ""
  },
  {
    "name": "LE CLAT",
    "cp": "11140",
    "dept": "11",
    "region": ""
  },
  {
    "name": "LES BRUNELS",
    "cp": "11400",
    "dept": "11",
    "region": ""
  },
  {
    "name": "LES CASSES",
    "cp": "11320",
    "dept": "11",
    "region": ""
  },
  {
    "name": "LES ILHES",
    "cp": "11380",
    "dept": "11",
    "region": ""
  },
  {
    "name": "LES MARTYS",
    "cp": "11390",
    "dept": "11",
    "region": ""
  },
  {
    "name": "LESPINASSIERE",
    "cp": "11160",
    "dept": "11",
    "region": ""
  },
  {
    "name": "LEUC",
    "cp": "11250",
    "dept": "11",
    "region": ""
  },
  {
    "name": "LEUCATE",
    "cp": "11370",
    "dept": "11",
    "region": ""
  },
  {
    "name": "LEZIGNAN CORBIERES",
    "cp": "11200",
    "dept": "11",
    "region": ""
  },
  {
    "name": "LIGNAIROLLES",
    "cp": "11240",
    "dept": "11",
    "region": ""
  },
  {
    "name": "LIMOUSIS",
    "cp": "11600",
    "dept": "11",
    "region": ""
  },
  {
    "name": "LIMOUX",
    "cp": "11300",
    "dept": "11",
    "region": ""
  },
  {
    "name": "LOUPIA",
    "cp": "11300",
    "dept": "11",
    "region": ""
  },
  {
    "name": "LUC SUR AUDE",
    "cp": "11190",
    "dept": "11",
    "region": ""
  },
  {
    "name": "LUC SUR ORBIEU",
    "cp": "11200",
    "dept": "11",
    "region": ""
  },
  {
    "name": "MAGRIE",
    "cp": "11300",
    "dept": "11",
    "region": ""
  },
  {
    "name": "MAILHAC",
    "cp": "11120",
    "dept": "11",
    "region": ""
  },
  {
    "name": "MAISONS",
    "cp": "11330",
    "dept": "11",
    "region": ""
  },
  {
    "name": "MALRAS",
    "cp": "11300",
    "dept": "11",
    "region": ""
  },
  {
    "name": "MALVES EN MINERVOIS",
    "cp": "11600",
    "dept": "11",
    "region": ""
  },
  {
    "name": "MALVIES",
    "cp": "11300",
    "dept": "11",
    "region": ""
  },
  {
    "name": "MARCORIGNAN",
    "cp": "11120",
    "dept": "11",
    "region": ""
  },
  {
    "name": "MARQUEIN",
    "cp": "11410",
    "dept": "11",
    "region": ""
  },
  {
    "name": "MARSA",
    "cp": "11140",
    "dept": "11",
    "region": ""
  },
  {
    "name": "MARSEILLETTE",
    "cp": "11800",
    "dept": "11",
    "region": ""
  },
  {
    "name": "MAS CABARDES",
    "cp": "11380",
    "dept": "11",
    "region": ""
  },
  {
    "name": "MAS DES COURS",
    "cp": "11570",
    "dept": "11",
    "region": ""
  },
  {
    "name": "MAS SAINTES PUELLES",
    "cp": "11400",
    "dept": "11",
    "region": ""
  },
  {
    "name": "MASSAC",
    "cp": "11330",
    "dept": "11",
    "region": ""
  },
  {
    "name": "MAYREVILLE",
    "cp": "11420",
    "dept": "11",
    "region": ""
  },
  {
    "name": "MAYRONNES",
    "cp": "11220",
    "dept": "11",
    "region": ""
  },
  {
    "name": "MAZEROLLES DU RAZES",
    "cp": "11240",
    "dept": "11",
    "region": ""
  },
  {
    "name": "MAZUBY",
    "cp": "11140",
    "dept": "11",
    "region": ""
  },
  {
    "name": "MERIAL",
    "cp": "11140",
    "dept": "11",
    "region": ""
  },
  {
    "name": "MEZERVILLE",
    "cp": "11410",
    "dept": "11",
    "region": ""
  },
  {
    "name": "MIRAVAL CABARDES",
    "cp": "11380",
    "dept": "11",
    "region": ""
  },
  {
    "name": "MIREPEISSET",
    "cp": "11120",
    "dept": "11",
    "region": ""
  },
  {
    "name": "MIREVAL LAURAGAIS",
    "cp": "11400",
    "dept": "11",
    "region": ""
  },
  {
    "name": "MISSEGRE",
    "cp": "11580",
    "dept": "11",
    "region": ""
  },
  {
    "name": "MOLANDIER",
    "cp": "11420",
    "dept": "11",
    "region": ""
  },
  {
    "name": "MOLLEVILLE",
    "cp": "11410",
    "dept": "11",
    "region": ""
  },
  {
    "name": "MONTAURIOL",
    "cp": "11410",
    "dept": "11",
    "region": ""
  },
  {
    "name": "MONTAZELS",
    "cp": "11190",
    "dept": "11",
    "region": ""
  },
  {
    "name": "MONTBRUN DES CORBIERES",
    "cp": "11700",
    "dept": "11",
    "region": ""
  },
  {
    "name": "MONTCLAR",
    "cp": "11250",
    "dept": "11",
    "region": ""
  },
  {
    "name": "MONTFERRAND",
    "cp": "11320",
    "dept": "11",
    "region": ""
  },
  {
    "name": "MONTFORT SUR BOULZANE",
    "cp": "11140",
    "dept": "11",
    "region": ""
  },
  {
    "name": "MONTGAILLARD",
    "cp": "11330",
    "dept": "11",
    "region": ""
  },
  {
    "name": "MONTGRADAIL",
    "cp": "11240",
    "dept": "11",
    "region": ""
  },
  {
    "name": "MONTHAUT",
    "cp": "11240",
    "dept": "11",
    "region": ""
  },
  {
    "name": "MONTIRAT",
    "cp": "11800",
    "dept": "11",
    "region": ""
  },
  {
    "name": "MONTJARDIN",
    "cp": "11230",
    "dept": "11",
    "region": ""
  },
  {
    "name": "MONTJOI",
    "cp": "11330",
    "dept": "11",
    "region": ""
  },
  {
    "name": "MONTMAUR",
    "cp": "11320",
    "dept": "11",
    "region": ""
  },
  {
    "name": "MONTOLIEU",
    "cp": "11170",
    "dept": "11",
    "region": ""
  },
  {
    "name": "MONTREAL",
    "cp": "11290",
    "dept": "11",
    "region": ""
  },
  {
    "name": "MONTREDON DES CORBIERES",
    "cp": "11100",
    "dept": "11",
    "region": ""
  },
  {
    "name": "MONTSERET",
    "cp": "11200",
    "dept": "11",
    "region": ""
  },
  {
    "name": "MONZE",
    "cp": "11800",
    "dept": "11",
    "region": ""
  },
  {
    "name": "MOUSSAN",
    "cp": "11120",
    "dept": "11",
    "region": ""
  },
  {
    "name": "MOUSSOULENS",
    "cp": "11170",
    "dept": "11",
    "region": ""
  },
  {
    "name": "MOUTHOUMET",
    "cp": "11330",
    "dept": "11",
    "region": ""
  },
  {
    "name": "MOUX",
    "cp": "11700",
    "dept": "11",
    "region": ""
  },
  {
    "name": "NARBONNE",
    "cp": "11100",
    "dept": "11",
    "region": ""
  },
  {
    "name": "NEBIAS",
    "cp": "11500",
    "dept": "11",
    "region": ""
  },
  {
    "name": "NEVIAN",
    "cp": "11200",
    "dept": "11",
    "region": ""
  },
  {
    "name": "NIORT DE SAULT",
    "cp": "11140",
    "dept": "11",
    "region": ""
  },
  {
    "name": "ORNAISONS",
    "cp": "11200",
    "dept": "11",
    "region": ""
  },
  {
    "name": "ORSANS",
    "cp": "11270",
    "dept": "11",
    "region": ""
  },
  {
    "name": "OUVEILLAN",
    "cp": "11590",
    "dept": "11",
    "region": ""
  },
  {
    "name": "PADERN",
    "cp": "11350",
    "dept": "11",
    "region": ""
  },
  {
    "name": "PALAIRAC",
    "cp": "11330",
    "dept": "11",
    "region": ""
  },
  {
    "name": "PALAJA",
    "cp": "11570",
    "dept": "11",
    "region": ""
  },
  {
    "name": "PARAZA",
    "cp": "11200",
    "dept": "11",
    "region": ""
  },
  {
    "name": "PAULIGNE",
    "cp": "11300",
    "dept": "11",
    "region": ""
  },
  {
    "name": "PAYRA SUR L HERS",
    "cp": "11410",
    "dept": "11",
    "region": ""
  },
  {
    "name": "PAZIOLS",
    "cp": "11350",
    "dept": "11",
    "region": ""
  },
  {
    "name": "PECH LUNA",
    "cp": "11420",
    "dept": "11",
    "region": ""
  },
  {
    "name": "PECHARIC ET LE PY",
    "cp": "11420",
    "dept": "11",
    "region": ""
  },
  {
    "name": "PENNAUTIER",
    "cp": "11610",
    "dept": "11",
    "region": ""
  },
  {
    "name": "PEPIEUX",
    "cp": "11700",
    "dept": "11",
    "region": ""
  },
  {
    "name": "PEXIORA",
    "cp": "11150",
    "dept": "11",
    "region": ""
  },
  {
    "name": "PEYREFITTE DU RAZES",
    "cp": "11230",
    "dept": "11",
    "region": ""
  },
  {
    "name": "PEYREFITTE SUR L HERS",
    "cp": "11420",
    "dept": "11",
    "region": ""
  },
  {
    "name": "PEYRENS",
    "cp": "11400",
    "dept": "11",
    "region": ""
  },
  {
    "name": "PEYRIAC DE MER",
    "cp": "11440",
    "dept": "11",
    "region": ""
  },
  {
    "name": "PEYRIAC MINERVOIS",
    "cp": "11160",
    "dept": "11",
    "region": ""
  },
  {
    "name": "PEYROLLES",
    "cp": "11190",
    "dept": "11",
    "region": ""
  },
  {
    "name": "PEZENS",
    "cp": "11170",
    "dept": "11",
    "region": ""
  },
  {
    "name": "PIEUSSE",
    "cp": "11300",
    "dept": "11",
    "region": ""
  },
  {
    "name": "PLAIGNE",
    "cp": "11420",
    "dept": "11",
    "region": ""
  },
  {
    "name": "PLAVILLA",
    "cp": "11270",
    "dept": "11",
    "region": ""
  },
  {
    "name": "POMAS",
    "cp": "11250",
    "dept": "11",
    "region": ""
  },
  {
    "name": "POMY",
    "cp": "11300",
    "dept": "11",
    "region": ""
  },
  {
    "name": "PORT LA NOUVELLE",
    "cp": "11210",
    "dept": "11",
    "region": ""
  },
  {
    "name": "PORTEL DES CORBIERES",
    "cp": "11490",
    "dept": "11",
    "region": ""
  },
  {
    "name": "POUZOLS MINERVOIS",
    "cp": "11120",
    "dept": "11",
    "region": ""
  },
  {
    "name": "PRADELLES CABARDES",
    "cp": "11380",
    "dept": "11",
    "region": ""
  },
  {
    "name": "PREIXAN",
    "cp": "11250",
    "dept": "11",
    "region": ""
  },
  {
    "name": "PUGINIER",
    "cp": "11400",
    "dept": "11",
    "region": ""
  },
  {
    "name": "PUICHERIC",
    "cp": "11700",
    "dept": "11",
    "region": ""
  },
  {
    "name": "PUILAURENS",
    "cp": "11140",
    "dept": "11",
    "region": ""
  },
  {
    "name": "PUIVERT",
    "cp": "11230",
    "dept": "11",
    "region": ""
  },
  {
    "name": "QUILLAN",
    "cp": "11500",
    "dept": "11",
    "region": ""
  },
  {
    "name": "QUINTILLAN",
    "cp": "11360",
    "dept": "11",
    "region": ""
  },
  {
    "name": "QUIRBAJOU",
    "cp": "11500",
    "dept": "11",
    "region": ""
  },
  {
    "name": "RAISSAC D AUDE",
    "cp": "11200",
    "dept": "11",
    "region": ""
  },
  {
    "name": "RAISSAC SUR LAMPY",
    "cp": "11170",
    "dept": "11",
    "region": ""
  },
  {
    "name": "RENNES LE CHATEAU",
    "cp": "11190",
    "dept": "11",
    "region": ""
  },
  {
    "name": "RENNES LES BAINS",
    "cp": "11190",
    "dept": "11",
    "region": ""
  },
  {
    "name": "RIBAUTE",
    "cp": "11220",
    "dept": "11",
    "region": ""
  },
  {
    "name": "RIBOUISSE",
    "cp": "11270",
    "dept": "11",
    "region": ""
  },
  {
    "name": "RICAUD",
    "cp": "11400",
    "dept": "11",
    "region": ""
  },
  {
    "name": "RIEUX EN VAL",
    "cp": "11220",
    "dept": "11",
    "region": ""
  },
  {
    "name": "RIEUX MINERVOIS",
    "cp": "11160",
    "dept": "11",
    "region": ""
  },
  {
    "name": "RIVEL",
    "cp": "11230",
    "dept": "11",
    "region": ""
  },
  {
    "name": "RODOME",
    "cp": "11140",
    "dept": "11",
    "region": ""
  },
  {
    "name": "ROQUECOURBE MINERVOIS",
    "cp": "11700",
    "dept": "11",
    "region": ""
  },
  {
    "name": "ROQUEFERE",
    "cp": "11380",
    "dept": "11",
    "region": ""
  },
  {
    "name": "ROQUEFEUIL",
    "cp": "11340",
    "dept": "11",
    "region": ""
  },
  {
    "name": "ROQUEFORT DE SAULT",
    "cp": "11140",
    "dept": "11",
    "region": ""
  },
  {
    "name": "ROQUEFORT DES CORBIERES",
    "cp": "11540",
    "dept": "11",
    "region": ""
  },
  {
    "name": "ROQUETAILLADE ET CONILHAC",
    "cp": "11190",
    "dept": "11",
    "region": ""
  },
  {
    "name": "ROQUETAILLADE ET CONILHAC",
    "cp": "11300",
    "dept": "11",
    "region": ""
  },
  {
    "name": "ROUBIA",
    "cp": "11200",
    "dept": "11",
    "region": ""
  },
  {
    "name": "ROUFFIAC D AUDE",
    "cp": "11250",
    "dept": "11",
    "region": ""
  },
  {
    "name": "ROUFFIAC DES CORBIERES",
    "cp": "11350",
    "dept": "11",
    "region": ""
  },
  {
    "name": "ROULLENS",
    "cp": "11290",
    "dept": "11",
    "region": ""
  },
  {
    "name": "ROUTIER",
    "cp": "11240",
    "dept": "11",
    "region": ""
  },
  {
    "name": "RUSTIQUES",
    "cp": "11800",
    "dept": "11",
    "region": ""
  },
  {
    "name": "SAISSAC",
    "cp": "11310",
    "dept": "11",
    "region": ""
  },
  {
    "name": "SALLELES CABARDES",
    "cp": "11600",
    "dept": "11",
    "region": ""
  },
  {
    "name": "SALLELES D AUDE",
    "cp": "11590",
    "dept": "11",
    "region": ""
  },
  {
    "name": "SALLES D AUDE",
    "cp": "11110",
    "dept": "11",
    "region": ""
  },
  {
    "name": "SALLES SUR L HERS",
    "cp": "11410",
    "dept": "11",
    "region": ""
  },
  {
    "name": "SALSIGNE",
    "cp": "11600",
    "dept": "11",
    "region": ""
  },
  {
    "name": "SALVEZINES",
    "cp": "11140",
    "dept": "11",
    "region": ""
  },
  {
    "name": "SALZA",
    "cp": "11330",
    "dept": "11",
    "region": ""
  },
  {
    "name": "SEIGNALENS",
    "cp": "11240",
    "dept": "11",
    "region": ""
  },
  {
    "name": "SERRES",
    "cp": "11190",
    "dept": "11",
    "region": ""
  },
  {
    "name": "SERVIES EN VAL",
    "cp": "11220",
    "dept": "11",
    "region": ""
  },
  {
    "name": "SIGEAN",
    "cp": "11130",
    "dept": "11",
    "region": ""
  },
  {
    "name": "SONNAC SUR L HERS",
    "cp": "11230",
    "dept": "11",
    "region": ""
  },
  {
    "name": "SOUGRAIGNE",
    "cp": "11190",
    "dept": "11",
    "region": ""
  },
  {
    "name": "SOUILHANELS",
    "cp": "11400",
    "dept": "11",
    "region": ""
  },
  {
    "name": "SOUILHE",
    "cp": "11400",
    "dept": "11",
    "region": ""
  },
  {
    "name": "SOULATGE",
    "cp": "11330",
    "dept": "11",
    "region": ""
  },
  {
    "name": "SOUPEX",
    "cp": "11320",
    "dept": "11",
    "region": ""
  },
  {
    "name": "ST AMANS",
    "cp": "11270",
    "dept": "11",
    "region": ""
  },
  {
    "name": "ST ANDRE DE ROQUELONGUE",
    "cp": "11200",
    "dept": "11",
    "region": ""
  },
  {
    "name": "ST BENOIT",
    "cp": "11230",
    "dept": "11",
    "region": ""
  },
  {
    "name": "ST COUAT D AUDE",
    "cp": "11700",
    "dept": "11",
    "region": ""
  },
  {
    "name": "ST COUAT DU RAZES",
    "cp": "11300",
    "dept": "11",
    "region": ""
  },
  {
    "name": "ST DENIS",
    "cp": "11310",
    "dept": "11",
    "region": ""
  },
  {
    "name": "ST FERRIOL",
    "cp": "11500",
    "dept": "11",
    "region": ""
  },
  {
    "name": "ST FRICHOUX",
    "cp": "11800",
    "dept": "11",
    "region": ""
  },
  {
    "name": "ST GAUDERIC",
    "cp": "11270",
    "dept": "11",
    "region": ""
  },
  {
    "name": "ST HILAIRE",
    "cp": "11250",
    "dept": "11",
    "region": ""
  },
  {
    "name": "ST JEAN DE BARROU",
    "cp": "11360",
    "dept": "11",
    "region": ""
  },
  {
    "name": "ST JEAN DE PARACOL",
    "cp": "11260",
    "dept": "11",
    "region": ""
  },
  {
    "name": "ST JULIA DE BEC",
    "cp": "11500",
    "dept": "11",
    "region": ""
  },
  {
    "name": "ST JULIEN DE BRIOLA",
    "cp": "11270",
    "dept": "11",
    "region": ""
  },
  {
    "name": "ST JUST ET LE BEZU",
    "cp": "11500",
    "dept": "11",
    "region": ""
  },
  {
    "name": "ST LAURENT DE LA CABRERISSE",
    "cp": "11220",
    "dept": "11",
    "region": ""
  },
  {
    "name": "ST LOUIS ET PARAHOU",
    "cp": "11500",
    "dept": "11",
    "region": ""
  },
  {
    "name": "ST MARCEL SUR AUDE",
    "cp": "11120",
    "dept": "11",
    "region": ""
  },
  {
    "name": "ST MARTIN DE VILLEREGLAN",
    "cp": "11300",
    "dept": "11",
    "region": ""
  },
  {
    "name": "ST MARTIN DES PUITS",
    "cp": "11220",
    "dept": "11",
    "region": ""
  },
  {
    "name": "ST MARTIN LALANDE",
    "cp": "11400",
    "dept": "11",
    "region": ""
  },
  {
    "name": "ST MARTIN LE VIEIL",
    "cp": "11170",
    "dept": "11",
    "region": ""
  },
  {
    "name": "ST MARTIN LYS",
    "cp": "11500",
    "dept": "11",
    "region": ""
  },
  {
    "name": "ST MICHEL DE LANES",
    "cp": "11410",
    "dept": "11",
    "region": ""
  },
  {
    "name": "ST NAZAIRE D AUDE",
    "cp": "11120",
    "dept": "11",
    "region": ""
  },
  {
    "name": "ST PAPOUL",
    "cp": "11400",
    "dept": "11",
    "region": ""
  },
  {
    "name": "ST PAULET",
    "cp": "11320",
    "dept": "11",
    "region": ""
  },
  {
    "name": "ST PIERRE DES CHAMPS",
    "cp": "11220",
    "dept": "11",
    "region": ""
  },
  {
    "name": "ST POLYCARPE",
    "cp": "11300",
    "dept": "11",
    "region": ""
  },
  {
    "name": "ST SERNIN",
    "cp": "11420",
    "dept": "11",
    "region": ""
  },
  {
    "name": "STE CAMELLE",
    "cp": "11410",
    "dept": "11",
    "region": ""
  },
  {
    "name": "STE COLOMBE SUR GUETTE",
    "cp": "11140",
    "dept": "11",
    "region": ""
  },
  {
    "name": "STE COLOMBE SUR L HERS",
    "cp": "11230",
    "dept": "11",
    "region": ""
  },
  {
    "name": "STE EULALIE",
    "cp": "11170",
    "dept": "11",
    "region": ""
  },
  {
    "name": "STE VALIERE",
    "cp": "11120",
    "dept": "11",
    "region": ""
  },
  {
    "name": "TALAIRAN",
    "cp": "11220",
    "dept": "11",
    "region": ""
  },
  {
    "name": "TAURIZE",
    "cp": "11220",
    "dept": "11",
    "region": ""
  },
  {
    "name": "TERMES",
    "cp": "11330",
    "dept": "11",
    "region": ""
  },
  {
    "name": "TERROLES",
    "cp": "11580",
    "dept": "11",
    "region": ""
  },
  {
    "name": "THEZAN DES CORBIERES",
    "cp": "11200",
    "dept": "11",
    "region": ""
  },
  {
    "name": "TOURNISSAN",
    "cp": "11220",
    "dept": "11",
    "region": ""
  },
  {
    "name": "TOUROUZELLE",
    "cp": "11200",
    "dept": "11",
    "region": ""
  },
  {
    "name": "TOURREILLES",
    "cp": "11300",
    "dept": "11",
    "region": ""
  },
  {
    "name": "TRASSANEL",
    "cp": "11160",
    "dept": "11",
    "region": ""
  },
  {
    "name": "TRAUSSE",
    "cp": "11160",
    "dept": "11",
    "region": ""
  },
  {
    "name": "TREBES",
    "cp": "11800",
    "dept": "11",
    "region": ""
  },
  {
    "name": "TREILLES",
    "cp": "11510",
    "dept": "11",
    "region": ""
  },
  {
    "name": "TREVILLE",
    "cp": "11400",
    "dept": "11",
    "region": ""
  },
  {
    "name": "TREZIERS",
    "cp": "11230",
    "dept": "11",
    "region": ""
  },
  {
    "name": "TUCHAN",
    "cp": "11350",
    "dept": "11",
    "region": ""
  },
  {
    "name": "VAL DE DAGNE",
    "cp": "11220",
    "dept": "11",
    "region": ""
  },
  {
    "name": "VAL DE LAMBRONNE",
    "cp": "11230",
    "dept": "11",
    "region": ""
  },
  {
    "name": "VAL DU FABY",
    "cp": "11260",
    "dept": "11",
    "region": ""
  },
  {
    "name": "VALMIGERE",
    "cp": "11580",
    "dept": "11",
    "region": ""
  },
  {
    "name": "VENTENAC CABARDES",
    "cp": "11610",
    "dept": "11",
    "region": ""
  },
  {
    "name": "VENTENAC EN MINERVOIS",
    "cp": "11120",
    "dept": "11",
    "region": ""
  },
  {
    "name": "VERAZA",
    "cp": "11580",
    "dept": "11",
    "region": ""
  },
  {
    "name": "VERDUN EN LAURAGAIS",
    "cp": "11400",
    "dept": "11",
    "region": ""
  },
  {
    "name": "VERZEILLE",
    "cp": "11250",
    "dept": "11",
    "region": ""
  },
  {
    "name": "VIGNEVIEILLE",
    "cp": "11330",
    "dept": "11",
    "region": ""
  },
  {
    "name": "VILLALIER",
    "cp": "11600",
    "dept": "11",
    "region": ""
  },
  {
    "name": "VILLANIERE",
    "cp": "11600",
    "dept": "11",
    "region": ""
  },
  {
    "name": "VILLAR EN VAL",
    "cp": "11220",
    "dept": "11",
    "region": ""
  },
  {
    "name": "VILLAR ST ANSELME",
    "cp": "11250",
    "dept": "11",
    "region": ""
  },
  {
    "name": "VILLARDEBELLE",
    "cp": "11580",
    "dept": "11",
    "region": ""
  },
  {
    "name": "VILLARDONNEL",
    "cp": "11600",
    "dept": "11",
    "region": ""
  },
  {
    "name": "VILLARZEL CABARDES",
    "cp": "11600",
    "dept": "11",
    "region": ""
  },
  {
    "name": "VILLARZEL DU RAZES",
    "cp": "11300",
    "dept": "11",
    "region": ""
  },
  {
    "name": "VILLASAVARY",
    "cp": "11150",
    "dept": "11",
    "region": ""
  },
  {
    "name": "VILLAUTOU",
    "cp": "11420",
    "dept": "11",
    "region": ""
  },
  {
    "name": "VILLEBAZY",
    "cp": "11250",
    "dept": "11",
    "region": ""
  },
  {
    "name": "VILLEDAIGNE",
    "cp": "11200",
    "dept": "11",
    "region": ""
  },
  {
    "name": "VILLEDUBERT",
    "cp": "11800",
    "dept": "11",
    "region": ""
  },
  {
    "name": "VILLEFLOURE",
    "cp": "11570",
    "dept": "11",
    "region": ""
  },
  {
    "name": "VILLEFORT",
    "cp": "11230",
    "dept": "11",
    "region": ""
  },
  {
    "name": "VILLEGAILHENC",
    "cp": "11600",
    "dept": "11",
    "region": ""
  },
  {
    "name": "VILLEGLY",
    "cp": "11600",
    "dept": "11",
    "region": ""
  },
  {
    "name": "VILLELONGUE D AUDE",
    "cp": "11300",
    "dept": "11",
    "region": ""
  },
  {
    "name": "VILLEMAGNE",
    "cp": "11310",
    "dept": "11",
    "region": ""
  },
  {
    "name": "VILLEMOUSTAUSSOU",
    "cp": "11620",
    "dept": "11",
    "region": ""
  },
  {
    "name": "VILLENEUVE LA COMPTAL",
    "cp": "11400",
    "dept": "11",
    "region": ""
  },
  {
    "name": "VILLENEUVE LES CORBIERES",
    "cp": "11360",
    "dept": "11",
    "region": ""
  },
  {
    "name": "VILLENEUVE LES MONTREAL",
    "cp": "11290",
    "dept": "11",
    "region": ""
  },
  {
    "name": "VILLENEUVE MINERVOIS",
    "cp": "11160",
    "dept": "11",
    "region": ""
  },
  {
    "name": "VILLEPINTE",
    "cp": "11150",
    "dept": "11",
    "region": ""
  },
  {
    "name": "VILLEROUGE TERMENES",
    "cp": "11330",
    "dept": "11",
    "region": ""
  },
  {
    "name": "VILLESEQUE DES CORBIERES",
    "cp": "11360",
    "dept": "11",
    "region": ""
  },
  {
    "name": "VILLESEQUELANDE",
    "cp": "11170",
    "dept": "11",
    "region": ""
  },
  {
    "name": "VILLESISCLE",
    "cp": "11150",
    "dept": "11",
    "region": ""
  },
  {
    "name": "VILLESPY",
    "cp": "11170",
    "dept": "11",
    "region": ""
  },
  {
    "name": "VILLETRITOULS",
    "cp": "11220",
    "dept": "11",
    "region": ""
  },
  {
    "name": "VINASSAN",
    "cp": "11110",
    "dept": "11",
    "region": ""
  }
]