[
  {
    "name": "AIGNE",
    "cp": "72650",
    "dept": "72",
    "region": ""
  },
  {
    "name": "AILLIERES BEAUVOIR",
    "cp": "72600",
    "dept": "72",
    "region": ""
  },
  {
    "name": "ALLONNES",
    "cp": "72700",
    "dept": "72",
    "region": ""
  },
  {
    "name": "AMNE",
    "cp": "72540",
    "dept": "72",
    "region": ""
  },
  {
    "name": "ANCINNES",
    "cp": "72610",
    "dept": "72",
    "region": ""
  },
  {
    "name": "ARCONNAY",
    "cp": "72610",
    "dept": "72",
    "region": ""
  },
  {
    "name": "ARDENAY SUR MERIZE",
    "cp": "72370",
    "dept": "72",
    "region": ""
  },
  {
    "name": "ARNAGE",
    "cp": "72230",
    "dept": "72",
    "region": ""
  },
  {
    "name": "ARTHEZE",
    "cp": "72270",
    "dept": "72",
    "region": ""
  },
  {
    "name": "ASNIERES SUR VEGRE",
    "cp": "72430",
    "dept": "72",
    "region": ""
  },
  {
    "name": "ASSE LE BOISNE",
    "cp": "72130",
    "dept": "72",
    "region": ""
  },
  {
    "name": "ASSE LE RIBOUL",
    "cp": "72170",
    "dept": "72",
    "region": ""
  },
  {
    "name": "AUBIGNE RACAN",
    "cp": "72800",
    "dept": "72",
    "region": ""
  },
  {
    "name": "AUVERS LE HAMON",
    "cp": "72300",
    "dept": "72",
    "region": ""
  },
  {
    "name": "AUVERS SOUS MONTFAUCON",
    "cp": "72540",
    "dept": "72",
    "region": ""
  },
  {
    "name": "AVESNES EN SAOSNOIS",
    "cp": "72260",
    "dept": "72",
    "region": ""
  },
  {
    "name": "AVESSE",
    "cp": "72350",
    "dept": "72",
    "region": ""
  },
  {
    "name": "AVEZE",
    "cp": "72400",
    "dept": "72",
    "region": ""
  },
  {
    "name": "AVOISE",
    "cp": "72430",
    "dept": "72",
    "region": ""
  },
  {
    "name": "BALLON ST MARS",
    "cp": "72290",
    "dept": "72",
    "region": ""
  },
  {
    "name": "BALLON ST MARS",
    "cp": "72290",
    "dept": "72",
    "region": ""
  },
  {
    "name": "BAZOUGES CRE SUR LOIR",
    "cp": "72200",
    "dept": "72",
    "region": ""
  },
  {
    "name": "BAZOUGES CRE SUR LOIR",
    "cp": "72200",
    "dept": "72",
    "region": ""
  },
  {
    "name": "BEAUFAY",
    "cp": "72110",
    "dept": "72",
    "region": ""
  },
  {
    "name": "BEAUMONT PIED DE BOEUF",
    "cp": "72500",
    "dept": "72",
    "region": ""
  },
  {
    "name": "BEAUMONT SUR DEME",
    "cp": "72340",
    "dept": "72",
    "region": ""
  },
  {
    "name": "BEAUMONT SUR SARTHE",
    "cp": "72170",
    "dept": "72",
    "region": ""
  },
  {
    "name": "BEILLE",
    "cp": "72160",
    "dept": "72",
    "region": ""
  },
  {
    "name": "BERFAY",
    "cp": "72320",
    "dept": "72",
    "region": ""
  },
  {
    "name": "BERNAY NEUVY EN CHAMPAGNE",
    "cp": "72240",
    "dept": "72",
    "region": ""
  },
  {
    "name": "BERNAY NEUVY EN CHAMPAGNE",
    "cp": "72240",
    "dept": "72",
    "region": ""
  },
  {
    "name": "BERUS",
    "cp": "72610",
    "dept": "72",
    "region": ""
  },
  {
    "name": "BESSE SUR BRAYE",
    "cp": "72310",
    "dept": "72",
    "region": ""
  },
  {
    "name": "BETHON",
    "cp": "72610",
    "dept": "72",
    "region": ""
  },
  {
    "name": "BLEVES",
    "cp": "72600",
    "dept": "72",
    "region": ""
  },
  {
    "name": "BOESSE LE SEC",
    "cp": "72400",
    "dept": "72",
    "region": ""
  },
  {
    "name": "BONNETABLE",
    "cp": "72110",
    "dept": "72",
    "region": ""
  },
  {
    "name": "BOUER",
    "cp": "72390",
    "dept": "72",
    "region": ""
  },
  {
    "name": "BOULOIRE",
    "cp": "72440",
    "dept": "72",
    "region": ""
  },
  {
    "name": "BOURG LE ROI",
    "cp": "72610",
    "dept": "72",
    "region": ""
  },
  {
    "name": "BOUSSE",
    "cp": "72270",
    "dept": "72",
    "region": ""
  },
  {
    "name": "BRAINS SUR GEE",
    "cp": "72550",
    "dept": "72",
    "region": ""
  },
  {
    "name": "BRETTE LES PINS",
    "cp": "72250",
    "dept": "72",
    "region": ""
  },
  {
    "name": "BRIOSNE LES SABLES",
    "cp": "72110",
    "dept": "72",
    "region": ""
  },
  {
    "name": "BRULON",
    "cp": "72350",
    "dept": "72",
    "region": ""
  },
  {
    "name": "CERANS FOULLETOURTE",
    "cp": "72330",
    "dept": "72",
    "region": ""
  },
  {
    "name": "CHAHAIGNES",
    "cp": "72340",
    "dept": "72",
    "region": ""
  },
  {
    "name": "CHALLES",
    "cp": "72250",
    "dept": "72",
    "region": ""
  },
  {
    "name": "CHAMPAGNE",
    "cp": "72470",
    "dept": "72",
    "region": ""
  },
  {
    "name": "CHAMPFLEUR",
    "cp": "72610",
    "dept": "72",
    "region": ""
  },
  {
    "name": "CHAMPROND",
    "cp": "72320",
    "dept": "72",
    "region": ""
  },
  {
    "name": "CHANGE",
    "cp": "72560",
    "dept": "72",
    "region": ""
  },
  {
    "name": "CHANTENAY VILLEDIEU",
    "cp": "72430",
    "dept": "72",
    "region": ""
  },
  {
    "name": "CHASSILLE",
    "cp": "72540",
    "dept": "72",
    "region": ""
  },
  {
    "name": "CHATEAU L HERMITAGE",
    "cp": "72510",
    "dept": "72",
    "region": ""
  },
  {
    "name": "CHAUFOUR NOTRE DAME",
    "cp": "72550",
    "dept": "72",
    "region": ""
  },
  {
    "name": "CHEMIRE EN CHARNIE",
    "cp": "72540",
    "dept": "72",
    "region": ""
  },
  {
    "name": "CHEMIRE LE GAUDIN",
    "cp": "72210",
    "dept": "72",
    "region": ""
  },
  {
    "name": "CHENAY",
    "cp": "72610",
    "dept": "72",
    "region": ""
  },
  {
    "name": "CHENU",
    "cp": "72500",
    "dept": "72",
    "region": ""
  },
  {
    "name": "CHERANCE",
    "cp": "72170",
    "dept": "72",
    "region": ""
  },
  {
    "name": "CHERISAY",
    "cp": "72610",
    "dept": "72",
    "region": ""
  },
  {
    "name": "CHERRE AU",
    "cp": "72400",
    "dept": "72",
    "region": ""
  },
  {
    "name": "CHERRE AU",
    "cp": "72400",
    "dept": "72",
    "region": ""
  },
  {
    "name": "CHEVILLE",
    "cp": "72350",
    "dept": "72",
    "region": ""
  },
  {
    "name": "CLERMONT CREANS",
    "cp": "72200",
    "dept": "72",
    "region": ""
  },
  {
    "name": "COGNERS",
    "cp": "72310",
    "dept": "72",
    "region": ""
  },
  {
    "name": "COMMERVEIL",
    "cp": "72600",
    "dept": "72",
    "region": ""
  },
  {
    "name": "CONFLANS SUR ANILLE",
    "cp": "72120",
    "dept": "72",
    "region": ""
  },
  {
    "name": "CONGE SUR ORNE",
    "cp": "72290",
    "dept": "72",
    "region": ""
  },
  {
    "name": "CONLIE",
    "cp": "72240",
    "dept": "72",
    "region": ""
  },
  {
    "name": "CONNERRE",
    "cp": "72160",
    "dept": "72",
    "region": ""
  },
  {
    "name": "CONTILLY",
    "cp": "72600",
    "dept": "72",
    "region": ""
  },
  {
    "name": "CORMES",
    "cp": "72400",
    "dept": "72",
    "region": ""
  },
  {
    "name": "COUDRECIEUX",
    "cp": "72440",
    "dept": "72",
    "region": ""
  },
  {
    "name": "COULAINES",
    "cp": "72190",
    "dept": "72",
    "region": ""
  },
  {
    "name": "COULANS SUR GEE",
    "cp": "72550",
    "dept": "72",
    "region": ""
  },
  {
    "name": "COULONGE",
    "cp": "72800",
    "dept": "72",
    "region": ""
  },
  {
    "name": "COURCEBOEUFS",
    "cp": "72290",
    "dept": "72",
    "region": ""
  },
  {
    "name": "COURCELLES LA FORET",
    "cp": "72270",
    "dept": "72",
    "region": ""
  },
  {
    "name": "COURCEMONT",
    "cp": "72110",
    "dept": "72",
    "region": ""
  },
  {
    "name": "COURCIVAL",
    "cp": "72110",
    "dept": "72",
    "region": ""
  },
  {
    "name": "COURDEMANCHE",
    "cp": "72150",
    "dept": "72",
    "region": ""
  },
  {
    "name": "COURDEMANCHE",
    "cp": "72150",
    "dept": "72",
    "region": ""
  },
  {
    "name": "COURGAINS",
    "cp": "72260",
    "dept": "72",
    "region": ""
  },
  {
    "name": "COURGENARD",
    "cp": "72320",
    "dept": "72",
    "region": ""
  },
  {
    "name": "COURTILLERS",
    "cp": "72300",
    "dept": "72",
    "region": ""
  },
  {
    "name": "CRANNES EN CHAMPAGNE",
    "cp": "72540",
    "dept": "72",
    "region": ""
  },
  {
    "name": "CRISSE",
    "cp": "72140",
    "dept": "72",
    "region": ""
  },
  {
    "name": "CROSMIERES",
    "cp": "72200",
    "dept": "72",
    "region": ""
  },
  {
    "name": "CURES",
    "cp": "72240",
    "dept": "72",
    "region": ""
  },
  {
    "name": "DANGEUL",
    "cp": "72260",
    "dept": "72",
    "region": ""
  },
  {
    "name": "DEGRE",
    "cp": "72550",
    "dept": "72",
    "region": ""
  },
  {
    "name": "DEHAULT",
    "cp": "72400",
    "dept": "72",
    "region": ""
  },
  {
    "name": "DISSAY SOUS COURCILLON",
    "cp": "72500",
    "dept": "72",
    "region": ""
  },
  {
    "name": "DOLLON",
    "cp": "72390",
    "dept": "72",
    "region": ""
  },
  {
    "name": "DOMFRONT EN CHAMPAGNE",
    "cp": "72240",
    "dept": "72",
    "region": ""
  },
  {
    "name": "DOUCELLES",
    "cp": "72170",
    "dept": "72",
    "region": ""
  },
  {
    "name": "DOUILLET",
    "cp": "72130",
    "dept": "72",
    "region": ""
  },
  {
    "name": "DUNEAU",
    "cp": "72160",
    "dept": "72",
    "region": ""
  },
  {
    "name": "DUREIL",
    "cp": "72270",
    "dept": "72",
    "region": ""
  },
  {
    "name": "ECOMMOY",
    "cp": "72220",
    "dept": "72",
    "region": ""
  },
  {
    "name": "ECORPAIN",
    "cp": "72120",
    "dept": "72",
    "region": ""
  },
  {
    "name": "EPINEU LE CHEVREUIL",
    "cp": "72540",
    "dept": "72",
    "region": ""
  },
  {
    "name": "ETIVAL LES LE MANS",
    "cp": "72700",
    "dept": "72",
    "region": ""
  },
  {
    "name": "FATINES",
    "cp": "72470",
    "dept": "72",
    "region": ""
  },
  {
    "name": "FAY",
    "cp": "72550",
    "dept": "72",
    "region": ""
  },
  {
    "name": "FERCE SUR SARTHE",
    "cp": "72430",
    "dept": "72",
    "region": ""
  },
  {
    "name": "FILLE",
    "cp": "72210",
    "dept": "72",
    "region": ""
  },
  {
    "name": "FLEE",
    "cp": "72500",
    "dept": "72",
    "region": ""
  },
  {
    "name": "FONTENAY SUR VEGRE",
    "cp": "72350",
    "dept": "72",
    "region": ""
  },
  {
    "name": "FRESNAY SUR SARTHE",
    "cp": "72130",
    "dept": "72",
    "region": ""
  },
  {
    "name": "FRESNAY SUR SARTHE",
    "cp": "72130",
    "dept": "72",
    "region": ""
  },
  {
    "name": "FRESNAY SUR SARTHE",
    "cp": "72130",
    "dept": "72",
    "region": ""
  },
  {
    "name": "FRESNAY SUR SARTHE",
    "cp": "72130",
    "dept": "72",
    "region": ""
  },
  {
    "name": "FYE",
    "cp": "72610",
    "dept": "72",
    "region": ""
  },
  {
    "name": "GESNES LE GANDELIN",
    "cp": "72130",
    "dept": "72",
    "region": ""
  },
  {
    "name": "GRANDCHAMP",
    "cp": "72610",
    "dept": "72",
    "region": ""
  },
  {
    "name": "GREEZ SUR ROC",
    "cp": "72320",
    "dept": "72",
    "region": ""
  },
  {
    "name": "GUECELARD",
    "cp": "72230",
    "dept": "72",
    "region": ""
  },
  {
    "name": "JAUZE",
    "cp": "72110",
    "dept": "72",
    "region": ""
  },
  {
    "name": "JOUE EN CHARNIE",
    "cp": "72540",
    "dept": "72",
    "region": ""
  },
  {
    "name": "JOUE L ABBE",
    "cp": "72380",
    "dept": "72",
    "region": ""
  },
  {
    "name": "JUIGNE SUR SARTHE",
    "cp": "72300",
    "dept": "72",
    "region": ""
  },
  {
    "name": "JUILLE",
    "cp": "72170",
    "dept": "72",
    "region": ""
  },
  {
    "name": "JUPILLES",
    "cp": "72500",
    "dept": "72",
    "region": ""
  },
  {
    "name": "LA BAZOGE",
    "cp": "72650",
    "dept": "72",
    "region": ""
  },
  {
    "name": "LA BOSSE",
    "cp": "72400",
    "dept": "72",
    "region": ""
  },
  {
    "name": "LA BRUERE SUR LOIR",
    "cp": "72500",
    "dept": "72",
    "region": ""
  },
  {
    "name": "LA CHAPELLE AUX CHOUX",
    "cp": "72800",
    "dept": "72",
    "region": ""
  },
  {
    "name": "LA CHAPELLE D ALIGNE",
    "cp": "72300",
    "dept": "72",
    "region": ""
  },
  {
    "name": "LA CHAPELLE DU BOIS",
    "cp": "72400",
    "dept": "72",
    "region": ""
  },
  {
    "name": "LA CHAPELLE HUON",
    "cp": "72310",
    "dept": "72",
    "region": ""
  },
  {
    "name": "LA CHAPELLE ST AUBIN",
    "cp": "72650",
    "dept": "72",
    "region": ""
  },
  {
    "name": "LA CHAPELLE ST FRAY",
    "cp": "72240",
    "dept": "72",
    "region": ""
  },
  {
    "name": "LA CHAPELLE ST REMY",
    "cp": "72160",
    "dept": "72",
    "region": ""
  },
  {
    "name": "LA CHARTRE SUR LE LOIR",
    "cp": "72340",
    "dept": "72",
    "region": ""
  },
  {
    "name": "LA FERTE BERNARD",
    "cp": "72400",
    "dept": "72",
    "region": ""
  },
  {
    "name": "LA FLECHE",
    "cp": "72200",
    "dept": "72",
    "region": ""
  },
  {
    "name": "LA FONTAINE ST MARTIN",
    "cp": "72330",
    "dept": "72",
    "region": ""
  },
  {
    "name": "LA GUIERCHE",
    "cp": "72380",
    "dept": "72",
    "region": ""
  },
  {
    "name": "LA MILESSE",
    "cp": "72650",
    "dept": "72",
    "region": ""
  },
  {
    "name": "LA QUINTE",
    "cp": "72550",
    "dept": "72",
    "region": ""
  },
  {
    "name": "LA SUZE SUR SARTHE",
    "cp": "72210",
    "dept": "72",
    "region": ""
  },
  {
    "name": "LAIGNE ST GERVAIS",
    "cp": "72220",
    "dept": "72",
    "region": ""
  },
  {
    "name": "LAIGNE ST GERVAIS",
    "cp": "72220",
    "dept": "72",
    "region": ""
  },
  {
    "name": "LAMNAY",
    "cp": "72320",
    "dept": "72",
    "region": ""
  },
  {
    "name": "LAVARDIN",
    "cp": "72240",
    "dept": "72",
    "region": ""
  },
  {
    "name": "LAVARE",
    "cp": "72390",
    "dept": "72",
    "region": ""
  },
  {
    "name": "LAVERNAT",
    "cp": "72500",
    "dept": "72",
    "region": ""
  },
  {
    "name": "LE BAILLEUL",
    "cp": "72200",
    "dept": "72",
    "region": ""
  },
  {
    "name": "LE BREIL SUR MERIZE",
    "cp": "72370",
    "dept": "72",
    "region": ""
  },
  {
    "name": "LE GRAND LUCE",
    "cp": "72150",
    "dept": "72",
    "region": ""
  },
  {
    "name": "LE GREZ",
    "cp": "72140",
    "dept": "72",
    "region": ""
  },
  {
    "name": "LE LUART",
    "cp": "72390",
    "dept": "72",
    "region": ""
  },
  {
    "name": "LE LUDE",
    "cp": "72800",
    "dept": "72",
    "region": ""
  },
  {
    "name": "LE LUDE",
    "cp": "72800",
    "dept": "72",
    "region": ""
  },
  {
    "name": "LE MANS",
    "cp": "72000",
    "dept": "72",
    "region": ""
  },
  {
    "name": "LE MANS",
    "cp": "72100",
    "dept": "72",
    "region": ""
  },
  {
    "name": "LE TRONCHET",
    "cp": "72170",
    "dept": "72",
    "region": ""
  },
  {
    "name": "LES AULNEAUX",
    "cp": "72600",
    "dept": "72",
    "region": ""
  },
  {
    "name": "LES MEES",
    "cp": "72260",
    "dept": "72",
    "region": ""
  },
  {
    "name": "LHOMME",
    "cp": "72340",
    "dept": "72",
    "region": ""
  },
  {
    "name": "LIGRON",
    "cp": "72270",
    "dept": "72",
    "region": ""
  },
  {
    "name": "LIVET EN SAOSNOIS",
    "cp": "72610",
    "dept": "72",
    "region": ""
  },
  {
    "name": "LOIR EN VALLEE",
    "cp": "72310",
    "dept": "72",
    "region": ""
  },
  {
    "name": "LOIR EN VALLEE",
    "cp": "72310",
    "dept": "72",
    "region": ""
  },
  {
    "name": "LOIR EN VALLEE",
    "cp": "72340",
    "dept": "72",
    "region": ""
  },
  {
    "name": "LOIR EN VALLEE",
    "cp": "72340",
    "dept": "72",
    "region": ""
  },
  {
    "name": "LOIR EN VALLEE",
    "cp": "72340",
    "dept": "72",
    "region": ""
  },
  {
    "name": "LOMBRON",
    "cp": "72450",
    "dept": "72",
    "region": ""
  },
  {
    "name": "LONGNES",
    "cp": "72540",
    "dept": "72",
    "region": ""
  },
  {
    "name": "LOUAILLES",
    "cp": "72300",
    "dept": "72",
    "region": ""
  },
  {
    "name": "LOUE",
    "cp": "72540",
    "dept": "72",
    "region": ""
  },
  {
    "name": "LOUPLANDE",
    "cp": "72210",
    "dept": "72",
    "region": ""
  },
  {
    "name": "LOUVIGNY",
    "cp": "72600",
    "dept": "72",
    "region": ""
  },
  {
    "name": "LOUZES",
    "cp": "72600",
    "dept": "72",
    "region": ""
  },
  {
    "name": "LUCE SOUS BALLON",
    "cp": "72290",
    "dept": "72",
    "region": ""
  },
  {
    "name": "LUCEAU",
    "cp": "72500",
    "dept": "72",
    "region": ""
  },
  {
    "name": "LUCHE PRINGE",
    "cp": "72800",
    "dept": "72",
    "region": ""
  },
  {
    "name": "MAIGNE",
    "cp": "72210",
    "dept": "72",
    "region": ""
  },
  {
    "name": "MAISONCELLES",
    "cp": "72440",
    "dept": "72",
    "region": ""
  },
  {
    "name": "MALICORNE SUR SARTHE",
    "cp": "72270",
    "dept": "72",
    "region": ""
  },
  {
    "name": "MAMERS",
    "cp": "72600",
    "dept": "72",
    "region": ""
  },
  {
    "name": "MANSIGNE",
    "cp": "72510",
    "dept": "72",
    "region": ""
  },
  {
    "name": "MARCON",
    "cp": "72340",
    "dept": "72",
    "region": ""
  },
  {
    "name": "MAREIL EN CHAMPAGNE",
    "cp": "72540",
    "dept": "72",
    "region": ""
  },
  {
    "name": "MAREIL SUR LOIR",
    "cp": "72200",
    "dept": "72",
    "region": ""
  },
  {
    "name": "MARESCHE",
    "cp": "72170",
    "dept": "72",
    "region": ""
  },
  {
    "name": "MARIGNE LAILLE",
    "cp": "72220",
    "dept": "72",
    "region": ""
  },
  {
    "name": "MAROLLES LES BRAULTS",
    "cp": "72260",
    "dept": "72",
    "region": ""
  },
  {
    "name": "MAROLLES LES BRAULTS",
    "cp": "72260",
    "dept": "72",
    "region": ""
  },
  {
    "name": "MAROLLES LES ST CALAIS",
    "cp": "72120",
    "dept": "72",
    "region": ""
  },
  {
    "name": "MAROLLETTE",
    "cp": "72600",
    "dept": "72",
    "region": ""
  },
  {
    "name": "MAYET",
    "cp": "72360",
    "dept": "72",
    "region": ""
  },
  {
    "name": "MELLERAY",
    "cp": "72320",
    "dept": "72",
    "region": ""
  },
  {
    "name": "MEURCE",
    "cp": "72170",
    "dept": "72",
    "region": ""
  },
  {
    "name": "MEZERAY",
    "cp": "72270",
    "dept": "72",
    "region": ""
  },
  {
    "name": "MEZIERES SOUS LAVARDIN",
    "cp": "72240",
    "dept": "72",
    "region": ""
  },
  {
    "name": "MEZIERES SUR PONTHOUIN",
    "cp": "72290",
    "dept": "72",
    "region": ""
  },
  {
    "name": "MOITRON SUR SARTHE",
    "cp": "72170",
    "dept": "72",
    "region": ""
  },
  {
    "name": "MOITRON SUR SARTHE",
    "cp": "72170",
    "dept": "72",
    "region": ""
  },
  {
    "name": "MONCE EN BELIN",
    "cp": "72230",
    "dept": "72",
    "region": ""
  },
  {
    "name": "MONCE EN SAOSNOIS",
    "cp": "72260",
    "dept": "72",
    "region": ""
  },
  {
    "name": "MONHOUDOU",
    "cp": "72260",
    "dept": "72",
    "region": ""
  },
  {
    "name": "MONT ST JEAN",
    "cp": "72140",
    "dept": "72",
    "region": ""
  },
  {
    "name": "MONTAILLE",
    "cp": "72120",
    "dept": "72",
    "region": ""
  },
  {
    "name": "MONTBIZOT",
    "cp": "72380",
    "dept": "72",
    "region": ""
  },
  {
    "name": "MONTFORT LE GESNOIS",
    "cp": "72450",
    "dept": "72",
    "region": ""
  },
  {
    "name": "MONTMIRAIL",
    "cp": "72320",
    "dept": "72",
    "region": ""
  },
  {
    "name": "MONTREUIL LE CHETIF",
    "cp": "72130",
    "dept": "72",
    "region": ""
  },
  {
    "name": "MONTREUIL LE HENRI",
    "cp": "72150",
    "dept": "72",
    "region": ""
  },
  {
    "name": "MONTVAL SUR LOIR",
    "cp": "72500",
    "dept": "72",
    "region": ""
  },
  {
    "name": "MONTVAL SUR LOIR",
    "cp": "72500",
    "dept": "72",
    "region": ""
  },
  {
    "name": "MONTVAL SUR LOIR",
    "cp": "72500",
    "dept": "72",
    "region": ""
  },
  {
    "name": "MONTVAL SUR LOIR",
    "cp": "72500",
    "dept": "72",
    "region": ""
  },
  {
    "name": "MOULINS LE CARBONNEL",
    "cp": "72130",
    "dept": "72",
    "region": ""
  },
  {
    "name": "MULSANNE",
    "cp": "72230",
    "dept": "72",
    "region": ""
  },
  {
    "name": "NAUVAY",
    "cp": "72260",
    "dept": "72",
    "region": ""
  },
  {
    "name": "NEUFCHATEL EN SAOSNOIS",
    "cp": "72600",
    "dept": "72",
    "region": ""
  },
  {
    "name": "NEUVILLALAIS",
    "cp": "72240",
    "dept": "72",
    "region": ""
  },
  {
    "name": "NEUVILLE SUR SARTHE",
    "cp": "72190",
    "dept": "72",
    "region": ""
  },
  {
    "name": "NEUVILLETTE EN CHARNIE",
    "cp": "72140",
    "dept": "72",
    "region": ""
  },
  {
    "name": "NOGENT LE BERNARD",
    "cp": "72110",
    "dept": "72",
    "region": ""
  },
  {
    "name": "NOGENT SUR LOIR",
    "cp": "72500",
    "dept": "72",
    "region": ""
  },
  {
    "name": "NOTRE DAME DU PE",
    "cp": "72300",
    "dept": "72",
    "region": ""
  },
  {
    "name": "NOUANS",
    "cp": "72260",
    "dept": "72",
    "region": ""
  },
  {
    "name": "NOYEN SUR SARTHE",
    "cp": "72430",
    "dept": "72",
    "region": ""
  },
  {
    "name": "NUILLE LE JALAIS",
    "cp": "72370",
    "dept": "72",
    "region": ""
  },
  {
    "name": "OISSEAU LE PETIT",
    "cp": "72610",
    "dept": "72",
    "region": ""
  },
  {
    "name": "OIZE",
    "cp": "72330",
    "dept": "72",
    "region": ""
  },
  {
    "name": "PANON",
    "cp": "72600",
    "dept": "72",
    "region": ""
  },
  {
    "name": "PARCE SUR SARTHE",
    "cp": "72300",
    "dept": "72",
    "region": ""
  },
  {
    "name": "PARENNES",
    "cp": "72140",
    "dept": "72",
    "region": ""
  },
  {
    "name": "PARIGNE L EVEQUE",
    "cp": "72250",
    "dept": "72",
    "region": ""
  },
  {
    "name": "PARIGNE LE POLIN",
    "cp": "72330",
    "dept": "72",
    "region": ""
  },
  {
    "name": "PERAY",
    "cp": "72260",
    "dept": "72",
    "region": ""
  },
  {
    "name": "PEZE LE ROBERT",
    "cp": "72140",
    "dept": "72",
    "region": ""
  },
  {
    "name": "PIACE",
    "cp": "72170",
    "dept": "72",
    "region": ""
  },
  {
    "name": "PINCE",
    "cp": "72300",
    "dept": "72",
    "region": ""
  },
  {
    "name": "PIRMIL",
    "cp": "72430",
    "dept": "72",
    "region": ""
  },
  {
    "name": "PIZIEUX",
    "cp": "72600",
    "dept": "72",
    "region": ""
  },
  {
    "name": "POILLE SUR VEGRE",
    "cp": "72350",
    "dept": "72",
    "region": ""
  },
  {
    "name": "PONTVALLAIN",
    "cp": "72510",
    "dept": "72",
    "region": ""
  },
  {
    "name": "PRECIGNE",
    "cp": "72300",
    "dept": "72",
    "region": ""
  },
  {
    "name": "PREVAL",
    "cp": "72400",
    "dept": "72",
    "region": ""
  },
  {
    "name": "PREVELLES",
    "cp": "72110",
    "dept": "72",
    "region": ""
  },
  {
    "name": "PRUILLE L EGUILLE",
    "cp": "72150",
    "dept": "72",
    "region": ""
  },
  {
    "name": "PRUILLE LE CHETIF",
    "cp": "72700",
    "dept": "72",
    "region": ""
  },
  {
    "name": "RAHAY",
    "cp": "72120",
    "dept": "72",
    "region": ""
  },
  {
    "name": "RENE",
    "cp": "72260",
    "dept": "72",
    "region": ""
  },
  {
    "name": "REQUEIL",
    "cp": "72510",
    "dept": "72",
    "region": ""
  },
  {
    "name": "ROEZE SUR SARTHE",
    "cp": "72210",
    "dept": "72",
    "region": ""
  },
  {
    "name": "ROUESSE FONTAINE",
    "cp": "72610",
    "dept": "72",
    "region": ""
  },
  {
    "name": "ROUESSE VASSE",
    "cp": "72140",
    "dept": "72",
    "region": ""
  },
  {
    "name": "ROUEZ",
    "cp": "72140",
    "dept": "72",
    "region": ""
  },
  {
    "name": "ROUILLON",
    "cp": "72700",
    "dept": "72",
    "region": ""
  },
  {
    "name": "ROUPERROUX LE COQUET",
    "cp": "72110",
    "dept": "72",
    "region": ""
  },
  {
    "name": "RUAUDIN",
    "cp": "72230",
    "dept": "72",
    "region": ""
  },
  {
    "name": "RUILLE EN CHAMPAGNE",
    "cp": "72240",
    "dept": "72",
    "region": ""
  },
  {
    "name": "SABLE SUR SARTHE",
    "cp": "72300",
    "dept": "72",
    "region": ""
  },
  {
    "name": "SAOSNES",
    "cp": "72600",
    "dept": "72",
    "region": ""
  },
  {
    "name": "SARCE",
    "cp": "72360",
    "dept": "72",
    "region": ""
  },
  {
    "name": "SARGE LES LE MANS",
    "cp": "72190",
    "dept": "72",
    "region": ""
  },
  {
    "name": "SAVIGNE L EVEQUE",
    "cp": "72460",
    "dept": "72",
    "region": ""
  },
  {
    "name": "SAVIGNE SOUS LE LUDE",
    "cp": "72800",
    "dept": "72",
    "region": ""
  },
  {
    "name": "SCEAUX SUR HUISNE",
    "cp": "72160",
    "dept": "72",
    "region": ""
  },
  {
    "name": "SEGRIE",
    "cp": "72170",
    "dept": "72",
    "region": ""
  },
  {
    "name": "SEMUR EN VALLON",
    "cp": "72390",
    "dept": "72",
    "region": ""
  },
  {
    "name": "SILLE LE GUILLAUME",
    "cp": "72140",
    "dept": "72",
    "region": ""
  },
  {
    "name": "SILLE LE PHILIPPE",
    "cp": "72460",
    "dept": "72",
    "region": ""
  },
  {
    "name": "SOLESMES",
    "cp": "72300",
    "dept": "72",
    "region": ""
  },
  {
    "name": "SOUGE LE GANELON",
    "cp": "72130",
    "dept": "72",
    "region": ""
  },
  {
    "name": "SOUILLE",
    "cp": "72380",
    "dept": "72",
    "region": ""
  },
  {
    "name": "SOULIGNE FLACE",
    "cp": "72210",
    "dept": "72",
    "region": ""
  },
  {
    "name": "SOULIGNE SOUS BALLON",
    "cp": "72290",
    "dept": "72",
    "region": ""
  },
  {
    "name": "SOULITRE",
    "cp": "72370",
    "dept": "72",
    "region": ""
  },
  {
    "name": "SOUVIGNE SUR MEME",
    "cp": "72400",
    "dept": "72",
    "region": ""
  },
  {
    "name": "SOUVIGNE SUR SARTHE",
    "cp": "72300",
    "dept": "72",
    "region": ""
  },
  {
    "name": "SPAY",
    "cp": "72700",
    "dept": "72",
    "region": ""
  },
  {
    "name": "ST AIGNAN",
    "cp": "72110",
    "dept": "72",
    "region": ""
  },
  {
    "name": "ST AUBIN DE LOCQUENAY",
    "cp": "72130",
    "dept": "72",
    "region": ""
  },
  {
    "name": "ST AUBIN DES COUDRAIS",
    "cp": "72400",
    "dept": "72",
    "region": ""
  },
  {
    "name": "ST BIEZ EN BELIN",
    "cp": "72220",
    "dept": "72",
    "region": ""
  },
  {
    "name": "ST CALAIS",
    "cp": "72120",
    "dept": "72",
    "region": ""
  },
  {
    "name": "ST CALEZ EN SAOSNOIS",
    "cp": "72600",
    "dept": "72",
    "region": ""
  },
  {
    "name": "ST CELERIN",
    "cp": "72110",
    "dept": "72",
    "region": ""
  },
  {
    "name": "ST CHRISTOPHE DU JAMBET",
    "cp": "72170",
    "dept": "72",
    "region": ""
  },
  {
    "name": "ST CHRISTOPHE EN CHAMPAGNE",
    "cp": "72540",
    "dept": "72",
    "region": ""
  },
  {
    "name": "ST CORNEILLE",
    "cp": "72460",
    "dept": "72",
    "region": ""
  },
  {
    "name": "ST COSME EN VAIRAIS",
    "cp": "72110",
    "dept": "72",
    "region": ""
  },
  {
    "name": "ST DENIS D ORQUES",
    "cp": "72350",
    "dept": "72",
    "region": ""
  },
  {
    "name": "ST DENIS DES COUDRAIS",
    "cp": "72110",
    "dept": "72",
    "region": ""
  },
  {
    "name": "ST GEORGES DE LA COUEE",
    "cp": "72150",
    "dept": "72",
    "region": ""
  },
  {
    "name": "ST GEORGES DU BOIS",
    "cp": "72700",
    "dept": "72",
    "region": ""
  },
  {
    "name": "ST GEORGES DU ROSAY",
    "cp": "72110",
    "dept": "72",
    "region": ""
  },
  {
    "name": "ST GEORGES LE GAULTIER",
    "cp": "72130",
    "dept": "72",
    "region": ""
  },
  {
    "name": "ST GERMAIN D ARCE",
    "cp": "72800",
    "dept": "72",
    "region": ""
  },
  {
    "name": "ST GERVAIS DE VIC",
    "cp": "72120",
    "dept": "72",
    "region": ""
  },
  {
    "name": "ST JEAN D ASSE",
    "cp": "72380",
    "dept": "72",
    "region": ""
  },
  {
    "name": "ST JEAN DE LA MOTTE",
    "cp": "72510",
    "dept": "72",
    "region": ""
  },
  {
    "name": "ST JEAN DES ECHELLES",
    "cp": "72320",
    "dept": "72",
    "region": ""
  },
  {
    "name": "ST JEAN DU BOIS",
    "cp": "72430",
    "dept": "72",
    "region": ""
  },
  {
    "name": "ST LEONARD DES BOIS",
    "cp": "72130",
    "dept": "72",
    "region": ""
  },
  {
    "name": "ST LONGIS",
    "cp": "72600",
    "dept": "72",
    "region": ""
  },
  {
    "name": "ST MAIXENT",
    "cp": "72320",
    "dept": "72",
    "region": ""
  },
  {
    "name": "ST MARCEAU",
    "cp": "72170",
    "dept": "72",
    "region": ""
  },
  {
    "name": "ST MARS D OUTILLE",
    "cp": "72220",
    "dept": "72",
    "region": ""
  },
  {
    "name": "ST MARS LA BRIERE",
    "cp": "72470",
    "dept": "72",
    "region": ""
  },
  {
    "name": "ST MARTIN DES MONTS",
    "cp": "72400",
    "dept": "72",
    "region": ""
  },
  {
    "name": "ST MICHEL DE CHAVAIGNES",
    "cp": "72440",
    "dept": "72",
    "region": ""
  },
  {
    "name": "ST OUEN DE MIMBRE",
    "cp": "72130",
    "dept": "72",
    "region": ""
  },
  {
    "name": "ST OUEN EN BELIN",
    "cp": "72220",
    "dept": "72",
    "region": ""
  },
  {
    "name": "ST OUEN EN CHAMPAGNE",
    "cp": "72350",
    "dept": "72",
    "region": ""
  },
  {
    "name": "ST PATERNE LE CHEVAIN",
    "cp": "72610",
    "dept": "72",
    "region": ""
  },
  {
    "name": "ST PATERNE LE CHEVAIN",
    "cp": "72610",
    "dept": "72",
    "region": ""
  },
  {
    "name": "ST PAUL LE GAULTIER",
    "cp": "72130",
    "dept": "72",
    "region": ""
  },
  {
    "name": "ST PAVACE",
    "cp": "72190",
    "dept": "72",
    "region": ""
  },
  {
    "name": "ST PIERRE DE CHEVILLE",
    "cp": "72500",
    "dept": "72",
    "region": ""
  },
  {
    "name": "ST PIERRE DES BOIS",
    "cp": "72430",
    "dept": "72",
    "region": ""
  },
  {
    "name": "ST PIERRE DES ORMES",
    "cp": "72600",
    "dept": "72",
    "region": ""
  },
  {
    "name": "ST PIERRE DU LOROUER",
    "cp": "72150",
    "dept": "72",
    "region": ""
  },
  {
    "name": "ST REMY DE SILLE",
    "cp": "72140",
    "dept": "72",
    "region": ""
  },
  {
    "name": "ST REMY DES MONTS",
    "cp": "72600",
    "dept": "72",
    "region": ""
  },
  {
    "name": "ST REMY DU VAL",
    "cp": "72600",
    "dept": "72",
    "region": ""
  },
  {
    "name": "ST SATURNIN",
    "cp": "72650",
    "dept": "72",
    "region": ""
  },
  {
    "name": "ST SYMPHORIEN",
    "cp": "72240",
    "dept": "72",
    "region": ""
  },
  {
    "name": "ST ULPHACE",
    "cp": "72320",
    "dept": "72",
    "region": ""
  },
  {
    "name": "ST VICTEUR",
    "cp": "72130",
    "dept": "72",
    "region": ""
  },
  {
    "name": "ST VINCENT DES PRES",
    "cp": "72600",
    "dept": "72",
    "region": ""
  },
  {
    "name": "ST VINCENT DU LOROUER",
    "cp": "72150",
    "dept": "72",
    "region": ""
  },
  {
    "name": "STE CEROTTE",
    "cp": "72120",
    "dept": "72",
    "region": ""
  },
  {
    "name": "STE JAMME SUR SARTHE",
    "cp": "72380",
    "dept": "72",
    "region": ""
  },
  {
    "name": "STE JAMME SUR SARTHE",
    "cp": "72380",
    "dept": "72",
    "region": ""
  },
  {
    "name": "STE SABINE SUR LONGEVE",
    "cp": "72380",
    "dept": "72",
    "region": ""
  },
  {
    "name": "SURFONDS",
    "cp": "72370",
    "dept": "72",
    "region": ""
  },
  {
    "name": "TASSE",
    "cp": "72430",
    "dept": "72",
    "region": ""
  },
  {
    "name": "TASSILLE",
    "cp": "72540",
    "dept": "72",
    "region": ""
  },
  {
    "name": "TEILLE",
    "cp": "72290",
    "dept": "72",
    "region": ""
  },
  {
    "name": "TELOCHE",
    "cp": "72220",
    "dept": "72",
    "region": ""
  },
  {
    "name": "TENNIE",
    "cp": "72240",
    "dept": "72",
    "region": ""
  },
  {
    "name": "TERREHAULT",
    "cp": "72110",
    "dept": "72",
    "region": ""
  },
  {
    "name": "THELIGNY",
    "cp": "72320",
    "dept": "72",
    "region": ""
  },
  {
    "name": "THOIGNE",
    "cp": "72260",
    "dept": "72",
    "region": ""
  },
  {
    "name": "THOIRE SOUS CONTENSOR",
    "cp": "72610",
    "dept": "72",
    "region": ""
  },
  {
    "name": "THOIRE SUR DINAN",
    "cp": "72500",
    "dept": "72",
    "region": ""
  },
  {
    "name": "THOREE LES PINS",
    "cp": "72800",
    "dept": "72",
    "region": ""
  },
  {
    "name": "THORIGNE SUR DUE",
    "cp": "72160",
    "dept": "72",
    "region": ""
  },
  {
    "name": "TORCE EN VALLEE",
    "cp": "72110",
    "dept": "72",
    "region": ""
  },
  {
    "name": "TRANGE",
    "cp": "72650",
    "dept": "72",
    "region": ""
  },
  {
    "name": "TRESSON",
    "cp": "72440",
    "dept": "72",
    "region": ""
  },
  {
    "name": "TUFFE VAL DE LA CHERONNE",
    "cp": "72160",
    "dept": "72",
    "region": ""
  },
  {
    "name": "TUFFE VAL DE LA CHERONNE",
    "cp": "72160",
    "dept": "72",
    "region": ""
  },
  {
    "name": "VAAS",
    "cp": "72500",
    "dept": "72",
    "region": ""
  },
  {
    "name": "VAL D ETANGSON",
    "cp": "72120",
    "dept": "72",
    "region": ""
  },
  {
    "name": "VAL D ETANGSON",
    "cp": "72120",
    "dept": "72",
    "region": ""
  },
  {
    "name": "VAL DE LA HUNE",
    "cp": "72440",
    "dept": "72",
    "region": ""
  },
  {
    "name": "VAL DE LA HUNE",
    "cp": "72440",
    "dept": "72",
    "region": ""
  },
  {
    "name": "VALENNES",
    "cp": "72320",
    "dept": "72",
    "region": ""
  },
  {
    "name": "VALLON SUR GEE",
    "cp": "72540",
    "dept": "72",
    "region": ""
  },
  {
    "name": "VANCE",
    "cp": "72310",
    "dept": "72",
    "region": ""
  },
  {
    "name": "VERNEIL LE CHETIF",
    "cp": "72360",
    "dept": "72",
    "region": ""
  },
  {
    "name": "VERNIE",
    "cp": "72170",
    "dept": "72",
    "region": ""
  },
  {
    "name": "VEZOT",
    "cp": "72600",
    "dept": "72",
    "region": ""
  },
  {
    "name": "VIBRAYE",
    "cp": "72320",
    "dept": "72",
    "region": ""
  },
  {
    "name": "VILLAINES LA CARELLE",
    "cp": "72600",
    "dept": "72",
    "region": ""
  },
  {
    "name": "VILLAINES LA GONAIS",
    "cp": "72400",
    "dept": "72",
    "region": ""
  },
  {
    "name": "VILLAINES SOUS LUCE",
    "cp": "72150",
    "dept": "72",
    "region": ""
  },
  {
    "name": "VILLAINES SOUS MALICORNE",
    "cp": "72270",
    "dept": "72",
    "region": ""
  },
  {
    "name": "VILLENEUVE EN PERSEIGNE",
    "cp": "72600",
    "dept": "72",
    "region": ""
  },
  {
    "name": "VILLENEUVE EN PERSEIGNE",
    "cp": "72600",
    "dept": "72",
    "region": ""
  },
  {
    "name": "VILLENEUVE EN PERSEIGNE",
    "cp": "72600",
    "dept": "72",
    "region": ""
  },
  {
    "name": "VILLENEUVE EN PERSEIGNE",
    "cp": "72600",
    "dept": "72",
    "region": ""
  },
  {
    "name": "VILLENEUVE EN PERSEIGNE",
    "cp": "72610",
    "dept": "72",
    "region": ""
  },
  {
    "name": "VILLENEUVE EN PERSEIGNE",
    "cp": "72610",
    "dept": "72",
    "region": ""
  },
  {
    "name": "VILLENEUVE EN PERSEIGNE",
    "cp": "72610",
    "dept": "72",
    "region": ""
  },
  {
    "name": "VION",
    "cp": "72300",
    "dept": "72",
    "region": ""
  },
  {
    "name": "VIRE EN CHAMPAGNE",
    "cp": "72350",
    "dept": "72",
    "region": ""
  },
  {
    "name": "VIVOIN",
    "cp": "72170",
    "dept": "72",
    "region": ""
  },
  {
    "name": "VOIVRES LES LE MANS",
    "cp": "72210",
    "dept": "72",
    "region": ""
  },
  {
    "name": "VOUVRAY SUR HUISNE",
    "cp": "72160",
    "dept": "72",
    "region": ""
  },
  {
    "name": "YVRE L EVEQUE",
    "cp": "72530",
    "dept": "72",
    "region": ""
  },
  {
    "name": "YVRE LE POLIN",
    "cp": "72330",
    "dept": "72",
    "region": ""
  }
]