[
  {
    "name": "ALBON",
    "cp": "26140",
    "dept": "26",
    "region": ""
  },
  {
    "name": "ALEYRAC",
    "cp": "26770",
    "dept": "26",
    "region": ""
  },
  {
    "name": "ALIXAN",
    "cp": "26300",
    "dept": "26",
    "region": ""
  },
  {
    "name": "ALLAN",
    "cp": "26780",
    "dept": "26",
    "region": ""
  },
  {
    "name": "ALLEX",
    "cp": "26400",
    "dept": "26",
    "region": ""
  },
  {
    "name": "AMBONIL",
    "cp": "26800",
    "dept": "26",
    "region": ""
  },
  {
    "name": "ANCONE",
    "cp": "26200",
    "dept": "26",
    "region": ""
  },
  {
    "name": "ANDANCETTE",
    "cp": "26140",
    "dept": "26",
    "region": ""
  },
  {
    "name": "ANDANCETTE",
    "cp": "26140",
    "dept": "26",
    "region": ""
  },
  {
    "name": "ANNEYRON",
    "cp": "26140",
    "dept": "26",
    "region": ""
  },
  {
    "name": "AOUSTE SUR SYE",
    "cp": "26400",
    "dept": "26",
    "region": ""
  },
  {
    "name": "ARNAYON",
    "cp": "26470",
    "dept": "26",
    "region": ""
  },
  {
    "name": "ARPAVON",
    "cp": "26110",
    "dept": "26",
    "region": ""
  },
  {
    "name": "ARTHEMONAY",
    "cp": "26260",
    "dept": "26",
    "region": ""
  },
  {
    "name": "AUBENASSON",
    "cp": "26340",
    "dept": "26",
    "region": ""
  },
  {
    "name": "AUBRES",
    "cp": "26110",
    "dept": "26",
    "region": ""
  },
  {
    "name": "AUCELON",
    "cp": "26340",
    "dept": "26",
    "region": ""
  },
  {
    "name": "AULAN",
    "cp": "26570",
    "dept": "26",
    "region": ""
  },
  {
    "name": "AUREL",
    "cp": "26340",
    "dept": "26",
    "region": ""
  },
  {
    "name": "AUTICHAMP",
    "cp": "26400",
    "dept": "26",
    "region": ""
  },
  {
    "name": "BALLONS",
    "cp": "26560",
    "dept": "26",
    "region": ""
  },
  {
    "name": "BARBIERES",
    "cp": "26300",
    "dept": "26",
    "region": ""
  },
  {
    "name": "BARCELONNE",
    "cp": "26120",
    "dept": "26",
    "region": ""
  },
  {
    "name": "BARNAVE",
    "cp": "26310",
    "dept": "26",
    "region": ""
  },
  {
    "name": "BARRET DE LIOURE",
    "cp": "26570",
    "dept": "26",
    "region": ""
  },
  {
    "name": "BARSAC",
    "cp": "26150",
    "dept": "26",
    "region": ""
  },
  {
    "name": "BATHERNAY",
    "cp": "26260",
    "dept": "26",
    "region": ""
  },
  {
    "name": "BEAUFORT SUR GERVANNE",
    "cp": "26400",
    "dept": "26",
    "region": ""
  },
  {
    "name": "BEAUMONT EN DIOIS",
    "cp": "26310",
    "dept": "26",
    "region": ""
  },
  {
    "name": "BEAUMONT LES VALENCE",
    "cp": "26760",
    "dept": "26",
    "region": ""
  },
  {
    "name": "BEAUMONT MONTEUX",
    "cp": "26600",
    "dept": "26",
    "region": ""
  },
  {
    "name": "BEAUREGARD BARET",
    "cp": "26300",
    "dept": "26",
    "region": ""
  },
  {
    "name": "BEAURIERES",
    "cp": "26310",
    "dept": "26",
    "region": ""
  },
  {
    "name": "BEAUSEMBLANT",
    "cp": "26240",
    "dept": "26",
    "region": ""
  },
  {
    "name": "BEAUVALLON",
    "cp": "26800",
    "dept": "26",
    "region": ""
  },
  {
    "name": "BEAUVOISIN",
    "cp": "26170",
    "dept": "26",
    "region": ""
  },
  {
    "name": "BELLECOMBE TARENDOL",
    "cp": "26110",
    "dept": "26",
    "region": ""
  },
  {
    "name": "BELLEGARDE EN DIOIS",
    "cp": "26470",
    "dept": "26",
    "region": ""
  },
  {
    "name": "BENIVAY OLLON",
    "cp": "26170",
    "dept": "26",
    "region": ""
  },
  {
    "name": "BESAYES",
    "cp": "26300",
    "dept": "26",
    "region": ""
  },
  {
    "name": "BESIGNAN",
    "cp": "26110",
    "dept": "26",
    "region": ""
  },
  {
    "name": "BEZAUDUN SUR BINE",
    "cp": "26460",
    "dept": "26",
    "region": ""
  },
  {
    "name": "BONLIEU SUR ROUBION",
    "cp": "26160",
    "dept": "26",
    "region": ""
  },
  {
    "name": "BOUCHET",
    "cp": "26790",
    "dept": "26",
    "region": ""
  },
  {
    "name": "BOULC",
    "cp": "26410",
    "dept": "26",
    "region": ""
  },
  {
    "name": "BOULC",
    "cp": "26410",
    "dept": "26",
    "region": ""
  },
  {
    "name": "BOULC",
    "cp": "26410",
    "dept": "26",
    "region": ""
  },
  {
    "name": "BOURDEAUX",
    "cp": "26460",
    "dept": "26",
    "region": ""
  },
  {
    "name": "BOURG DE PEAGE",
    "cp": "26300",
    "dept": "26",
    "region": ""
  },
  {
    "name": "BOURG LES VALENCE",
    "cp": "26500",
    "dept": "26",
    "region": ""
  },
  {
    "name": "BOUVANTE",
    "cp": "26190",
    "dept": "26",
    "region": ""
  },
  {
    "name": "BOUVIERES",
    "cp": "26460",
    "dept": "26",
    "region": ""
  },
  {
    "name": "BREN",
    "cp": "26260",
    "dept": "26",
    "region": ""
  },
  {
    "name": "BRETTE",
    "cp": "26340",
    "dept": "26",
    "region": ""
  },
  {
    "name": "BUIS LES BARONNIES",
    "cp": "26170",
    "dept": "26",
    "region": ""
  },
  {
    "name": "CHABEUIL",
    "cp": "26120",
    "dept": "26",
    "region": ""
  },
  {
    "name": "CHABEUIL",
    "cp": "26120",
    "dept": "26",
    "region": ""
  },
  {
    "name": "CHABRILLAN",
    "cp": "26400",
    "dept": "26",
    "region": ""
  },
  {
    "name": "CHALANCON",
    "cp": "26470",
    "dept": "26",
    "region": ""
  },
  {
    "name": "CHAMALOC",
    "cp": "26150",
    "dept": "26",
    "region": ""
  },
  {
    "name": "CHAMARET",
    "cp": "26230",
    "dept": "26",
    "region": ""
  },
  {
    "name": "CHANOS CURSON",
    "cp": "26600",
    "dept": "26",
    "region": ""
  },
  {
    "name": "CHANTEMERLE LES BLES",
    "cp": "26600",
    "dept": "26",
    "region": ""
  },
  {
    "name": "CHANTEMERLE LES GRIGNAN",
    "cp": "26230",
    "dept": "26",
    "region": ""
  },
  {
    "name": "CHARENS",
    "cp": "26310",
    "dept": "26",
    "region": ""
  },
  {
    "name": "CHARMES SUR L HERBASSE",
    "cp": "26260",
    "dept": "26",
    "region": ""
  },
  {
    "name": "CHAROLS",
    "cp": "26450",
    "dept": "26",
    "region": ""
  },
  {
    "name": "CHARPEY",
    "cp": "26300",
    "dept": "26",
    "region": ""
  },
  {
    "name": "CHARPEY",
    "cp": "26300",
    "dept": "26",
    "region": ""
  },
  {
    "name": "CHASTEL ARNAUD",
    "cp": "26340",
    "dept": "26",
    "region": ""
  },
  {
    "name": "CHATEAUDOUBLE",
    "cp": "26120",
    "dept": "26",
    "region": ""
  },
  {
    "name": "CHATEAUNEUF DE BORDETTE",
    "cp": "26110",
    "dept": "26",
    "region": ""
  },
  {
    "name": "CHATEAUNEUF DE GALAURE",
    "cp": "26330",
    "dept": "26",
    "region": ""
  },
  {
    "name": "CHATEAUNEUF DU RHONE",
    "cp": "26780",
    "dept": "26",
    "region": ""
  },
  {
    "name": "CHATEAUNEUF SUR ISERE",
    "cp": "26300",
    "dept": "26",
    "region": ""
  },
  {
    "name": "CHATILLON EN DIOIS",
    "cp": "26410",
    "dept": "26",
    "region": ""
  },
  {
    "name": "CHATILLON EN DIOIS",
    "cp": "26410",
    "dept": "26",
    "region": ""
  },
  {
    "name": "CHATILLON EN DIOIS",
    "cp": "26410",
    "dept": "26",
    "region": ""
  },
  {
    "name": "CHATILLON ST JEAN",
    "cp": "26750",
    "dept": "26",
    "region": ""
  },
  {
    "name": "CHATUZANGE LE GOUBET",
    "cp": "26300",
    "dept": "26",
    "region": ""
  },
  {
    "name": "CHATUZANGE LE GOUBET",
    "cp": "26300",
    "dept": "26",
    "region": ""
  },
  {
    "name": "CHAUDEBONNE",
    "cp": "26110",
    "dept": "26",
    "region": ""
  },
  {
    "name": "CHAUVAC LAUX MONTAUX",
    "cp": "26510",
    "dept": "26",
    "region": ""
  },
  {
    "name": "CHAUVAC LAUX MONTAUX",
    "cp": "26510",
    "dept": "26",
    "region": ""
  },
  {
    "name": "CHAVANNES",
    "cp": "26260",
    "dept": "26",
    "region": ""
  },
  {
    "name": "CLANSAYES",
    "cp": "26130",
    "dept": "26",
    "region": ""
  },
  {
    "name": "CLAVEYSON",
    "cp": "26240",
    "dept": "26",
    "region": ""
  },
  {
    "name": "CLEON D ANDRAN",
    "cp": "26450",
    "dept": "26",
    "region": ""
  },
  {
    "name": "CLERIEUX",
    "cp": "26260",
    "dept": "26",
    "region": ""
  },
  {
    "name": "CLIOUSCLAT",
    "cp": "26270",
    "dept": "26",
    "region": ""
  },
  {
    "name": "COBONNE",
    "cp": "26400",
    "dept": "26",
    "region": ""
  },
  {
    "name": "COLONZELLE",
    "cp": "26230",
    "dept": "26",
    "region": ""
  },
  {
    "name": "COMBOVIN",
    "cp": "26120",
    "dept": "26",
    "region": ""
  },
  {
    "name": "COMPS",
    "cp": "26220",
    "dept": "26",
    "region": ""
  },
  {
    "name": "CONDILLAC",
    "cp": "26740",
    "dept": "26",
    "region": ""
  },
  {
    "name": "CONDORCET",
    "cp": "26110",
    "dept": "26",
    "region": ""
  },
  {
    "name": "CORNILLAC",
    "cp": "26510",
    "dept": "26",
    "region": ""
  },
  {
    "name": "CORNILLON SUR L OULE",
    "cp": "26510",
    "dept": "26",
    "region": ""
  },
  {
    "name": "CREPOL",
    "cp": "26350",
    "dept": "26",
    "region": ""
  },
  {
    "name": "CREST",
    "cp": "26400",
    "dept": "26",
    "region": ""
  },
  {
    "name": "CROZES HERMITAGE",
    "cp": "26600",
    "dept": "26",
    "region": ""
  },
  {
    "name": "CRUPIES",
    "cp": "26460",
    "dept": "26",
    "region": ""
  },
  {
    "name": "CURNIER",
    "cp": "26110",
    "dept": "26",
    "region": ""
  },
  {
    "name": "DIE",
    "cp": "26150",
    "dept": "26",
    "region": ""
  },
  {
    "name": "DIEULEFIT",
    "cp": "26220",
    "dept": "26",
    "region": ""
  },
  {
    "name": "DIVAJEU",
    "cp": "26400",
    "dept": "26",
    "region": ""
  },
  {
    "name": "DONZERE",
    "cp": "26290",
    "dept": "26",
    "region": ""
  },
  {
    "name": "ECHEVIS",
    "cp": "26190",
    "dept": "26",
    "region": ""
  },
  {
    "name": "EPINOUZE",
    "cp": "26210",
    "dept": "26",
    "region": ""
  },
  {
    "name": "EROME",
    "cp": "26600",
    "dept": "26",
    "region": ""
  },
  {
    "name": "ESPELUCHE",
    "cp": "26780",
    "dept": "26",
    "region": ""
  },
  {
    "name": "ESPENEL",
    "cp": "26340",
    "dept": "26",
    "region": ""
  },
  {
    "name": "ESTABLET",
    "cp": "26470",
    "dept": "26",
    "region": ""
  },
  {
    "name": "ETOILE SUR RHONE",
    "cp": "26800",
    "dept": "26",
    "region": ""
  },
  {
    "name": "ETOILE SUR RHONE",
    "cp": "26800",
    "dept": "26",
    "region": ""
  },
  {
    "name": "EURRE",
    "cp": "26400",
    "dept": "26",
    "region": ""
  },
  {
    "name": "EYGALAYES",
    "cp": "26560",
    "dept": "26",
    "region": ""
  },
  {
    "name": "EYGALIERS",
    "cp": "26170",
    "dept": "26",
    "region": ""
  },
  {
    "name": "EYGLUY ESCOULIN",
    "cp": "26400",
    "dept": "26",
    "region": ""
  },
  {
    "name": "EYMEUX",
    "cp": "26730",
    "dept": "26",
    "region": ""
  },
  {
    "name": "EYMEUX",
    "cp": "26730",
    "dept": "26",
    "region": ""
  },
  {
    "name": "EYROLES",
    "cp": "26110",
    "dept": "26",
    "region": ""
  },
  {
    "name": "EYZAHUT",
    "cp": "26160",
    "dept": "26",
    "region": ""
  },
  {
    "name": "FAY LE CLOS",
    "cp": "26240",
    "dept": "26",
    "region": ""
  },
  {
    "name": "FELINES SUR RIMANDOULE",
    "cp": "26160",
    "dept": "26",
    "region": ""
  },
  {
    "name": "FERRASSIERES",
    "cp": "26570",
    "dept": "26",
    "region": ""
  },
  {
    "name": "FRANCILLON SUR ROUBION",
    "cp": "26400",
    "dept": "26",
    "region": ""
  },
  {
    "name": "GENISSIEUX",
    "cp": "26750",
    "dept": "26",
    "region": ""
  },
  {
    "name": "GERVANS",
    "cp": "26600",
    "dept": "26",
    "region": ""
  },
  {
    "name": "GEYSSANS",
    "cp": "26750",
    "dept": "26",
    "region": ""
  },
  {
    "name": "GIGORS ET LOZERON",
    "cp": "26400",
    "dept": "26",
    "region": ""
  },
  {
    "name": "GLANDAGE",
    "cp": "26410",
    "dept": "26",
    "region": ""
  },
  {
    "name": "GRANE",
    "cp": "26400",
    "dept": "26",
    "region": ""
  },
  {
    "name": "GRANGES LES BEAUMONT",
    "cp": "26600",
    "dept": "26",
    "region": ""
  },
  {
    "name": "GRIGNAN",
    "cp": "26230",
    "dept": "26",
    "region": ""
  },
  {
    "name": "GUMIANE",
    "cp": "26470",
    "dept": "26",
    "region": ""
  },
  {
    "name": "HAUTERIVES",
    "cp": "26390",
    "dept": "26",
    "region": ""
  },
  {
    "name": "HOSTUN",
    "cp": "26730",
    "dept": "26",
    "region": ""
  },
  {
    "name": "IZON LA BRUISSE",
    "cp": "26560",
    "dept": "26",
    "region": ""
  },
  {
    "name": "JAILLANS",
    "cp": "26300",
    "dept": "26",
    "region": ""
  },
  {
    "name": "JONCHERES",
    "cp": "26310",
    "dept": "26",
    "region": ""
  },
  {
    "name": "LA BATIE DES FONDS",
    "cp": "26310",
    "dept": "26",
    "region": ""
  },
  {
    "name": "LA BATIE ROLLAND",
    "cp": "26160",
    "dept": "26",
    "region": ""
  },
  {
    "name": "LA BAUME CORNILLANE",
    "cp": "26120",
    "dept": "26",
    "region": ""
  },
  {
    "name": "LA BAUME D HOSTUN",
    "cp": "26730",
    "dept": "26",
    "region": ""
  },
  {
    "name": "LA BAUME DE TRANSIT",
    "cp": "26790",
    "dept": "26",
    "region": ""
  },
  {
    "name": "LA BEGUDE DE MAZENC",
    "cp": "26160",
    "dept": "26",
    "region": ""
  },
  {
    "name": "LA CHAPELLE EN VERCORS",
    "cp": "26420",
    "dept": "26",
    "region": ""
  },
  {
    "name": "LA CHAPELLE EN VERCORS",
    "cp": "26420",
    "dept": "26",
    "region": ""
  },
  {
    "name": "LA CHARCE",
    "cp": "26470",
    "dept": "26",
    "region": ""
  },
  {
    "name": "LA CHAUDIERE",
    "cp": "26340",
    "dept": "26",
    "region": ""
  },
  {
    "name": "LA COUCOURDE",
    "cp": "26740",
    "dept": "26",
    "region": ""
  },
  {
    "name": "LA COUCOURDE",
    "cp": "26740",
    "dept": "26",
    "region": ""
  },
  {
    "name": "LA GARDE ADHEMAR",
    "cp": "26700",
    "dept": "26",
    "region": ""
  },
  {
    "name": "LA LAUPIE",
    "cp": "26740",
    "dept": "26",
    "region": ""
  },
  {
    "name": "LA MOTTE CHALANCON",
    "cp": "26470",
    "dept": "26",
    "region": ""
  },
  {
    "name": "LA MOTTE FANJAS",
    "cp": "26190",
    "dept": "26",
    "region": ""
  },
  {
    "name": "LA PENNE SUR L OUVEZE",
    "cp": "26170",
    "dept": "26",
    "region": ""
  },
  {
    "name": "LA REPARA AURIPLES",
    "cp": "26400",
    "dept": "26",
    "region": ""
  },
  {
    "name": "LA ROCHE DE GLUN",
    "cp": "26600",
    "dept": "26",
    "region": ""
  },
  {
    "name": "LA ROCHE SUR GRANE",
    "cp": "26400",
    "dept": "26",
    "region": ""
  },
  {
    "name": "LA ROCHE SUR LE BUIS",
    "cp": "26170",
    "dept": "26",
    "region": ""
  },
  {
    "name": "LA ROCHETTE DU BUIS",
    "cp": "26170",
    "dept": "26",
    "region": ""
  },
  {
    "name": "LA TOUCHE",
    "cp": "26160",
    "dept": "26",
    "region": ""
  },
  {
    "name": "LABOREL",
    "cp": "26560",
    "dept": "26",
    "region": ""
  },
  {
    "name": "LACHAU",
    "cp": "26560",
    "dept": "26",
    "region": ""
  },
  {
    "name": "LAPEYROUSE MORNAY",
    "cp": "26210",
    "dept": "26",
    "region": ""
  },
  {
    "name": "LARNAGE",
    "cp": "26600",
    "dept": "26",
    "region": ""
  },
  {
    "name": "LAVAL D AIX",
    "cp": "26150",
    "dept": "26",
    "region": ""
  },
  {
    "name": "LAVEYRON",
    "cp": "26240",
    "dept": "26",
    "region": ""
  },
  {
    "name": "LE CHAFFAL",
    "cp": "26190",
    "dept": "26",
    "region": ""
  },
  {
    "name": "LE CHAFFAL",
    "cp": "26190",
    "dept": "26",
    "region": ""
  },
  {
    "name": "LE CHALON",
    "cp": "26350",
    "dept": "26",
    "region": ""
  },
  {
    "name": "LE GRAND SERRE",
    "cp": "26530",
    "dept": "26",
    "region": ""
  },
  {
    "name": "LE PEGUE",
    "cp": "26770",
    "dept": "26",
    "region": ""
  },
  {
    "name": "LE POET CELARD",
    "cp": "26460",
    "dept": "26",
    "region": ""
  },
  {
    "name": "LE POET EN PERCIP",
    "cp": "26170",
    "dept": "26",
    "region": ""
  },
  {
    "name": "LE POET LAVAL",
    "cp": "26160",
    "dept": "26",
    "region": ""
  },
  {
    "name": "LE POET SIGILLAT",
    "cp": "26110",
    "dept": "26",
    "region": ""
  },
  {
    "name": "LEMPS",
    "cp": "26510",
    "dept": "26",
    "region": ""
  },
  {
    "name": "LENS LESTANG",
    "cp": "26210",
    "dept": "26",
    "region": ""
  },
  {
    "name": "LEONCEL",
    "cp": "26190",
    "dept": "26",
    "region": ""
  },
  {
    "name": "LES GRANGES GONTARDES",
    "cp": "26290",
    "dept": "26",
    "region": ""
  },
  {
    "name": "LES PILLES",
    "cp": "26110",
    "dept": "26",
    "region": ""
  },
  {
    "name": "LES PRES",
    "cp": "26310",
    "dept": "26",
    "region": ""
  },
  {
    "name": "LES TONILS",
    "cp": "26460",
    "dept": "26",
    "region": ""
  },
  {
    "name": "LES TOURRETTES",
    "cp": "26740",
    "dept": "26",
    "region": ""
  },
  {
    "name": "LESCHES EN DIOIS",
    "cp": "26310",
    "dept": "26",
    "region": ""
  },
  {
    "name": "LIVRON SUR DROME",
    "cp": "26250",
    "dept": "26",
    "region": ""
  },
  {
    "name": "LIVRON SUR DROME",
    "cp": "26250",
    "dept": "26",
    "region": ""
  },
  {
    "name": "LORIOL SUR DROME",
    "cp": "26270",
    "dept": "26",
    "region": ""
  },
  {
    "name": "LUC EN DIOIS",
    "cp": "26310",
    "dept": "26",
    "region": ""
  },
  {
    "name": "LUS LA CROIX HAUTE",
    "cp": "26620",
    "dept": "26",
    "region": ""
  },
  {
    "name": "MALATAVERNE",
    "cp": "26780",
    "dept": "26",
    "region": ""
  },
  {
    "name": "MALISSARD",
    "cp": "26120",
    "dept": "26",
    "region": ""
  },
  {
    "name": "MANAS",
    "cp": "26160",
    "dept": "26",
    "region": ""
  },
  {
    "name": "MANTHES",
    "cp": "26210",
    "dept": "26",
    "region": ""
  },
  {
    "name": "MARCHES",
    "cp": "26300",
    "dept": "26",
    "region": ""
  },
  {
    "name": "MARGES",
    "cp": "26260",
    "dept": "26",
    "region": ""
  },
  {
    "name": "MARIGNAC EN DIOIS",
    "cp": "26150",
    "dept": "26",
    "region": ""
  },
  {
    "name": "MARSANNE",
    "cp": "26740",
    "dept": "26",
    "region": ""
  },
  {
    "name": "MARSAZ",
    "cp": "26260",
    "dept": "26",
    "region": ""
  },
  {
    "name": "MENGLON",
    "cp": "26410",
    "dept": "26",
    "region": ""
  },
  {
    "name": "MERCUROL VEAUNES",
    "cp": "26600",
    "dept": "26",
    "region": ""
  },
  {
    "name": "MERCUROL VEAUNES",
    "cp": "26600",
    "dept": "26",
    "region": ""
  },
  {
    "name": "MERINDOL LES OLIVIERS",
    "cp": "26170",
    "dept": "26",
    "region": ""
  },
  {
    "name": "MEVOUILLON",
    "cp": "26560",
    "dept": "26",
    "region": ""
  },
  {
    "name": "MIRABEL AUX BARONNIES",
    "cp": "26110",
    "dept": "26",
    "region": ""
  },
  {
    "name": "MIRABEL ET BLACONS",
    "cp": "26400",
    "dept": "26",
    "region": ""
  },
  {
    "name": "MIRMANDE",
    "cp": "26270",
    "dept": "26",
    "region": ""
  },
  {
    "name": "MISCON",
    "cp": "26310",
    "dept": "26",
    "region": ""
  },
  {
    "name": "MOLLANS SUR OUVEZE",
    "cp": "26170",
    "dept": "26",
    "region": ""
  },
  {
    "name": "MONTAUBAN SUR L OUVEZE",
    "cp": "26170",
    "dept": "26",
    "region": ""
  },
  {
    "name": "MONTAULIEU",
    "cp": "26110",
    "dept": "26",
    "region": ""
  },
  {
    "name": "MONTBOUCHER SUR JABRON",
    "cp": "26740",
    "dept": "26",
    "region": ""
  },
  {
    "name": "MONTBRISON SUR LEZ",
    "cp": "26770",
    "dept": "26",
    "region": ""
  },
  {
    "name": "MONTBRUN LES BAINS",
    "cp": "26570",
    "dept": "26",
    "region": ""
  },
  {
    "name": "MONTCHENU",
    "cp": "26350",
    "dept": "26",
    "region": ""
  },
  {
    "name": "MONTCLAR SUR GERVANNE",
    "cp": "26400",
    "dept": "26",
    "region": ""
  },
  {
    "name": "MONTELEGER",
    "cp": "26760",
    "dept": "26",
    "region": ""
  },
  {
    "name": "MONTELIER",
    "cp": "26120",
    "dept": "26",
    "region": ""
  },
  {
    "name": "MONTELIER",
    "cp": "26120",
    "dept": "26",
    "region": ""
  },
  {
    "name": "MONTELIMAR",
    "cp": "26200",
    "dept": "26",
    "region": ""
  },
  {
    "name": "MONTFERRAND LA FARE",
    "cp": "26510",
    "dept": "26",
    "region": ""
  },
  {
    "name": "MONTFROC",
    "cp": "26560",
    "dept": "26",
    "region": ""
  },
  {
    "name": "MONTGUERS",
    "cp": "26170",
    "dept": "26",
    "region": ""
  },
  {
    "name": "MONTJOUX",
    "cp": "26220",
    "dept": "26",
    "region": ""
  },
  {
    "name": "MONTJOYER",
    "cp": "26230",
    "dept": "26",
    "region": ""
  },
  {
    "name": "MONTLAUR EN DIOIS",
    "cp": "26310",
    "dept": "26",
    "region": ""
  },
  {
    "name": "MONTMAUR EN DIOIS",
    "cp": "26150",
    "dept": "26",
    "region": ""
  },
  {
    "name": "MONTMEYRAN",
    "cp": "26120",
    "dept": "26",
    "region": ""
  },
  {
    "name": "MONTMIRAL",
    "cp": "26750",
    "dept": "26",
    "region": ""
  },
  {
    "name": "MONTOISON",
    "cp": "26800",
    "dept": "26",
    "region": ""
  },
  {
    "name": "MONTREAL LES SOURCES",
    "cp": "26510",
    "dept": "26",
    "region": ""
  },
  {
    "name": "MONTSEGUR SUR LAUZON",
    "cp": "26130",
    "dept": "26",
    "region": ""
  },
  {
    "name": "MONTVENDRE",
    "cp": "26120",
    "dept": "26",
    "region": ""
  },
  {
    "name": "MORAS EN VALLOIRE",
    "cp": "26210",
    "dept": "26",
    "region": ""
  },
  {
    "name": "MORNANS",
    "cp": "26460",
    "dept": "26",
    "region": ""
  },
  {
    "name": "MOURS ST EUSEBE",
    "cp": "26540",
    "dept": "26",
    "region": ""
  },
  {
    "name": "NYONS",
    "cp": "26110",
    "dept": "26",
    "region": ""
  },
  {
    "name": "OMBLEZE",
    "cp": "26400",
    "dept": "26",
    "region": ""
  },
  {
    "name": "ORCINAS",
    "cp": "26220",
    "dept": "26",
    "region": ""
  },
  {
    "name": "ORIOL EN ROYANS",
    "cp": "26190",
    "dept": "26",
    "region": ""
  },
  {
    "name": "OURCHES",
    "cp": "26120",
    "dept": "26",
    "region": ""
  },
  {
    "name": "PARNANS",
    "cp": "26750",
    "dept": "26",
    "region": ""
  },
  {
    "name": "PELONNE",
    "cp": "26510",
    "dept": "26",
    "region": ""
  },
  {
    "name": "PENNES LE SEC",
    "cp": "26340",
    "dept": "26",
    "region": ""
  },
  {
    "name": "PEYRINS",
    "cp": "26380",
    "dept": "26",
    "region": ""
  },
  {
    "name": "PEYRUS",
    "cp": "26120",
    "dept": "26",
    "region": ""
  },
  {
    "name": "PIEGON",
    "cp": "26110",
    "dept": "26",
    "region": ""
  },
  {
    "name": "PIEGROS LA CLASTRE",
    "cp": "26400",
    "dept": "26",
    "region": ""
  },
  {
    "name": "PIERRELATTE",
    "cp": "26700",
    "dept": "26",
    "region": ""
  },
  {
    "name": "PIERRELONGUE",
    "cp": "26170",
    "dept": "26",
    "region": ""
  },
  {
    "name": "PLAISIANS",
    "cp": "26170",
    "dept": "26",
    "region": ""
  },
  {
    "name": "PLAN DE BAIX",
    "cp": "26400",
    "dept": "26",
    "region": ""
  },
  {
    "name": "POMMEROL",
    "cp": "26470",
    "dept": "26",
    "region": ""
  },
  {
    "name": "PONET ET ST AUBAN",
    "cp": "26150",
    "dept": "26",
    "region": ""
  },
  {
    "name": "PONSAS",
    "cp": "26240",
    "dept": "26",
    "region": ""
  },
  {
    "name": "PONT DE BARRET",
    "cp": "26160",
    "dept": "26",
    "region": ""
  },
  {
    "name": "PONT DE L ISERE",
    "cp": "26600",
    "dept": "26",
    "region": ""
  },
  {
    "name": "PONTAIX",
    "cp": "26150",
    "dept": "26",
    "region": ""
  },
  {
    "name": "PORTES EN VALDAINE",
    "cp": "26160",
    "dept": "26",
    "region": ""
  },
  {
    "name": "PORTES LES VALENCE",
    "cp": "26800",
    "dept": "26",
    "region": ""
  },
  {
    "name": "POYOLS",
    "cp": "26310",
    "dept": "26",
    "region": ""
  },
  {
    "name": "PRADELLE",
    "cp": "26340",
    "dept": "26",
    "region": ""
  },
  {
    "name": "PROPIAC",
    "cp": "26170",
    "dept": "26",
    "region": ""
  },
  {
    "name": "PUY ST MARTIN",
    "cp": "26450",
    "dept": "26",
    "region": ""
  },
  {
    "name": "PUYGIRON",
    "cp": "26160",
    "dept": "26",
    "region": ""
  },
  {
    "name": "RATIERES",
    "cp": "26330",
    "dept": "26",
    "region": ""
  },
  {
    "name": "REAUVILLE",
    "cp": "26230",
    "dept": "26",
    "region": ""
  },
  {
    "name": "RECOUBEAU JANSAC",
    "cp": "26310",
    "dept": "26",
    "region": ""
  },
  {
    "name": "RECOUBEAU JANSAC",
    "cp": "26310",
    "dept": "26",
    "region": ""
  },
  {
    "name": "REILHANETTE",
    "cp": "26570",
    "dept": "26",
    "region": ""
  },
  {
    "name": "REMUZAT",
    "cp": "26510",
    "dept": "26",
    "region": ""
  },
  {
    "name": "RIMON ET SAVEL",
    "cp": "26340",
    "dept": "26",
    "region": ""
  },
  {
    "name": "RIOMS",
    "cp": "26170",
    "dept": "26",
    "region": ""
  },
  {
    "name": "ROCHE ST SECRET BECONNE",
    "cp": "26770",
    "dept": "26",
    "region": ""
  },
  {
    "name": "ROCHE ST SECRET BECONNE",
    "cp": "26770",
    "dept": "26",
    "region": ""
  },
  {
    "name": "ROCHEBAUDIN",
    "cp": "26160",
    "dept": "26",
    "region": ""
  },
  {
    "name": "ROCHEBRUNE",
    "cp": "26110",
    "dept": "26",
    "region": ""
  },
  {
    "name": "ROCHECHINARD",
    "cp": "26190",
    "dept": "26",
    "region": ""
  },
  {
    "name": "ROCHEFORT EN VALDAINE",
    "cp": "26160",
    "dept": "26",
    "region": ""
  },
  {
    "name": "ROCHEFORT SAMSON",
    "cp": "26300",
    "dept": "26",
    "region": ""
  },
  {
    "name": "ROCHEFOURCHAT",
    "cp": "26340",
    "dept": "26",
    "region": ""
  },
  {
    "name": "ROCHEGUDE",
    "cp": "26790",
    "dept": "26",
    "region": ""
  },
  {
    "name": "ROMANS SUR ISERE",
    "cp": "26100",
    "dept": "26",
    "region": ""
  },
  {
    "name": "ROMEYER",
    "cp": "26150",
    "dept": "26",
    "region": ""
  },
  {
    "name": "ROTTIER",
    "cp": "26470",
    "dept": "26",
    "region": ""
  },
  {
    "name": "ROUSSAS",
    "cp": "26230",
    "dept": "26",
    "region": ""
  },
  {
    "name": "ROUSSET LES VIGNES",
    "cp": "26770",
    "dept": "26",
    "region": ""
  },
  {
    "name": "ROUSSIEUX",
    "cp": "26510",
    "dept": "26",
    "region": ""
  },
  {
    "name": "ROYNAC",
    "cp": "26450",
    "dept": "26",
    "region": ""
  },
  {
    "name": "SAHUNE",
    "cp": "26510",
    "dept": "26",
    "region": ""
  },
  {
    "name": "SAILLANS",
    "cp": "26340",
    "dept": "26",
    "region": ""
  },
  {
    "name": "SAILLANS",
    "cp": "26340",
    "dept": "26",
    "region": ""
  },
  {
    "name": "SALETTES",
    "cp": "26160",
    "dept": "26",
    "region": ""
  },
  {
    "name": "SALLES SOUS BOIS",
    "cp": "26770",
    "dept": "26",
    "region": ""
  },
  {
    "name": "SAOU",
    "cp": "26400",
    "dept": "26",
    "region": ""
  },
  {
    "name": "SAULCE SUR RHONE",
    "cp": "26270",
    "dept": "26",
    "region": ""
  },
  {
    "name": "SAULCE SUR RHONE",
    "cp": "26270",
    "dept": "26",
    "region": ""
  },
  {
    "name": "SAUZET",
    "cp": "26740",
    "dept": "26",
    "region": ""
  },
  {
    "name": "SAVASSE",
    "cp": "26740",
    "dept": "26",
    "region": ""
  },
  {
    "name": "SAVASSE",
    "cp": "26740",
    "dept": "26",
    "region": ""
  },
  {
    "name": "SEDERON",
    "cp": "26560",
    "dept": "26",
    "region": ""
  },
  {
    "name": "SERVES SUR RHONE",
    "cp": "26600",
    "dept": "26",
    "region": ""
  },
  {
    "name": "SOLAURE EN DIOIS",
    "cp": "26150",
    "dept": "26",
    "region": ""
  },
  {
    "name": "SOLAURE EN DIOIS",
    "cp": "26150",
    "dept": "26",
    "region": ""
  },
  {
    "name": "SOLERIEUX",
    "cp": "26130",
    "dept": "26",
    "region": ""
  },
  {
    "name": "SOUSPIERRE",
    "cp": "26160",
    "dept": "26",
    "region": ""
  },
  {
    "name": "SOYANS",
    "cp": "26400",
    "dept": "26",
    "region": ""
  },
  {
    "name": "ST AGNAN EN VERCORS",
    "cp": "26420",
    "dept": "26",
    "region": ""
  },
  {
    "name": "ST AGNAN EN VERCORS",
    "cp": "26420",
    "dept": "26",
    "region": ""
  },
  {
    "name": "ST AGNAN EN VERCORS",
    "cp": "26420",
    "dept": "26",
    "region": ""
  },
  {
    "name": "ST ANDEOL",
    "cp": "26150",
    "dept": "26",
    "region": ""
  },
  {
    "name": "ST AUBAN SUR L OUVEZE",
    "cp": "26170",
    "dept": "26",
    "region": ""
  },
  {
    "name": "ST AVIT",
    "cp": "26330",
    "dept": "26",
    "region": ""
  },
  {
    "name": "ST BARDOUX",
    "cp": "26260",
    "dept": "26",
    "region": ""
  },
  {
    "name": "ST BARTHELEMY DE VALS",
    "cp": "26240",
    "dept": "26",
    "region": ""
  },
  {
    "name": "ST BENOIT EN DIOIS",
    "cp": "26340",
    "dept": "26",
    "region": ""
  },
  {
    "name": "ST CHRISTOPHE ET LE LARIS",
    "cp": "26350",
    "dept": "26",
    "region": ""
  },
  {
    "name": "ST DIZIER EN DIOIS",
    "cp": "26310",
    "dept": "26",
    "region": ""
  },
  {
    "name": "ST DONAT SUR L HERBASSE",
    "cp": "26260",
    "dept": "26",
    "region": ""
  },
  {
    "name": "ST FERREOL TRENTE PAS",
    "cp": "26110",
    "dept": "26",
    "region": ""
  },
  {
    "name": "ST GERVAIS SUR ROUBION",
    "cp": "26160",
    "dept": "26",
    "region": ""
  },
  {
    "name": "ST JEAN DE GALAURE",
    "cp": "26240",
    "dept": "26",
    "region": ""
  },
  {
    "name": "ST JEAN DE GALAURE",
    "cp": "26240",
    "dept": "26",
    "region": ""
  },
  {
    "name": "ST JEAN EN ROYANS",
    "cp": "26190",
    "dept": "26",
    "region": ""
  },
  {
    "name": "ST JULIEN EN QUINT",
    "cp": "26150",
    "dept": "26",
    "region": ""
  },
  {
    "name": "ST JULIEN EN VERCORS",
    "cp": "26420",
    "dept": "26",
    "region": ""
  },
  {
    "name": "ST LAURENT D ONAY",
    "cp": "26350",
    "dept": "26",
    "region": ""
  },
  {
    "name": "ST LAURENT EN ROYANS",
    "cp": "26190",
    "dept": "26",
    "region": ""
  },
  {
    "name": "ST MARCEL LES SAUZET",
    "cp": "26740",
    "dept": "26",
    "region": ""
  },
  {
    "name": "ST MARCEL LES VALENCE",
    "cp": "26320",
    "dept": "26",
    "region": ""
  },
  {
    "name": "ST MARTIN D AOUT",
    "cp": "26330",
    "dept": "26",
    "region": ""
  },
  {
    "name": "ST MARTIN EN VERCORS",
    "cp": "26420",
    "dept": "26",
    "region": ""
  },
  {
    "name": "ST MARTIN LE COLONEL",
    "cp": "26190",
    "dept": "26",
    "region": ""
  },
  {
    "name": "ST MAURICE SUR EYGUES",
    "cp": "26110",
    "dept": "26",
    "region": ""
  },
  {
    "name": "ST MAY",
    "cp": "26510",
    "dept": "26",
    "region": ""
  },
  {
    "name": "ST MICHEL SUR SAVASSE",
    "cp": "26750",
    "dept": "26",
    "region": ""
  },
  {
    "name": "ST NAZAIRE EN ROYANS",
    "cp": "26190",
    "dept": "26",
    "region": ""
  },
  {
    "name": "ST NAZAIRE LE DESERT",
    "cp": "26340",
    "dept": "26",
    "region": ""
  },
  {
    "name": "ST PANTALEON LES VIGNES",
    "cp": "26770",
    "dept": "26",
    "region": ""
  },
  {
    "name": "ST PAUL LES ROMANS",
    "cp": "26750",
    "dept": "26",
    "region": ""
  },
  {
    "name": "ST PAUL TROIS CHATEAUX",
    "cp": "26130",
    "dept": "26",
    "region": ""
  },
  {
    "name": "ST RAMBERT D ALBON",
    "cp": "26140",
    "dept": "26",
    "region": ""
  },
  {
    "name": "ST RESTITUT",
    "cp": "26130",
    "dept": "26",
    "region": ""
  },
  {
    "name": "ST ROMAN",
    "cp": "26410",
    "dept": "26",
    "region": ""
  },
  {
    "name": "ST SAUVEUR EN DIOIS",
    "cp": "26340",
    "dept": "26",
    "region": ""
  },
  {
    "name": "ST SAUVEUR GOUVERNET",
    "cp": "26110",
    "dept": "26",
    "region": ""
  },
  {
    "name": "ST SORLIN EN VALLOIRE",
    "cp": "26210",
    "dept": "26",
    "region": ""
  },
  {
    "name": "ST THOMAS EN ROYANS",
    "cp": "26190",
    "dept": "26",
    "region": ""
  },
  {
    "name": "ST UZE",
    "cp": "26240",
    "dept": "26",
    "region": ""
  },
  {
    "name": "ST VALLIER",
    "cp": "26240",
    "dept": "26",
    "region": ""
  },
  {
    "name": "ST VINCENT LA COMMANDERIE",
    "cp": "26300",
    "dept": "26",
    "region": ""
  },
  {
    "name": "STE CROIX",
    "cp": "26150",
    "dept": "26",
    "region": ""
  },
  {
    "name": "STE EULALIE EN ROYANS",
    "cp": "26190",
    "dept": "26",
    "region": ""
  },
  {
    "name": "STE EUPHEMIE SUR OUVEZE",
    "cp": "26170",
    "dept": "26",
    "region": ""
  },
  {
    "name": "STE JALLE",
    "cp": "26110",
    "dept": "26",
    "region": ""
  },
  {
    "name": "SUZE",
    "cp": "26400",
    "dept": "26",
    "region": ""
  },
  {
    "name": "SUZE LA ROUSSE",
    "cp": "26790",
    "dept": "26",
    "region": ""
  },
  {
    "name": "TAIN L HERMITAGE",
    "cp": "26600",
    "dept": "26",
    "region": ""
  },
  {
    "name": "TAULIGNAN",
    "cp": "26770",
    "dept": "26",
    "region": ""
  },
  {
    "name": "TERSANNE",
    "cp": "26390",
    "dept": "26",
    "region": ""
  },
  {
    "name": "TEYSSIERES",
    "cp": "26220",
    "dept": "26",
    "region": ""
  },
  {
    "name": "TRIORS",
    "cp": "26750",
    "dept": "26",
    "region": ""
  },
  {
    "name": "TRUINAS",
    "cp": "26460",
    "dept": "26",
    "region": ""
  },
  {
    "name": "TULETTE",
    "cp": "26790",
    "dept": "26",
    "region": ""
  },
  {
    "name": "UPIE",
    "cp": "26120",
    "dept": "26",
    "region": ""
  },
  {
    "name": "VACHERES EN QUINT",
    "cp": "26150",
    "dept": "26",
    "region": ""
  },
  {
    "name": "VAL MARAVEL",
    "cp": "26310",
    "dept": "26",
    "region": ""
  },
  {
    "name": "VAL MARAVEL",
    "cp": "26310",
    "dept": "26",
    "region": ""
  },
  {
    "name": "VAL MARAVEL",
    "cp": "26310",
    "dept": "26",
    "region": ""
  },
  {
    "name": "VALAURIE",
    "cp": "26230",
    "dept": "26",
    "region": ""
  },
  {
    "name": "VALDROME",
    "cp": "26310",
    "dept": "26",
    "region": ""
  },
  {
    "name": "VALENCE",
    "cp": "26000",
    "dept": "26",
    "region": ""
  },
  {
    "name": "VALHERBASSE",
    "cp": "26350",
    "dept": "26",
    "region": ""
  },
  {
    "name": "VALHERBASSE",
    "cp": "26350",
    "dept": "26",
    "region": ""
  },
  {
    "name": "VALHERBASSE",
    "cp": "26350",
    "dept": "26",
    "region": ""
  },
  {
    "name": "VALOUSE",
    "cp": "26110",
    "dept": "26",
    "region": ""
  },
  {
    "name": "VASSIEUX EN VERCORS",
    "cp": "26420",
    "dept": "26",
    "region": ""
  },
  {
    "name": "VAUNAVEYS LA ROCHETTE",
    "cp": "26400",
    "dept": "26",
    "region": ""
  },
  {
    "name": "VAUNAVEYS LA ROCHETTE",
    "cp": "26400",
    "dept": "26",
    "region": ""
  },
  {
    "name": "VENTEROL",
    "cp": "26110",
    "dept": "26",
    "region": ""
  },
  {
    "name": "VERCHENY",
    "cp": "26340",
    "dept": "26",
    "region": ""
  },
  {
    "name": "VERCLAUSE",
    "cp": "26510",
    "dept": "26",
    "region": ""
  },
  {
    "name": "VERCOIRAN",
    "cp": "26170",
    "dept": "26",
    "region": ""
  },
  {
    "name": "VERS SUR MEOUGE",
    "cp": "26560",
    "dept": "26",
    "region": ""
  },
  {
    "name": "VESC",
    "cp": "26220",
    "dept": "26",
    "region": ""
  },
  {
    "name": "VILLEFRANCHE LE CHATEAU",
    "cp": "26560",
    "dept": "26",
    "region": ""
  },
  {
    "name": "VILLEPERDRIX",
    "cp": "26510",
    "dept": "26",
    "region": ""
  },
  {
    "name": "VINSOBRES",
    "cp": "26110",
    "dept": "26",
    "region": ""
  },
  {
    "name": "VOLVENT",
    "cp": "26470",
    "dept": "26",
    "region": ""
  }
]