[
  {
    "name": "ABEILHAN",
    "cp": "34290",
    "dept": "34",
    "region": ""
  },
  {
    "name": "ADISSAN",
    "cp": "34230",
    "dept": "34",
    "region": ""
  },
  {
    "name": "AGDE",
    "cp": "34300",
    "dept": "34",
    "region": ""
  },
  {
    "name": "AGEL",
    "cp": "34210",
    "dept": "34",
    "region": ""
  },
  {
    "name": "AGONES",
    "cp": "34190",
    "dept": "34",
    "region": ""
  },
  {
    "name": "AIGNE",
    "cp": "34210",
    "dept": "34",
    "region": ""
  },
  {
    "name": "AIGUES VIVES",
    "cp": "34210",
    "dept": "34",
    "region": ""
  },
  {
    "name": "ALIGNAN DU VENT",
    "cp": "34290",
    "dept": "34",
    "region": ""
  },
  {
    "name": "ANIANE",
    "cp": "34150",
    "dept": "34",
    "region": ""
  },
  {
    "name": "ARBORAS",
    "cp": "34150",
    "dept": "34",
    "region": ""
  },
  {
    "name": "ARGELLIERS",
    "cp": "34380",
    "dept": "34",
    "region": ""
  },
  {
    "name": "ASPIRAN",
    "cp": "34800",
    "dept": "34",
    "region": ""
  },
  {
    "name": "ASSAS",
    "cp": "34820",
    "dept": "34",
    "region": ""
  },
  {
    "name": "ASSIGNAN",
    "cp": "34360",
    "dept": "34",
    "region": ""
  },
  {
    "name": "AUMELAS",
    "cp": "34230",
    "dept": "34",
    "region": ""
  },
  {
    "name": "AUMES",
    "cp": "34530",
    "dept": "34",
    "region": ""
  },
  {
    "name": "AUTIGNAC",
    "cp": "34480",
    "dept": "34",
    "region": ""
  },
  {
    "name": "AVENE",
    "cp": "34260",
    "dept": "34",
    "region": ""
  },
  {
    "name": "AZILLANET",
    "cp": "34210",
    "dept": "34",
    "region": ""
  },
  {
    "name": "BABEAU BOULDOUX",
    "cp": "34360",
    "dept": "34",
    "region": ""
  },
  {
    "name": "BAILLARGUES",
    "cp": "34670",
    "dept": "34",
    "region": ""
  },
  {
    "name": "BALARUC LE VIEUX",
    "cp": "34540",
    "dept": "34",
    "region": ""
  },
  {
    "name": "BALARUC LES BAINS",
    "cp": "34540",
    "dept": "34",
    "region": ""
  },
  {
    "name": "BASSAN",
    "cp": "34290",
    "dept": "34",
    "region": ""
  },
  {
    "name": "BEAUFORT",
    "cp": "34210",
    "dept": "34",
    "region": ""
  },
  {
    "name": "BEAULIEU",
    "cp": "34160",
    "dept": "34",
    "region": ""
  },
  {
    "name": "BEDARIEUX",
    "cp": "34600",
    "dept": "34",
    "region": ""
  },
  {
    "name": "BELARGA",
    "cp": "34230",
    "dept": "34",
    "region": ""
  },
  {
    "name": "BERLOU",
    "cp": "34360",
    "dept": "34",
    "region": ""
  },
  {
    "name": "BESSAN",
    "cp": "34550",
    "dept": "34",
    "region": ""
  },
  {
    "name": "BEZIERS",
    "cp": "34500",
    "dept": "34",
    "region": ""
  },
  {
    "name": "BOISSERON",
    "cp": "34160",
    "dept": "34",
    "region": ""
  },
  {
    "name": "BOISSET",
    "cp": "34220",
    "dept": "34",
    "region": ""
  },
  {
    "name": "BOUJAN SUR LIBRON",
    "cp": "34760",
    "dept": "34",
    "region": ""
  },
  {
    "name": "BOUZIGUES",
    "cp": "34140",
    "dept": "34",
    "region": ""
  },
  {
    "name": "BRENAS",
    "cp": "34650",
    "dept": "34",
    "region": ""
  },
  {
    "name": "BRIGNAC",
    "cp": "34800",
    "dept": "34",
    "region": ""
  },
  {
    "name": "BRISSAC",
    "cp": "34190",
    "dept": "34",
    "region": ""
  },
  {
    "name": "BUZIGNARGUES",
    "cp": "34160",
    "dept": "34",
    "region": ""
  },
  {
    "name": "CABREROLLES",
    "cp": "34480",
    "dept": "34",
    "region": ""
  },
  {
    "name": "CABRIERES",
    "cp": "34800",
    "dept": "34",
    "region": ""
  },
  {
    "name": "CAMBON ET SALVERGUES",
    "cp": "34330",
    "dept": "34",
    "region": ""
  },
  {
    "name": "CAMPAGNAN",
    "cp": "34230",
    "dept": "34",
    "region": ""
  },
  {
    "name": "CAMPAGNE",
    "cp": "34160",
    "dept": "34",
    "region": ""
  },
  {
    "name": "CAMPLONG",
    "cp": "34260",
    "dept": "34",
    "region": ""
  },
  {
    "name": "CANDILLARGUES",
    "cp": "34130",
    "dept": "34",
    "region": ""
  },
  {
    "name": "CANET",
    "cp": "34800",
    "dept": "34",
    "region": ""
  },
  {
    "name": "CAPESTANG",
    "cp": "34310",
    "dept": "34",
    "region": ""
  },
  {
    "name": "CARLENCAS ET LEVAS",
    "cp": "34600",
    "dept": "34",
    "region": ""
  },
  {
    "name": "CASSAGNOLES",
    "cp": "34210",
    "dept": "34",
    "region": ""
  },
  {
    "name": "CASTANET LE HAUT",
    "cp": "34610",
    "dept": "34",
    "region": ""
  },
  {
    "name": "CASTELNAU DE GUERS",
    "cp": "34120",
    "dept": "34",
    "region": ""
  },
  {
    "name": "CASTELNAU LE LEZ",
    "cp": "34170",
    "dept": "34",
    "region": ""
  },
  {
    "name": "CASTRIES",
    "cp": "34160",
    "dept": "34",
    "region": ""
  },
  {
    "name": "CAUSSE DE LA SELLE",
    "cp": "34380",
    "dept": "34",
    "region": ""
  },
  {
    "name": "CAUSSES ET VEYRAN",
    "cp": "34490",
    "dept": "34",
    "region": ""
  },
  {
    "name": "CAUSSINIOJOULS",
    "cp": "34600",
    "dept": "34",
    "region": ""
  },
  {
    "name": "CAUX",
    "cp": "34720",
    "dept": "34",
    "region": ""
  },
  {
    "name": "CAZEDARNES",
    "cp": "34460",
    "dept": "34",
    "region": ""
  },
  {
    "name": "CAZEVIEILLE",
    "cp": "34270",
    "dept": "34",
    "region": ""
  },
  {
    "name": "CAZILHAC",
    "cp": "34190",
    "dept": "34",
    "region": ""
  },
  {
    "name": "CAZOULS D HERAULT",
    "cp": "34120",
    "dept": "34",
    "region": ""
  },
  {
    "name": "CAZOULS LES BEZIERS",
    "cp": "34370",
    "dept": "34",
    "region": ""
  },
  {
    "name": "CEBAZAN",
    "cp": "34360",
    "dept": "34",
    "region": ""
  },
  {
    "name": "CEILHES ET ROCOZELS",
    "cp": "34260",
    "dept": "34",
    "region": ""
  },
  {
    "name": "CELLES",
    "cp": "34700",
    "dept": "34",
    "region": ""
  },
  {
    "name": "CERS",
    "cp": "34420",
    "dept": "34",
    "region": ""
  },
  {
    "name": "CESSENON SUR ORB",
    "cp": "34460",
    "dept": "34",
    "region": ""
  },
  {
    "name": "CESSERAS",
    "cp": "34210",
    "dept": "34",
    "region": ""
  },
  {
    "name": "CEYRAS",
    "cp": "34800",
    "dept": "34",
    "region": ""
  },
  {
    "name": "CLAPIERS",
    "cp": "34830",
    "dept": "34",
    "region": ""
  },
  {
    "name": "CLARET",
    "cp": "34270",
    "dept": "34",
    "region": ""
  },
  {
    "name": "CLERMONT L HERAULT",
    "cp": "34800",
    "dept": "34",
    "region": ""
  },
  {
    "name": "COLOMBIERES SUR ORB",
    "cp": "34390",
    "dept": "34",
    "region": ""
  },
  {
    "name": "COLOMBIERS",
    "cp": "34440",
    "dept": "34",
    "region": ""
  },
  {
    "name": "COMBAILLAUX",
    "cp": "34980",
    "dept": "34",
    "region": ""
  },
  {
    "name": "COMBES",
    "cp": "34240",
    "dept": "34",
    "region": ""
  },
  {
    "name": "CORNEILHAN",
    "cp": "34490",
    "dept": "34",
    "region": ""
  },
  {
    "name": "COULOBRES",
    "cp": "34290",
    "dept": "34",
    "region": ""
  },
  {
    "name": "COURNIOU",
    "cp": "34220",
    "dept": "34",
    "region": ""
  },
  {
    "name": "COURNONSEC",
    "cp": "34660",
    "dept": "34",
    "region": ""
  },
  {
    "name": "COURNONTERRAL",
    "cp": "34660",
    "dept": "34",
    "region": ""
  },
  {
    "name": "CREISSAN",
    "cp": "34370",
    "dept": "34",
    "region": ""
  },
  {
    "name": "CRUZY",
    "cp": "34310",
    "dept": "34",
    "region": ""
  },
  {
    "name": "ENTRE VIGNES",
    "cp": "34400",
    "dept": "34",
    "region": ""
  },
  {
    "name": "ESPONDEILHAN",
    "cp": "34290",
    "dept": "34",
    "region": ""
  },
  {
    "name": "FABREGUES",
    "cp": "34690",
    "dept": "34",
    "region": ""
  },
  {
    "name": "FAUGERES",
    "cp": "34600",
    "dept": "34",
    "region": ""
  },
  {
    "name": "FELINES MINERVOIS",
    "cp": "34210",
    "dept": "34",
    "region": ""
  },
  {
    "name": "FERRALS LES MONTAGNES",
    "cp": "34210",
    "dept": "34",
    "region": ""
  },
  {
    "name": "FERRIERES LES VERRERIES",
    "cp": "34190",
    "dept": "34",
    "region": ""
  },
  {
    "name": "FERRIERES POUSSAROU",
    "cp": "34360",
    "dept": "34",
    "region": ""
  },
  {
    "name": "FLORENSAC",
    "cp": "34510",
    "dept": "34",
    "region": ""
  },
  {
    "name": "FONTANES",
    "cp": "34270",
    "dept": "34",
    "region": ""
  },
  {
    "name": "FONTES",
    "cp": "34320",
    "dept": "34",
    "region": ""
  },
  {
    "name": "FOS",
    "cp": "34320",
    "dept": "34",
    "region": ""
  },
  {
    "name": "FOUZILHON",
    "cp": "34480",
    "dept": "34",
    "region": ""
  },
  {
    "name": "FOZIERES",
    "cp": "34700",
    "dept": "34",
    "region": ""
  },
  {
    "name": "FRAISSE SUR AGOUT",
    "cp": "34330",
    "dept": "34",
    "region": ""
  },
  {
    "name": "FRONTIGNAN",
    "cp": "34110",
    "dept": "34",
    "region": ""
  },
  {
    "name": "GABIAN",
    "cp": "34320",
    "dept": "34",
    "region": ""
  },
  {
    "name": "GALARGUES",
    "cp": "34160",
    "dept": "34",
    "region": ""
  },
  {
    "name": "GANGES",
    "cp": "34190",
    "dept": "34",
    "region": ""
  },
  {
    "name": "GARRIGUES",
    "cp": "34160",
    "dept": "34",
    "region": ""
  },
  {
    "name": "GIGEAN",
    "cp": "34770",
    "dept": "34",
    "region": ""
  },
  {
    "name": "GIGNAC",
    "cp": "34150",
    "dept": "34",
    "region": ""
  },
  {
    "name": "GORNIES",
    "cp": "34190",
    "dept": "34",
    "region": ""
  },
  {
    "name": "GRABELS",
    "cp": "34790",
    "dept": "34",
    "region": ""
  },
  {
    "name": "GRAISSESSAC",
    "cp": "34260",
    "dept": "34",
    "region": ""
  },
  {
    "name": "GUZARGUES",
    "cp": "34820",
    "dept": "34",
    "region": ""
  },
  {
    "name": "HEREPIAN",
    "cp": "34600",
    "dept": "34",
    "region": ""
  },
  {
    "name": "JACOU",
    "cp": "34830",
    "dept": "34",
    "region": ""
  },
  {
    "name": "JONCELS",
    "cp": "34650",
    "dept": "34",
    "region": ""
  },
  {
    "name": "JONQUIERES",
    "cp": "34725",
    "dept": "34",
    "region": ""
  },
  {
    "name": "JUVIGNAC",
    "cp": "34990",
    "dept": "34",
    "region": ""
  },
  {
    "name": "LA BOISSIERE",
    "cp": "34150",
    "dept": "34",
    "region": ""
  },
  {
    "name": "LA CAUNETTE",
    "cp": "34210",
    "dept": "34",
    "region": ""
  },
  {
    "name": "LA GRANDE MOTTE",
    "cp": "34280",
    "dept": "34",
    "region": ""
  },
  {
    "name": "LA LIVINIERE",
    "cp": "34210",
    "dept": "34",
    "region": ""
  },
  {
    "name": "LA SALVETAT SUR AGOUT",
    "cp": "34330",
    "dept": "34",
    "region": ""
  },
  {
    "name": "LA TOUR SUR ORB",
    "cp": "34260",
    "dept": "34",
    "region": ""
  },
  {
    "name": "LA VACQUERIE ET ST MARTIN DE CASTRIES",
    "cp": "34520",
    "dept": "34",
    "region": ""
  },
  {
    "name": "LACOSTE",
    "cp": "34800",
    "dept": "34",
    "region": ""
  },
  {
    "name": "LAGAMAS",
    "cp": "34150",
    "dept": "34",
    "region": ""
  },
  {
    "name": "LAMALOU LES BAINS",
    "cp": "34240",
    "dept": "34",
    "region": ""
  },
  {
    "name": "LANSARGUES",
    "cp": "34130",
    "dept": "34",
    "region": ""
  },
  {
    "name": "LAROQUE",
    "cp": "34190",
    "dept": "34",
    "region": ""
  },
  {
    "name": "LATTES",
    "cp": "34970",
    "dept": "34",
    "region": ""
  },
  {
    "name": "LAURENS",
    "cp": "34480",
    "dept": "34",
    "region": ""
  },
  {
    "name": "LAURET",
    "cp": "34270",
    "dept": "34",
    "region": ""
  },
  {
    "name": "LAUROUX",
    "cp": "34700",
    "dept": "34",
    "region": ""
  },
  {
    "name": "LAVALETTE",
    "cp": "34700",
    "dept": "34",
    "region": ""
  },
  {
    "name": "LAVERUNE",
    "cp": "34880",
    "dept": "34",
    "region": ""
  },
  {
    "name": "LE BOSC",
    "cp": "34700",
    "dept": "34",
    "region": ""
  },
  {
    "name": "LE BOUSQUET D ORB",
    "cp": "34260",
    "dept": "34",
    "region": ""
  },
  {
    "name": "LE CAYLAR",
    "cp": "34520",
    "dept": "34",
    "region": ""
  },
  {
    "name": "LE CRES",
    "cp": "34920",
    "dept": "34",
    "region": ""
  },
  {
    "name": "LE CROS",
    "cp": "34520",
    "dept": "34",
    "region": ""
  },
  {
    "name": "LE POUGET",
    "cp": "34230",
    "dept": "34",
    "region": ""
  },
  {
    "name": "LE POUJOL SUR ORB",
    "cp": "34600",
    "dept": "34",
    "region": ""
  },
  {
    "name": "LE PRADAL",
    "cp": "34600",
    "dept": "34",
    "region": ""
  },
  {
    "name": "LE PUECH",
    "cp": "34700",
    "dept": "34",
    "region": ""
  },
  {
    "name": "LE SOULIE",
    "cp": "34330",
    "dept": "34",
    "region": ""
  },
  {
    "name": "LE TRIADOU",
    "cp": "34270",
    "dept": "34",
    "region": ""
  },
  {
    "name": "LES AIRES",
    "cp": "34600",
    "dept": "34",
    "region": ""
  },
  {
    "name": "LES MATELLES",
    "cp": "34270",
    "dept": "34",
    "region": ""
  },
  {
    "name": "LES PLANS",
    "cp": "34700",
    "dept": "34",
    "region": ""
  },
  {
    "name": "LES RIVES",
    "cp": "34520",
    "dept": "34",
    "region": ""
  },
  {
    "name": "LESPIGNAN",
    "cp": "34710",
    "dept": "34",
    "region": ""
  },
  {
    "name": "LEZIGNAN LA CEBE",
    "cp": "34120",
    "dept": "34",
    "region": ""
  },
  {
    "name": "LIAUSSON",
    "cp": "34800",
    "dept": "34",
    "region": ""
  },
  {
    "name": "LIEURAN CABRIERES",
    "cp": "34800",
    "dept": "34",
    "region": ""
  },
  {
    "name": "LIEURAN LES BEZIERS",
    "cp": "34290",
    "dept": "34",
    "region": ""
  },
  {
    "name": "LIGNAN SUR ORB",
    "cp": "34490",
    "dept": "34",
    "region": ""
  },
  {
    "name": "LODEVE",
    "cp": "34700",
    "dept": "34",
    "region": ""
  },
  {
    "name": "LOUPIAN",
    "cp": "34140",
    "dept": "34",
    "region": ""
  },
  {
    "name": "LUNAS LES CHATEAUX",
    "cp": "34650",
    "dept": "34",
    "region": ""
  },
  {
    "name": "LUNEL",
    "cp": "34400",
    "dept": "34",
    "region": ""
  },
  {
    "name": "LUNEL VIEL",
    "cp": "34400",
    "dept": "34",
    "region": ""
  },
  {
    "name": "MAGALAS",
    "cp": "34480",
    "dept": "34",
    "region": ""
  },
  {
    "name": "MARAUSSAN",
    "cp": "34370",
    "dept": "34",
    "region": ""
  },
  {
    "name": "MARGON",
    "cp": "34320",
    "dept": "34",
    "region": ""
  },
  {
    "name": "MARSEILLAN",
    "cp": "34340",
    "dept": "34",
    "region": ""
  },
  {
    "name": "MARSILLARGUES",
    "cp": "34590",
    "dept": "34",
    "region": ""
  },
  {
    "name": "MAS DE LONDRES",
    "cp": "34380",
    "dept": "34",
    "region": ""
  },
  {
    "name": "MAUGUIO",
    "cp": "34130",
    "dept": "34",
    "region": ""
  },
  {
    "name": "MAUREILHAN",
    "cp": "34370",
    "dept": "34",
    "region": ""
  },
  {
    "name": "MERIFONS",
    "cp": "34800",
    "dept": "34",
    "region": ""
  },
  {
    "name": "MEZE",
    "cp": "34140",
    "dept": "34",
    "region": ""
  },
  {
    "name": "MINERVE",
    "cp": "34210",
    "dept": "34",
    "region": ""
  },
  {
    "name": "MIREVAL",
    "cp": "34110",
    "dept": "34",
    "region": ""
  },
  {
    "name": "MONS",
    "cp": "34390",
    "dept": "34",
    "region": ""
  },
  {
    "name": "MONTADY",
    "cp": "34310",
    "dept": "34",
    "region": ""
  },
  {
    "name": "MONTAGNAC",
    "cp": "34530",
    "dept": "34",
    "region": ""
  },
  {
    "name": "MONTARNAUD",
    "cp": "34570",
    "dept": "34",
    "region": ""
  },
  {
    "name": "MONTAUD",
    "cp": "34160",
    "dept": "34",
    "region": ""
  },
  {
    "name": "MONTBAZIN",
    "cp": "34560",
    "dept": "34",
    "region": ""
  },
  {
    "name": "MONTBLANC",
    "cp": "34290",
    "dept": "34",
    "region": ""
  },
  {
    "name": "MONTELS",
    "cp": "34310",
    "dept": "34",
    "region": ""
  },
  {
    "name": "MONTESQUIEU",
    "cp": "34320",
    "dept": "34",
    "region": ""
  },
  {
    "name": "MONTFERRIER SUR LEZ",
    "cp": "34980",
    "dept": "34",
    "region": ""
  },
  {
    "name": "MONTOULIERS",
    "cp": "34310",
    "dept": "34",
    "region": ""
  },
  {
    "name": "MONTOULIEU",
    "cp": "34190",
    "dept": "34",
    "region": ""
  },
  {
    "name": "MONTPELLIER",
    "cp": "34000",
    "dept": "34",
    "region": ""
  },
  {
    "name": "MONTPELLIER",
    "cp": "34070",
    "dept": "34",
    "region": ""
  },
  {
    "name": "MONTPELLIER",
    "cp": "34080",
    "dept": "34",
    "region": ""
  },
  {
    "name": "MONTPELLIER",
    "cp": "34090",
    "dept": "34",
    "region": ""
  },
  {
    "name": "MONTPEYROUX",
    "cp": "34150",
    "dept": "34",
    "region": ""
  },
  {
    "name": "MOULES ET BAUCELS",
    "cp": "34190",
    "dept": "34",
    "region": ""
  },
  {
    "name": "MOUREZE",
    "cp": "34800",
    "dept": "34",
    "region": ""
  },
  {
    "name": "MUDAISON",
    "cp": "34130",
    "dept": "34",
    "region": ""
  },
  {
    "name": "MURLES",
    "cp": "34980",
    "dept": "34",
    "region": ""
  },
  {
    "name": "MURVIEL LES BEZIERS",
    "cp": "34490",
    "dept": "34",
    "region": ""
  },
  {
    "name": "MURVIEL LES MONTPELLIER",
    "cp": "34570",
    "dept": "34",
    "region": ""
  },
  {
    "name": "NEBIAN",
    "cp": "34800",
    "dept": "34",
    "region": ""
  },
  {
    "name": "NEFFIES",
    "cp": "34320",
    "dept": "34",
    "region": ""
  },
  {
    "name": "NEZIGNAN L EVEQUE",
    "cp": "34120",
    "dept": "34",
    "region": ""
  },
  {
    "name": "NISSAN LEZ ENSERUNE",
    "cp": "34440",
    "dept": "34",
    "region": ""
  },
  {
    "name": "NIZAS",
    "cp": "34320",
    "dept": "34",
    "region": ""
  },
  {
    "name": "NOTRE DAME DE LONDRES",
    "cp": "34380",
    "dept": "34",
    "region": ""
  },
  {
    "name": "OCTON",
    "cp": "34800",
    "dept": "34",
    "region": ""
  },
  {
    "name": "OLARGUES",
    "cp": "34390",
    "dept": "34",
    "region": ""
  },
  {
    "name": "OLMET ET VILLECUN",
    "cp": "34700",
    "dept": "34",
    "region": ""
  },
  {
    "name": "OLONZAC",
    "cp": "34210",
    "dept": "34",
    "region": ""
  },
  {
    "name": "OUPIA",
    "cp": "34210",
    "dept": "34",
    "region": ""
  },
  {
    "name": "PAILHES",
    "cp": "34490",
    "dept": "34",
    "region": ""
  },
  {
    "name": "PALAVAS LES FLOTS",
    "cp": "34250",
    "dept": "34",
    "region": ""
  },
  {
    "name": "PARDAILHAN",
    "cp": "34360",
    "dept": "34",
    "region": ""
  },
  {
    "name": "PAULHAN",
    "cp": "34230",
    "dept": "34",
    "region": ""
  },
  {
    "name": "PEGAIROLLES DE BUEGES",
    "cp": "34380",
    "dept": "34",
    "region": ""
  },
  {
    "name": "PEGAIROLLES DE L ESCALETTE",
    "cp": "34700",
    "dept": "34",
    "region": ""
  },
  {
    "name": "PERET",
    "cp": "34800",
    "dept": "34",
    "region": ""
  },
  {
    "name": "PEROLS",
    "cp": "34470",
    "dept": "34",
    "region": ""
  },
  {
    "name": "PEZENAS",
    "cp": "34120",
    "dept": "34",
    "region": ""
  },
  {
    "name": "PEZENES LES MINES",
    "cp": "34600",
    "dept": "34",
    "region": ""
  },
  {
    "name": "PIERRERUE",
    "cp": "34360",
    "dept": "34",
    "region": ""
  },
  {
    "name": "PIGNAN",
    "cp": "34570",
    "dept": "34",
    "region": ""
  },
  {
    "name": "PINET",
    "cp": "34850",
    "dept": "34",
    "region": ""
  },
  {
    "name": "PLAISSAN",
    "cp": "34230",
    "dept": "34",
    "region": ""
  },
  {
    "name": "POILHES",
    "cp": "34310",
    "dept": "34",
    "region": ""
  },
  {
    "name": "POMEROLS",
    "cp": "34810",
    "dept": "34",
    "region": ""
  },
  {
    "name": "POPIAN",
    "cp": "34230",
    "dept": "34",
    "region": ""
  },
  {
    "name": "PORTIRAGNES",
    "cp": "34420",
    "dept": "34",
    "region": ""
  },
  {
    "name": "POUJOLS",
    "cp": "34700",
    "dept": "34",
    "region": ""
  },
  {
    "name": "POUSSAN",
    "cp": "34560",
    "dept": "34",
    "region": ""
  },
  {
    "name": "POUZOLLES",
    "cp": "34480",
    "dept": "34",
    "region": ""
  },
  {
    "name": "POUZOLS",
    "cp": "34230",
    "dept": "34",
    "region": ""
  },
  {
    "name": "PRADES LE LEZ",
    "cp": "34730",
    "dept": "34",
    "region": ""
  },
  {
    "name": "PRADES SUR VERNAZOBRE",
    "cp": "34360",
    "dept": "34",
    "region": ""
  },
  {
    "name": "PREMIAN",
    "cp": "34390",
    "dept": "34",
    "region": ""
  },
  {
    "name": "PUECHABON",
    "cp": "34150",
    "dept": "34",
    "region": ""
  },
  {
    "name": "PUILACHER",
    "cp": "34230",
    "dept": "34",
    "region": ""
  },
  {
    "name": "PUIMISSON",
    "cp": "34480",
    "dept": "34",
    "region": ""
  },
  {
    "name": "PUISSALICON",
    "cp": "34480",
    "dept": "34",
    "region": ""
  },
  {
    "name": "PUISSERGUIER",
    "cp": "34620",
    "dept": "34",
    "region": ""
  },
  {
    "name": "QUARANTE",
    "cp": "34310",
    "dept": "34",
    "region": ""
  },
  {
    "name": "RESTINCLIERES",
    "cp": "34160",
    "dept": "34",
    "region": ""
  },
  {
    "name": "RIEUSSEC",
    "cp": "34220",
    "dept": "34",
    "region": ""
  },
  {
    "name": "RIOLS",
    "cp": "34220",
    "dept": "34",
    "region": ""
  },
  {
    "name": "ROMIGUIERES",
    "cp": "34650",
    "dept": "34",
    "region": ""
  },
  {
    "name": "ROQUEBRUN",
    "cp": "34460",
    "dept": "34",
    "region": ""
  },
  {
    "name": "ROQUEREDONDE",
    "cp": "34650",
    "dept": "34",
    "region": ""
  },
  {
    "name": "ROQUESSELS",
    "cp": "34320",
    "dept": "34",
    "region": ""
  },
  {
    "name": "ROSIS",
    "cp": "34610",
    "dept": "34",
    "region": ""
  },
  {
    "name": "ROUET",
    "cp": "34380",
    "dept": "34",
    "region": ""
  },
  {
    "name": "ROUJAN",
    "cp": "34320",
    "dept": "34",
    "region": ""
  },
  {
    "name": "SALASC",
    "cp": "34800",
    "dept": "34",
    "region": ""
  },
  {
    "name": "SATURARGUES",
    "cp": "34400",
    "dept": "34",
    "region": ""
  },
  {
    "name": "SAUSSAN",
    "cp": "34570",
    "dept": "34",
    "region": ""
  },
  {
    "name": "SAUSSINES",
    "cp": "34160",
    "dept": "34",
    "region": ""
  },
  {
    "name": "SAUTEYRARGUES",
    "cp": "34270",
    "dept": "34",
    "region": ""
  },
  {
    "name": "SAUVIAN",
    "cp": "34410",
    "dept": "34",
    "region": ""
  },
  {
    "name": "SERIGNAN",
    "cp": "34410",
    "dept": "34",
    "region": ""
  },
  {
    "name": "SERVIAN",
    "cp": "34290",
    "dept": "34",
    "region": ""
  },
  {
    "name": "SETE",
    "cp": "34200",
    "dept": "34",
    "region": ""
  },
  {
    "name": "SIRAN",
    "cp": "34210",
    "dept": "34",
    "region": ""
  },
  {
    "name": "SORBS",
    "cp": "34520",
    "dept": "34",
    "region": ""
  },
  {
    "name": "SOUBES",
    "cp": "34700",
    "dept": "34",
    "region": ""
  },
  {
    "name": "SOUMONT",
    "cp": "34700",
    "dept": "34",
    "region": ""
  },
  {
    "name": "ST ANDRE DE BUEGES",
    "cp": "34190",
    "dept": "34",
    "region": ""
  },
  {
    "name": "ST ANDRE DE SANGONIS",
    "cp": "34725",
    "dept": "34",
    "region": ""
  },
  {
    "name": "ST AUNES",
    "cp": "34130",
    "dept": "34",
    "region": ""
  },
  {
    "name": "ST BAUZILLE DE LA SYLVE",
    "cp": "34230",
    "dept": "34",
    "region": ""
  },
  {
    "name": "ST BAUZILLE DE MONTMEL",
    "cp": "34160",
    "dept": "34",
    "region": ""
  },
  {
    "name": "ST BAUZILLE DE PUTOIS",
    "cp": "34190",
    "dept": "34",
    "region": ""
  },
  {
    "name": "ST BRES",
    "cp": "34670",
    "dept": "34",
    "region": ""
  },
  {
    "name": "ST CHINIAN",
    "cp": "34360",
    "dept": "34",
    "region": ""
  },
  {
    "name": "ST CLEMENT DE RIVIERE",
    "cp": "34980",
    "dept": "34",
    "region": ""
  },
  {
    "name": "ST DREZERY",
    "cp": "34160",
    "dept": "34",
    "region": ""
  },
  {
    "name": "ST ETIENNE D ALBAGNAN",
    "cp": "34390",
    "dept": "34",
    "region": ""
  },
  {
    "name": "ST ETIENNE DE GOURGAS",
    "cp": "34700",
    "dept": "34",
    "region": ""
  },
  {
    "name": "ST ETIENNE ESTRECHOUX",
    "cp": "34260",
    "dept": "34",
    "region": ""
  },
  {
    "name": "ST FELIX DE L HERAS",
    "cp": "34520",
    "dept": "34",
    "region": ""
  },
  {
    "name": "ST FELIX DE LODEZ",
    "cp": "34725",
    "dept": "34",
    "region": ""
  },
  {
    "name": "ST GELY DU FESC",
    "cp": "34980",
    "dept": "34",
    "region": ""
  },
  {
    "name": "ST GENIES DE FONTEDIT",
    "cp": "34480",
    "dept": "34",
    "region": ""
  },
  {
    "name": "ST GENIES DE VARENSAL",
    "cp": "34610",
    "dept": "34",
    "region": ""
  },
  {
    "name": "ST GENIES DES MOURGUES",
    "cp": "34160",
    "dept": "34",
    "region": ""
  },
  {
    "name": "ST GEORGES D ORQUES",
    "cp": "34680",
    "dept": "34",
    "region": ""
  },
  {
    "name": "ST GERVAIS SUR MARE",
    "cp": "34610",
    "dept": "34",
    "region": ""
  },
  {
    "name": "ST GUILHEM LE DESERT",
    "cp": "34150",
    "dept": "34",
    "region": ""
  },
  {
    "name": "ST GUIRAUD",
    "cp": "34725",
    "dept": "34",
    "region": ""
  },
  {
    "name": "ST HILAIRE DE BEAUVOIR",
    "cp": "34160",
    "dept": "34",
    "region": ""
  },
  {
    "name": "ST JEAN DE BUEGES",
    "cp": "34380",
    "dept": "34",
    "region": ""
  },
  {
    "name": "ST JEAN DE CORNIES",
    "cp": "34160",
    "dept": "34",
    "region": ""
  },
  {
    "name": "ST JEAN DE CUCULLES",
    "cp": "34270",
    "dept": "34",
    "region": ""
  },
  {
    "name": "ST JEAN DE FOS",
    "cp": "34150",
    "dept": "34",
    "region": ""
  },
  {
    "name": "ST JEAN DE LA BLAQUIERE",
    "cp": "34700",
    "dept": "34",
    "region": ""
  },
  {
    "name": "ST JEAN DE MINERVOIS",
    "cp": "34360",
    "dept": "34",
    "region": ""
  },
  {
    "name": "ST JEAN DE VEDAS",
    "cp": "34430",
    "dept": "34",
    "region": ""
  },
  {
    "name": "ST JULIEN",
    "cp": "34390",
    "dept": "34",
    "region": ""
  },
  {
    "name": "ST JUST",
    "cp": "34400",
    "dept": "34",
    "region": ""
  },
  {
    "name": "ST MARTIN DE L ARCON",
    "cp": "34390",
    "dept": "34",
    "region": ""
  },
  {
    "name": "ST MARTIN DE LONDRES",
    "cp": "34380",
    "dept": "34",
    "region": ""
  },
  {
    "name": "ST MATHIEU DE TREVIERS",
    "cp": "34270",
    "dept": "34",
    "region": ""
  },
  {
    "name": "ST MAURICE NAVACELLES",
    "cp": "34190",
    "dept": "34",
    "region": ""
  },
  {
    "name": "ST MAURICE NAVACELLES",
    "cp": "34520",
    "dept": "34",
    "region": ""
  },
  {
    "name": "ST MICHEL",
    "cp": "34520",
    "dept": "34",
    "region": ""
  },
  {
    "name": "ST NAZAIRE DE LADAREZ",
    "cp": "34490",
    "dept": "34",
    "region": ""
  },
  {
    "name": "ST NAZAIRE DE PEZAN",
    "cp": "34400",
    "dept": "34",
    "region": ""
  },
  {
    "name": "ST PARGOIRE",
    "cp": "34230",
    "dept": "34",
    "region": ""
  },
  {
    "name": "ST PAUL ET VALMALLE",
    "cp": "34570",
    "dept": "34",
    "region": ""
  },
  {
    "name": "ST PIERRE DE LA FAGE",
    "cp": "34520",
    "dept": "34",
    "region": ""
  },
  {
    "name": "ST PONS DE MAUCHIENS",
    "cp": "34230",
    "dept": "34",
    "region": ""
  },
  {
    "name": "ST PONS DE THOMIERES",
    "cp": "34220",
    "dept": "34",
    "region": ""
  },
  {
    "name": "ST PRIVAT",
    "cp": "34700",
    "dept": "34",
    "region": ""
  },
  {
    "name": "ST SATURNIN DE LUCIAN",
    "cp": "34725",
    "dept": "34",
    "region": ""
  },
  {
    "name": "ST SERIES",
    "cp": "34400",
    "dept": "34",
    "region": ""
  },
  {
    "name": "ST THIBERY",
    "cp": "34630",
    "dept": "34",
    "region": ""
  },
  {
    "name": "ST VINCENT D OLARGUES",
    "cp": "34390",
    "dept": "34",
    "region": ""
  },
  {
    "name": "ST VINCENT DE BARBEYRARGUES",
    "cp": "34730",
    "dept": "34",
    "region": ""
  },
  {
    "name": "STE CROIX DE QUINTILLARGUES",
    "cp": "34270",
    "dept": "34",
    "region": ""
  },
  {
    "name": "SUSSARGUES",
    "cp": "34160",
    "dept": "34",
    "region": ""
  },
  {
    "name": "TAUSSAC LA BILLIERE",
    "cp": "34600",
    "dept": "34",
    "region": ""
  },
  {
    "name": "TEYRAN",
    "cp": "34820",
    "dept": "34",
    "region": ""
  },
  {
    "name": "THEZAN LES BEZIERS",
    "cp": "34490",
    "dept": "34",
    "region": ""
  },
  {
    "name": "TOURBES",
    "cp": "34120",
    "dept": "34",
    "region": ""
  },
  {
    "name": "TRESSAN",
    "cp": "34230",
    "dept": "34",
    "region": ""
  },
  {
    "name": "USCLAS D HERAULT",
    "cp": "34230",
    "dept": "34",
    "region": ""
  },
  {
    "name": "USCLAS DU BOSC",
    "cp": "34700",
    "dept": "34",
    "region": ""
  },
  {
    "name": "VACQUIERES",
    "cp": "34270",
    "dept": "34",
    "region": ""
  },
  {
    "name": "VAILHAN",
    "cp": "34320",
    "dept": "34",
    "region": ""
  },
  {
    "name": "VAILHAUQUES",
    "cp": "34570",
    "dept": "34",
    "region": ""
  },
  {
    "name": "VALERGUES",
    "cp": "34130",
    "dept": "34",
    "region": ""
  },
  {
    "name": "VALFLAUNES",
    "cp": "34270",
    "dept": "34",
    "region": ""
  },
  {
    "name": "VALMASCLE",
    "cp": "34800",
    "dept": "34",
    "region": ""
  },
  {
    "name": "VALRAS PLAGE",
    "cp": "34350",
    "dept": "34",
    "region": ""
  },
  {
    "name": "VALROS",
    "cp": "34290",
    "dept": "34",
    "region": ""
  },
  {
    "name": "VELIEUX",
    "cp": "34220",
    "dept": "34",
    "region": ""
  },
  {
    "name": "VENDARGUES",
    "cp": "34740",
    "dept": "34",
    "region": ""
  },
  {
    "name": "VENDEMIAN",
    "cp": "34230",
    "dept": "34",
    "region": ""
  },
  {
    "name": "VENDRES",
    "cp": "34350",
    "dept": "34",
    "region": ""
  },
  {
    "name": "VERRERIES DE MOUSSANS",
    "cp": "34220",
    "dept": "34",
    "region": ""
  },
  {
    "name": "VIAS",
    "cp": "34450",
    "dept": "34",
    "region": ""
  },
  {
    "name": "VIC LA GARDIOLE",
    "cp": "34110",
    "dept": "34",
    "region": ""
  },
  {
    "name": "VIEUSSAN",
    "cp": "34390",
    "dept": "34",
    "region": ""
  },
  {
    "name": "VILLEMAGNE L ARGENTIERE",
    "cp": "34600",
    "dept": "34",
    "region": ""
  },
  {
    "name": "VILLENEUVE LES BEZIERS",
    "cp": "34420",
    "dept": "34",
    "region": ""
  },
  {
    "name": "VILLENEUVE LES BEZIERS",
    "cp": "34500",
    "dept": "34",
    "region": ""
  },
  {
    "name": "VILLENEUVE LES MAGUELONE",
    "cp": "34750",
    "dept": "34",
    "region": ""
  },
  {
    "name": "VILLENEUVETTE",
    "cp": "34800",
    "dept": "34",
    "region": ""
  },
  {
    "name": "VILLESPASSANS",
    "cp": "34360",
    "dept": "34",
    "region": ""
  },
  {
    "name": "VILLETELLE",
    "cp": "34400",
    "dept": "34",
    "region": ""
  },
  {
    "name": "VILLEVEYRAC",
    "cp": "34560",
    "dept": "34",
    "region": ""
  },
  {
    "name": "VIOLS EN LAVAL",
    "cp": "34380",
    "dept": "34",
    "region": ""
  },
  {
    "name": "VIOLS LE FORT",
    "cp": "34380",
    "dept": "34",
    "region": ""
  }
]