[
  {
    "name": "ALENCON",
    "cp": "61000",
    "dept": "61",
    "region": ""
  },
  {
    "name": "ALMENECHES",
    "cp": "61570",
    "dept": "61",
    "region": ""
  },
  {
    "name": "APPENAI SOUS BELLEME",
    "cp": "61130",
    "dept": "61",
    "region": ""
  },
  {
    "name": "ARGENTAN",
    "cp": "61200",
    "dept": "61",
    "region": ""
  },
  {
    "name": "ATHIS VAL DE ROUVRE",
    "cp": "61100",
    "dept": "61",
    "region": ""
  },
  {
    "name": "ATHIS VAL DE ROUVRE",
    "cp": "61100",
    "dept": "61",
    "region": ""
  },
  {
    "name": "ATHIS VAL DE ROUVRE",
    "cp": "61100",
    "dept": "61",
    "region": ""
  },
  {
    "name": "ATHIS VAL DE ROUVRE",
    "cp": "61100",
    "dept": "61",
    "region": ""
  },
  {
    "name": "ATHIS VAL DE ROUVRE",
    "cp": "61100",
    "dept": "61",
    "region": ""
  },
  {
    "name": "ATHIS VAL DE ROUVRE",
    "cp": "61100",
    "dept": "61",
    "region": ""
  },
  {
    "name": "ATHIS VAL DE ROUVRE",
    "cp": "61100",
    "dept": "61",
    "region": ""
  },
  {
    "name": "ATHIS VAL DE ROUVRE",
    "cp": "61430",
    "dept": "61",
    "region": ""
  },
  {
    "name": "AUBE",
    "cp": "61270",
    "dept": "61",
    "region": ""
  },
  {
    "name": "AUBRY LE PANTHOU",
    "cp": "61120",
    "dept": "61",
    "region": ""
  },
  {
    "name": "AUBUSSON",
    "cp": "61100",
    "dept": "61",
    "region": ""
  },
  {
    "name": "AUGUAISE",
    "cp": "61270",
    "dept": "61",
    "region": ""
  },
  {
    "name": "AUNAY LES BOIS",
    "cp": "61500",
    "dept": "61",
    "region": ""
  },
  {
    "name": "AUNOU LE FAUCON",
    "cp": "61200",
    "dept": "61",
    "region": ""
  },
  {
    "name": "AUNOU SUR ORNE",
    "cp": "61500",
    "dept": "61",
    "region": ""
  },
  {
    "name": "AVERNES ST GOURGON",
    "cp": "61470",
    "dept": "61",
    "region": ""
  },
  {
    "name": "AVOINE",
    "cp": "61150",
    "dept": "61",
    "region": ""
  },
  {
    "name": "AVRILLY",
    "cp": "61700",
    "dept": "61",
    "region": ""
  },
  {
    "name": "BAGNOLES DE L ORNE NORMANDIE",
    "cp": "61140",
    "dept": "61",
    "region": ""
  },
  {
    "name": "BAGNOLES DE L ORNE NORMANDIE",
    "cp": "61600",
    "dept": "61",
    "region": ""
  },
  {
    "name": "BAILLEUL",
    "cp": "61160",
    "dept": "61",
    "region": ""
  },
  {
    "name": "BANVOU",
    "cp": "61450",
    "dept": "61",
    "region": ""
  },
  {
    "name": "BARVILLE",
    "cp": "61170",
    "dept": "61",
    "region": ""
  },
  {
    "name": "BAZOCHES AU HOULME",
    "cp": "61210",
    "dept": "61",
    "region": ""
  },
  {
    "name": "BAZOCHES SUR HOENE",
    "cp": "61560",
    "dept": "61",
    "region": ""
  },
  {
    "name": "BEAUFAI",
    "cp": "61270",
    "dept": "61",
    "region": ""
  },
  {
    "name": "BEAULIEU",
    "cp": "61190",
    "dept": "61",
    "region": ""
  },
  {
    "name": "BEAUVAIN",
    "cp": "61600",
    "dept": "61",
    "region": ""
  },
  {
    "name": "BELFONDS",
    "cp": "61500",
    "dept": "61",
    "region": ""
  },
  {
    "name": "BELFORET EN PERCHE",
    "cp": "61130",
    "dept": "61",
    "region": ""
  },
  {
    "name": "BELFORET EN PERCHE",
    "cp": "61130",
    "dept": "61",
    "region": ""
  },
  {
    "name": "BELFORET EN PERCHE",
    "cp": "61130",
    "dept": "61",
    "region": ""
  },
  {
    "name": "BELFORET EN PERCHE",
    "cp": "61130",
    "dept": "61",
    "region": ""
  },
  {
    "name": "BELFORET EN PERCHE",
    "cp": "61360",
    "dept": "61",
    "region": ""
  },
  {
    "name": "BELFORET EN PERCHE",
    "cp": "61400",
    "dept": "61",
    "region": ""
  },
  {
    "name": "BELLAVILLIERS",
    "cp": "61360",
    "dept": "61",
    "region": ""
  },
  {
    "name": "BELLEME",
    "cp": "61130",
    "dept": "61",
    "region": ""
  },
  {
    "name": "BELLOU EN HOULME",
    "cp": "61220",
    "dept": "61",
    "region": ""
  },
  {
    "name": "BELLOU LE TRICHARD",
    "cp": "61130",
    "dept": "61",
    "region": ""
  },
  {
    "name": "BERD HUIS",
    "cp": "61340",
    "dept": "61",
    "region": ""
  },
  {
    "name": "BERJOU",
    "cp": "61430",
    "dept": "61",
    "region": ""
  },
  {
    "name": "BIZOU",
    "cp": "61290",
    "dept": "61",
    "region": ""
  },
  {
    "name": "BOECE",
    "cp": "61560",
    "dept": "61",
    "region": ""
  },
  {
    "name": "BOISCHAMPRE",
    "cp": "61570",
    "dept": "61",
    "region": ""
  },
  {
    "name": "BOISCHAMPRE",
    "cp": "61570",
    "dept": "61",
    "region": ""
  },
  {
    "name": "BOISCHAMPRE",
    "cp": "61570",
    "dept": "61",
    "region": ""
  },
  {
    "name": "BOISCHAMPRE",
    "cp": "61570",
    "dept": "61",
    "region": ""
  },
  {
    "name": "BOISSEI LA LANDE",
    "cp": "61570",
    "dept": "61",
    "region": ""
  },
  {
    "name": "BOITRON",
    "cp": "61500",
    "dept": "61",
    "region": ""
  },
  {
    "name": "BONNEFOI",
    "cp": "61270",
    "dept": "61",
    "region": ""
  },
  {
    "name": "BONSMOULINS",
    "cp": "61380",
    "dept": "61",
    "region": ""
  },
  {
    "name": "BOUCE",
    "cp": "61570",
    "dept": "61",
    "region": ""
  },
  {
    "name": "BRETHEL",
    "cp": "61270",
    "dept": "61",
    "region": ""
  },
  {
    "name": "BRETONCELLES",
    "cp": "61110",
    "dept": "61",
    "region": ""
  },
  {
    "name": "BRIEUX",
    "cp": "61160",
    "dept": "61",
    "region": ""
  },
  {
    "name": "BRIOUZE",
    "cp": "61220",
    "dept": "61",
    "region": ""
  },
  {
    "name": "BRULLEMAIL",
    "cp": "61390",
    "dept": "61",
    "region": ""
  },
  {
    "name": "BURE",
    "cp": "61170",
    "dept": "61",
    "region": ""
  },
  {
    "name": "BURES",
    "cp": "61170",
    "dept": "61",
    "region": ""
  },
  {
    "name": "BURSARD",
    "cp": "61500",
    "dept": "61",
    "region": ""
  },
  {
    "name": "CAHAN",
    "cp": "61430",
    "dept": "61",
    "region": ""
  },
  {
    "name": "CALIGNY",
    "cp": "61100",
    "dept": "61",
    "region": ""
  },
  {
    "name": "CAMEMBERT",
    "cp": "61120",
    "dept": "61",
    "region": ""
  },
  {
    "name": "CANAPVILLE",
    "cp": "61120",
    "dept": "61",
    "region": ""
  },
  {
    "name": "CARROUGES",
    "cp": "61320",
    "dept": "61",
    "region": ""
  },
  {
    "name": "CEAUCE",
    "cp": "61330",
    "dept": "61",
    "region": ""
  },
  {
    "name": "CERISE",
    "cp": "61000",
    "dept": "61",
    "region": ""
  },
  {
    "name": "CERISY BELLE ETOILE",
    "cp": "61100",
    "dept": "61",
    "region": ""
  },
  {
    "name": "CETON",
    "cp": "61260",
    "dept": "61",
    "region": ""
  },
  {
    "name": "CHAHAINS",
    "cp": "61320",
    "dept": "61",
    "region": ""
  },
  {
    "name": "CHAILLOUE",
    "cp": "61240",
    "dept": "61",
    "region": ""
  },
  {
    "name": "CHAILLOUE",
    "cp": "61500",
    "dept": "61",
    "region": ""
  },
  {
    "name": "CHAILLOUE",
    "cp": "61500",
    "dept": "61",
    "region": ""
  },
  {
    "name": "CHAMP HAUT",
    "cp": "61240",
    "dept": "61",
    "region": ""
  },
  {
    "name": "CHAMPCERIE",
    "cp": "61210",
    "dept": "61",
    "region": ""
  },
  {
    "name": "CHAMPEAUX SUR SARTHE",
    "cp": "61560",
    "dept": "61",
    "region": ""
  },
  {
    "name": "CHAMPOSOULT",
    "cp": "61120",
    "dept": "61",
    "region": ""
  },
  {
    "name": "CHAMPSECRET",
    "cp": "61700",
    "dept": "61",
    "region": ""
  },
  {
    "name": "CHANDAI",
    "cp": "61300",
    "dept": "61",
    "region": ""
  },
  {
    "name": "CHANU",
    "cp": "61800",
    "dept": "61",
    "region": ""
  },
  {
    "name": "CHARENCEY",
    "cp": "61190",
    "dept": "61",
    "region": ""
  },
  {
    "name": "CHARENCEY",
    "cp": "61190",
    "dept": "61",
    "region": ""
  },
  {
    "name": "CHARENCEY",
    "cp": "61190",
    "dept": "61",
    "region": ""
  },
  {
    "name": "CHAUMONT",
    "cp": "61230",
    "dept": "61",
    "region": ""
  },
  {
    "name": "CHEMILLI",
    "cp": "61360",
    "dept": "61",
    "region": ""
  },
  {
    "name": "CIRAL",
    "cp": "61320",
    "dept": "61",
    "region": ""
  },
  {
    "name": "CISAI ST AUBIN",
    "cp": "61230",
    "dept": "61",
    "region": ""
  },
  {
    "name": "COLOMBIERS",
    "cp": "61250",
    "dept": "61",
    "region": ""
  },
  {
    "name": "COMBLOT",
    "cp": "61400",
    "dept": "61",
    "region": ""
  },
  {
    "name": "COMMEAUX",
    "cp": "61200",
    "dept": "61",
    "region": ""
  },
  {
    "name": "CONDE SUR SARTHE",
    "cp": "61250",
    "dept": "61",
    "region": ""
  },
  {
    "name": "CORBON",
    "cp": "61400",
    "dept": "61",
    "region": ""
  },
  {
    "name": "COUDEHARD",
    "cp": "61160",
    "dept": "61",
    "region": ""
  },
  {
    "name": "COULIMER",
    "cp": "61360",
    "dept": "61",
    "region": ""
  },
  {
    "name": "COULMER",
    "cp": "61230",
    "dept": "61",
    "region": ""
  },
  {
    "name": "COULONCES",
    "cp": "61160",
    "dept": "61",
    "region": ""
  },
  {
    "name": "COULONGES SUR SARTHE",
    "cp": "61170",
    "dept": "61",
    "region": ""
  },
  {
    "name": "COUR MAUGIS SUR HUISNE",
    "cp": "61110",
    "dept": "61",
    "region": ""
  },
  {
    "name": "COUR MAUGIS SUR HUISNE",
    "cp": "61110",
    "dept": "61",
    "region": ""
  },
  {
    "name": "COUR MAUGIS SUR HUISNE",
    "cp": "61110",
    "dept": "61",
    "region": ""
  },
  {
    "name": "COUR MAUGIS SUR HUISNE",
    "cp": "61340",
    "dept": "61",
    "region": ""
  },
  {
    "name": "COURGEON",
    "cp": "61400",
    "dept": "61",
    "region": ""
  },
  {
    "name": "COURGEOUT",
    "cp": "61560",
    "dept": "61",
    "region": ""
  },
  {
    "name": "COURTOMER",
    "cp": "61390",
    "dept": "61",
    "region": ""
  },
  {
    "name": "CRAMENIL",
    "cp": "61220",
    "dept": "61",
    "region": ""
  },
  {
    "name": "CROISILLES",
    "cp": "61230",
    "dept": "61",
    "region": ""
  },
  {
    "name": "CROUTTES",
    "cp": "61120",
    "dept": "61",
    "region": ""
  },
  {
    "name": "CRULAI",
    "cp": "61300",
    "dept": "61",
    "region": ""
  },
  {
    "name": "CUISSAI",
    "cp": "61250",
    "dept": "61",
    "region": ""
  },
  {
    "name": "DAME MARIE",
    "cp": "61130",
    "dept": "61",
    "region": ""
  },
  {
    "name": "DAMIGNY",
    "cp": "61250",
    "dept": "61",
    "region": ""
  },
  {
    "name": "DOMFRONT EN POIRAIE",
    "cp": "61700",
    "dept": "61",
    "region": ""
  },
  {
    "name": "DOMFRONT EN POIRAIE",
    "cp": "61700",
    "dept": "61",
    "region": ""
  },
  {
    "name": "DOMFRONT EN POIRAIE",
    "cp": "61700",
    "dept": "61",
    "region": ""
  },
  {
    "name": "DOMPIERRE",
    "cp": "61700",
    "dept": "61",
    "region": ""
  },
  {
    "name": "DURCET",
    "cp": "61100",
    "dept": "61",
    "region": ""
  },
  {
    "name": "ECHALOU",
    "cp": "61440",
    "dept": "61",
    "region": ""
  },
  {
    "name": "ECHAUFFOUR",
    "cp": "61370",
    "dept": "61",
    "region": ""
  },
  {
    "name": "ECORCEI",
    "cp": "61270",
    "dept": "61",
    "region": ""
  },
  {
    "name": "ECORCHES",
    "cp": "61160",
    "dept": "61",
    "region": ""
  },
  {
    "name": "ECOUCHE LES VALLEES",
    "cp": "61150",
    "dept": "61",
    "region": ""
  },
  {
    "name": "ECOUCHE LES VALLEES",
    "cp": "61150",
    "dept": "61",
    "region": ""
  },
  {
    "name": "ECOUCHE LES VALLEES",
    "cp": "61150",
    "dept": "61",
    "region": ""
  },
  {
    "name": "ECOUCHE LES VALLEES",
    "cp": "61150",
    "dept": "61",
    "region": ""
  },
  {
    "name": "ECOUCHE LES VALLEES",
    "cp": "61150",
    "dept": "61",
    "region": ""
  },
  {
    "name": "ECOUCHE LES VALLEES",
    "cp": "61150",
    "dept": "61",
    "region": ""
  },
  {
    "name": "ECOUCHE LES VALLEES",
    "cp": "61200",
    "dept": "61",
    "region": ""
  },
  {
    "name": "ECOUVES",
    "cp": "61250",
    "dept": "61",
    "region": ""
  },
  {
    "name": "ECOUVES",
    "cp": "61250",
    "dept": "61",
    "region": ""
  },
  {
    "name": "ECOUVES",
    "cp": "61250",
    "dept": "61",
    "region": ""
  },
  {
    "name": "ESSAY",
    "cp": "61500",
    "dept": "61",
    "region": ""
  },
  {
    "name": "FAVEROLLES",
    "cp": "61600",
    "dept": "61",
    "region": ""
  },
  {
    "name": "FAY",
    "cp": "61390",
    "dept": "61",
    "region": ""
  },
  {
    "name": "FEINGS",
    "cp": "61400",
    "dept": "61",
    "region": ""
  },
  {
    "name": "FERRIERES LA VERRERIE",
    "cp": "61390",
    "dept": "61",
    "region": ""
  },
  {
    "name": "FLERS",
    "cp": "61100",
    "dept": "61",
    "region": ""
  },
  {
    "name": "FLEURE",
    "cp": "61200",
    "dept": "61",
    "region": ""
  },
  {
    "name": "FONTAINE LES BASSETS",
    "cp": "61160",
    "dept": "61",
    "region": ""
  },
  {
    "name": "FRANCHEVILLE",
    "cp": "61570",
    "dept": "61",
    "region": ""
  },
  {
    "name": "FRESNAY LE SAMSON",
    "cp": "61120",
    "dept": "61",
    "region": ""
  },
  {
    "name": "GACE",
    "cp": "61230",
    "dept": "61",
    "region": ""
  },
  {
    "name": "GANDELAIN",
    "cp": "61420",
    "dept": "61",
    "region": ""
  },
  {
    "name": "GAPREE",
    "cp": "61390",
    "dept": "61",
    "region": ""
  },
  {
    "name": "GIEL COURTEILLES",
    "cp": "61210",
    "dept": "61",
    "region": ""
  },
  {
    "name": "GINAI",
    "cp": "61310",
    "dept": "61",
    "region": ""
  },
  {
    "name": "GOUFFERN EN AUGE",
    "cp": "61160",
    "dept": "61",
    "region": ""
  },
  {
    "name": "GOUFFERN EN AUGE",
    "cp": "61160",
    "dept": "61",
    "region": ""
  },
  {
    "name": "GOUFFERN EN AUGE",
    "cp": "61160",
    "dept": "61",
    "region": ""
  },
  {
    "name": "GOUFFERN EN AUGE",
    "cp": "61160",
    "dept": "61",
    "region": ""
  },
  {
    "name": "GOUFFERN EN AUGE",
    "cp": "61200",
    "dept": "61",
    "region": ""
  },
  {
    "name": "GOUFFERN EN AUGE",
    "cp": "61310",
    "dept": "61",
    "region": ""
  },
  {
    "name": "GOUFFERN EN AUGE",
    "cp": "61310",
    "dept": "61",
    "region": ""
  },
  {
    "name": "GOUFFERN EN AUGE",
    "cp": "61310",
    "dept": "61",
    "region": ""
  },
  {
    "name": "GOUFFERN EN AUGE",
    "cp": "61310",
    "dept": "61",
    "region": ""
  },
  {
    "name": "GOUFFERN EN AUGE",
    "cp": "61310",
    "dept": "61",
    "region": ""
  },
  {
    "name": "GOUFFERN EN AUGE",
    "cp": "61310",
    "dept": "61",
    "region": ""
  },
  {
    "name": "GOUFFERN EN AUGE",
    "cp": "61310",
    "dept": "61",
    "region": ""
  },
  {
    "name": "GOUFFERN EN AUGE",
    "cp": "61310",
    "dept": "61",
    "region": ""
  },
  {
    "name": "GOUFFERN EN AUGE",
    "cp": "61310",
    "dept": "61",
    "region": ""
  },
  {
    "name": "GUEPREI",
    "cp": "61160",
    "dept": "61",
    "region": ""
  },
  {
    "name": "GUERQUESALLES",
    "cp": "61120",
    "dept": "61",
    "region": ""
  },
  {
    "name": "HABLOVILLE",
    "cp": "61210",
    "dept": "61",
    "region": ""
  },
  {
    "name": "HAUTERIVE",
    "cp": "61250",
    "dept": "61",
    "region": ""
  },
  {
    "name": "HELOUP",
    "cp": "61250",
    "dept": "61",
    "region": ""
  },
  {
    "name": "IGE",
    "cp": "61130",
    "dept": "61",
    "region": ""
  },
  {
    "name": "IRAI",
    "cp": "61190",
    "dept": "61",
    "region": ""
  },
  {
    "name": "JOUE DU BOIS",
    "cp": "61320",
    "dept": "61",
    "region": ""
  },
  {
    "name": "JOUE DU PLAIN",
    "cp": "61150",
    "dept": "61",
    "region": ""
  },
  {
    "name": "JUVIGNY SUR ORNE",
    "cp": "61200",
    "dept": "61",
    "region": ""
  },
  {
    "name": "JUVIGNY VAL D ANDAINE",
    "cp": "61140",
    "dept": "61",
    "region": ""
  },
  {
    "name": "JUVIGNY VAL D ANDAINE",
    "cp": "61140",
    "dept": "61",
    "region": ""
  },
  {
    "name": "JUVIGNY VAL D ANDAINE",
    "cp": "61330",
    "dept": "61",
    "region": ""
  },
  {
    "name": "JUVIGNY VAL D ANDAINE",
    "cp": "61330",
    "dept": "61",
    "region": ""
  },
  {
    "name": "JUVIGNY VAL D ANDAINE",
    "cp": "61330",
    "dept": "61",
    "region": ""
  },
  {
    "name": "JUVIGNY VAL D ANDAINE",
    "cp": "61330",
    "dept": "61",
    "region": ""
  },
  {
    "name": "JUVIGNY VAL D ANDAINE",
    "cp": "61330",
    "dept": "61",
    "region": ""
  },
  {
    "name": "L AIGLE",
    "cp": "61300",
    "dept": "61",
    "region": ""
  },
  {
    "name": "L HOME CHAMONDOT",
    "cp": "61290",
    "dept": "61",
    "region": ""
  },
  {
    "name": "L OREE D ECOUVES",
    "cp": "61320",
    "dept": "61",
    "region": ""
  },
  {
    "name": "L OREE D ECOUVES",
    "cp": "61320",
    "dept": "61",
    "region": ""
  },
  {
    "name": "L OREE D ECOUVES",
    "cp": "61420",
    "dept": "61",
    "region": ""
  },
  {
    "name": "L OREE D ECOUVES",
    "cp": "61420",
    "dept": "61",
    "region": ""
  },
  {
    "name": "LA BAZOQUE",
    "cp": "61100",
    "dept": "61",
    "region": ""
  },
  {
    "name": "LA BELLIERE",
    "cp": "61570",
    "dept": "61",
    "region": ""
  },
  {
    "name": "LA CHAPELLE AU MOINE",
    "cp": "61100",
    "dept": "61",
    "region": ""
  },
  {
    "name": "LA CHAPELLE BICHE",
    "cp": "61100",
    "dept": "61",
    "region": ""
  },
  {
    "name": "LA CHAPELLE MONTLIGEON",
    "cp": "61400",
    "dept": "61",
    "region": ""
  },
  {
    "name": "LA CHAPELLE PRES SEES",
    "cp": "61500",
    "dept": "61",
    "region": ""
  },
  {
    "name": "LA CHAPELLE SOUEF",
    "cp": "61130",
    "dept": "61",
    "region": ""
  },
  {
    "name": "LA CHAPELLE VIEL",
    "cp": "61270",
    "dept": "61",
    "region": ""
  },
  {
    "name": "LA CHAUX",
    "cp": "61600",
    "dept": "61",
    "region": ""
  },
  {
    "name": "LA COULONCHE",
    "cp": "61220",
    "dept": "61",
    "region": ""
  },
  {
    "name": "LA FERRIERE AU DOYEN",
    "cp": "61380",
    "dept": "61",
    "region": ""
  },
  {
    "name": "LA FERRIERE AUX ETANGS",
    "cp": "61450",
    "dept": "61",
    "region": ""
  },
  {
    "name": "LA FERRIERE BECHET",
    "cp": "61500",
    "dept": "61",
    "region": ""
  },
  {
    "name": "LA FERRIERE BOCHARD",
    "cp": "61420",
    "dept": "61",
    "region": ""
  },
  {
    "name": "LA FERTE EN OUCHE",
    "cp": "61470",
    "dept": "61",
    "region": ""
  },
  {
    "name": "LA FERTE EN OUCHE",
    "cp": "61470",
    "dept": "61",
    "region": ""
  },
  {
    "name": "LA FERTE EN OUCHE",
    "cp": "61550",
    "dept": "61",
    "region": ""
  },
  {
    "name": "LA FERTE EN OUCHE",
    "cp": "61550",
    "dept": "61",
    "region": ""
  },
  {
    "name": "LA FERTE EN OUCHE",
    "cp": "61550",
    "dept": "61",
    "region": ""
  },
  {
    "name": "LA FERTE EN OUCHE",
    "cp": "61550",
    "dept": "61",
    "region": ""
  },
  {
    "name": "LA FERTE EN OUCHE",
    "cp": "61550",
    "dept": "61",
    "region": ""
  },
  {
    "name": "LA FERTE EN OUCHE",
    "cp": "61550",
    "dept": "61",
    "region": ""
  },
  {
    "name": "LA FERTE EN OUCHE",
    "cp": "61550",
    "dept": "61",
    "region": ""
  },
  {
    "name": "LA FERTE EN OUCHE",
    "cp": "61550",
    "dept": "61",
    "region": ""
  },
  {
    "name": "LA FERTE EN OUCHE",
    "cp": "61550",
    "dept": "61",
    "region": ""
  },
  {
    "name": "LA FERTE MACE",
    "cp": "61410",
    "dept": "61",
    "region": ""
  },
  {
    "name": "LA FERTE MACE",
    "cp": "61600",
    "dept": "61",
    "region": ""
  },
  {
    "name": "LA FRESNAIE FAYEL",
    "cp": "61230",
    "dept": "61",
    "region": ""
  },
  {
    "name": "LA GONFRIERE",
    "cp": "61550",
    "dept": "61",
    "region": ""
  },
  {
    "name": "LA LANDE DE GOULT",
    "cp": "61320",
    "dept": "61",
    "region": ""
  },
  {
    "name": "LA LANDE DE LOUGE",
    "cp": "61210",
    "dept": "61",
    "region": ""
  },
  {
    "name": "LA LANDE PATRY",
    "cp": "61100",
    "dept": "61",
    "region": ""
  },
  {
    "name": "LA LANDE ST SIMEON",
    "cp": "61100",
    "dept": "61",
    "region": ""
  },
  {
    "name": "LA MADELEINE BOUVET",
    "cp": "61110",
    "dept": "61",
    "region": ""
  },
  {
    "name": "LA MESNIERE",
    "cp": "61560",
    "dept": "61",
    "region": ""
  },
  {
    "name": "LA MOTTE FOUQUET",
    "cp": "61600",
    "dept": "61",
    "region": ""
  },
  {
    "name": "LA ROCHE MABILE",
    "cp": "61420",
    "dept": "61",
    "region": ""
  },
  {
    "name": "LA SELLE LA FORGE",
    "cp": "61100",
    "dept": "61",
    "region": ""
  },
  {
    "name": "LA TRINITE DES LAITIERS",
    "cp": "61230",
    "dept": "61",
    "region": ""
  },
  {
    "name": "LA VENTROUZE",
    "cp": "61190",
    "dept": "61",
    "region": ""
  },
  {
    "name": "LALACELLE",
    "cp": "61320",
    "dept": "61",
    "region": ""
  },
  {
    "name": "LALEU",
    "cp": "61170",
    "dept": "61",
    "region": ""
  },
  {
    "name": "LANDIGOU",
    "cp": "61100",
    "dept": "61",
    "region": ""
  },
  {
    "name": "LANDISACQ",
    "cp": "61100",
    "dept": "61",
    "region": ""
  },
  {
    "name": "LARRE",
    "cp": "61250",
    "dept": "61",
    "region": ""
  },
  {
    "name": "LE BOSC RENOULT",
    "cp": "61470",
    "dept": "61",
    "region": ""
  },
  {
    "name": "LE BOUILLON",
    "cp": "61500",
    "dept": "61",
    "region": ""
  },
  {
    "name": "LE CERCUEIL",
    "cp": "61500",
    "dept": "61",
    "region": ""
  },
  {
    "name": "LE CHALANGE",
    "cp": "61390",
    "dept": "61",
    "region": ""
  },
  {
    "name": "LE CHAMP DE LA PIERRE",
    "cp": "61320",
    "dept": "61",
    "region": ""
  },
  {
    "name": "LE CHATEAU D ALMENECHES",
    "cp": "61570",
    "dept": "61",
    "region": ""
  },
  {
    "name": "LE CHATELLIER",
    "cp": "61450",
    "dept": "61",
    "region": ""
  },
  {
    "name": "LE GRAIS",
    "cp": "61600",
    "dept": "61",
    "region": ""
  },
  {
    "name": "LE MAGE",
    "cp": "61290",
    "dept": "61",
    "region": ""
  },
  {
    "name": "LE MELE SUR SARTHE",
    "cp": "61170",
    "dept": "61",
    "region": ""
  },
  {
    "name": "LE MENIL BERARD",
    "cp": "61270",
    "dept": "61",
    "region": ""
  },
  {
    "name": "LE MENIL BROUT",
    "cp": "61250",
    "dept": "61",
    "region": ""
  },
  {
    "name": "LE MENIL CIBOULT",
    "cp": "61800",
    "dept": "61",
    "region": ""
  },
  {
    "name": "LE MENIL DE BRIOUZE",
    "cp": "61220",
    "dept": "61",
    "region": ""
  },
  {
    "name": "LE MENIL GUYON",
    "cp": "61170",
    "dept": "61",
    "region": ""
  },
  {
    "name": "LE MENIL SCELLEUR",
    "cp": "61320",
    "dept": "61",
    "region": ""
  },
  {
    "name": "LE MENIL VICOMTE",
    "cp": "61240",
    "dept": "61",
    "region": ""
  },
  {
    "name": "LE PAS ST L HOMER",
    "cp": "61290",
    "dept": "61",
    "region": ""
  },
  {
    "name": "LE PIN AU HARAS",
    "cp": "61310",
    "dept": "61",
    "region": ""
  },
  {
    "name": "LE PIN LA GARENNE",
    "cp": "61400",
    "dept": "61",
    "region": ""
  },
  {
    "name": "LE PLANTIS",
    "cp": "61170",
    "dept": "61",
    "region": ""
  },
  {
    "name": "LE RENOUARD",
    "cp": "61120",
    "dept": "61",
    "region": ""
  },
  {
    "name": "LE SAP ANDRE",
    "cp": "61230",
    "dept": "61",
    "region": ""
  },
  {
    "name": "LES ASPRES",
    "cp": "61270",
    "dept": "61",
    "region": ""
  },
  {
    "name": "LES CHAMPEAUX",
    "cp": "61120",
    "dept": "61",
    "region": ""
  },
  {
    "name": "LES GENETTES",
    "cp": "61270",
    "dept": "61",
    "region": ""
  },
  {
    "name": "LES MENUS",
    "cp": "61290",
    "dept": "61",
    "region": ""
  },
  {
    "name": "LES MONTS D ANDAINE",
    "cp": "61600",
    "dept": "61",
    "region": ""
  },
  {
    "name": "LES MONTS D ANDAINE",
    "cp": "61600",
    "dept": "61",
    "region": ""
  },
  {
    "name": "LES VENTES DE BOURSE",
    "cp": "61170",
    "dept": "61",
    "region": ""
  },
  {
    "name": "LES YVETEAUX",
    "cp": "61210",
    "dept": "61",
    "region": ""
  },
  {
    "name": "LIGNERES",
    "cp": "61240",
    "dept": "61",
    "region": ""
  },
  {
    "name": "LIGNOU",
    "cp": "61220",
    "dept": "61",
    "region": ""
  },
  {
    "name": "LOISAIL",
    "cp": "61400",
    "dept": "61",
    "region": ""
  },
  {
    "name": "LONGNY LES VILLAGES",
    "cp": "61290",
    "dept": "61",
    "region": ""
  },
  {
    "name": "LONGNY LES VILLAGES",
    "cp": "61290",
    "dept": "61",
    "region": ""
  },
  {
    "name": "LONGNY LES VILLAGES",
    "cp": "61290",
    "dept": "61",
    "region": ""
  },
  {
    "name": "LONGNY LES VILLAGES",
    "cp": "61290",
    "dept": "61",
    "region": ""
  },
  {
    "name": "LONGNY LES VILLAGES",
    "cp": "61290",
    "dept": "61",
    "region": ""
  },
  {
    "name": "LONGNY LES VILLAGES",
    "cp": "61290",
    "dept": "61",
    "region": ""
  },
  {
    "name": "LONGNY LES VILLAGES",
    "cp": "61290",
    "dept": "61",
    "region": ""
  },
  {
    "name": "LONGNY LES VILLAGES",
    "cp": "61290",
    "dept": "61",
    "region": ""
  },
  {
    "name": "LONLAY L ABBAYE",
    "cp": "61700",
    "dept": "61",
    "region": ""
  },
  {
    "name": "LONLAY LE TESSON",
    "cp": "61600",
    "dept": "61",
    "region": ""
  },
  {
    "name": "LONRAI",
    "cp": "61250",
    "dept": "61",
    "region": ""
  },
  {
    "name": "LOUGE SUR MAIRE",
    "cp": "61150",
    "dept": "61",
    "region": ""
  },
  {
    "name": "LOUVIERES EN AUGE",
    "cp": "61160",
    "dept": "61",
    "region": ""
  },
  {
    "name": "MACE",
    "cp": "61500",
    "dept": "61",
    "region": ""
  },
  {
    "name": "MAGNY LE DESERT",
    "cp": "61600",
    "dept": "61",
    "region": ""
  },
  {
    "name": "MAHERU",
    "cp": "61380",
    "dept": "61",
    "region": ""
  },
  {
    "name": "MANTILLY",
    "cp": "61350",
    "dept": "61",
    "region": ""
  },
  {
    "name": "MARCHEMAISONS",
    "cp": "61170",
    "dept": "61",
    "region": ""
  },
  {
    "name": "MARDILLY",
    "cp": "61230",
    "dept": "61",
    "region": ""
  },
  {
    "name": "MAUVES SUR HUISNE",
    "cp": "61400",
    "dept": "61",
    "region": ""
  },
  {
    "name": "MEDAVY",
    "cp": "61570",
    "dept": "61",
    "region": ""
  },
  {
    "name": "MEHOUDIN",
    "cp": "61410",
    "dept": "61",
    "region": ""
  },
  {
    "name": "MENIL ERREUX",
    "cp": "61250",
    "dept": "61",
    "region": ""
  },
  {
    "name": "MENIL FROGER",
    "cp": "61240",
    "dept": "61",
    "region": ""
  },
  {
    "name": "MENIL GONDOUIN",
    "cp": "61210",
    "dept": "61",
    "region": ""
  },
  {
    "name": "MENIL HERMEI",
    "cp": "61210",
    "dept": "61",
    "region": ""
  },
  {
    "name": "MENIL HUBERT EN EXMES",
    "cp": "61230",
    "dept": "61",
    "region": ""
  },
  {
    "name": "MENIL HUBERT SUR ORNE",
    "cp": "61430",
    "dept": "61",
    "region": ""
  },
  {
    "name": "MENIL VIN",
    "cp": "61210",
    "dept": "61",
    "region": ""
  },
  {
    "name": "MERLERAULT LE PIN",
    "cp": "61240",
    "dept": "61",
    "region": ""
  },
  {
    "name": "MERLERAULT LE PIN",
    "cp": "61240",
    "dept": "61",
    "region": ""
  },
  {
    "name": "MERLERAULT LE PIN",
    "cp": "61240",
    "dept": "61",
    "region": ""
  },
  {
    "name": "MERLERAULT LE PIN",
    "cp": "61240",
    "dept": "61",
    "region": ""
  },
  {
    "name": "MERLERAULT LE PIN",
    "cp": "61240",
    "dept": "61",
    "region": ""
  },
  {
    "name": "MERRI",
    "cp": "61160",
    "dept": "61",
    "region": ""
  },
  {
    "name": "MESSEI",
    "cp": "61440",
    "dept": "61",
    "region": ""
  },
  {
    "name": "MIEUXCE",
    "cp": "61250",
    "dept": "61",
    "region": ""
  },
  {
    "name": "MONCY",
    "cp": "61800",
    "dept": "61",
    "region": ""
  },
  {
    "name": "MONT ORMEL",
    "cp": "61160",
    "dept": "61",
    "region": ""
  },
  {
    "name": "MONTABARD",
    "cp": "61160",
    "dept": "61",
    "region": ""
  },
  {
    "name": "MONTCHEVREL",
    "cp": "61170",
    "dept": "61",
    "region": ""
  },
  {
    "name": "MONTGAUDRY",
    "cp": "61360",
    "dept": "61",
    "region": ""
  },
  {
    "name": "MONTILLY SUR NOIREAU",
    "cp": "61100",
    "dept": "61",
    "region": ""
  },
  {
    "name": "MONTMERREI",
    "cp": "61570",
    "dept": "61",
    "region": ""
  },
  {
    "name": "MONTREUIL AU HOULME",
    "cp": "61210",
    "dept": "61",
    "region": ""
  },
  {
    "name": "MONTREUIL LA CAMBE",
    "cp": "61160",
    "dept": "61",
    "region": ""
  },
  {
    "name": "MONTS SUR ORNE",
    "cp": "61150",
    "dept": "61",
    "region": ""
  },
  {
    "name": "MONTS SUR ORNE",
    "cp": "61150",
    "dept": "61",
    "region": ""
  },
  {
    "name": "MONTS SUR ORNE",
    "cp": "61150",
    "dept": "61",
    "region": ""
  },
  {
    "name": "MONTSECRET CLAIREFOUGERE",
    "cp": "61800",
    "dept": "61",
    "region": ""
  },
  {
    "name": "MONTSECRET CLAIREFOUGERE",
    "cp": "61800",
    "dept": "61",
    "region": ""
  },
  {
    "name": "MORTAGNE AU PERCHE",
    "cp": "61400",
    "dept": "61",
    "region": ""
  },
  {
    "name": "MORTREE",
    "cp": "61500",
    "dept": "61",
    "region": ""
  },
  {
    "name": "MORTREE",
    "cp": "61570",
    "dept": "61",
    "region": ""
  },
  {
    "name": "MOULINS LA MARCHE",
    "cp": "61380",
    "dept": "61",
    "region": ""
  },
  {
    "name": "MOULINS SUR ORNE",
    "cp": "61200",
    "dept": "61",
    "region": ""
  },
  {
    "name": "MOUTIERS AU PERCHE",
    "cp": "61110",
    "dept": "61",
    "region": ""
  },
  {
    "name": "NEAUPHE SOUS ESSAI",
    "cp": "61500",
    "dept": "61",
    "region": ""
  },
  {
    "name": "NEAUPHE SUR DIVE",
    "cp": "61160",
    "dept": "61",
    "region": ""
  },
  {
    "name": "NECY",
    "cp": "61160",
    "dept": "61",
    "region": ""
  },
  {
    "name": "NEUILLY LE BISSON",
    "cp": "61250",
    "dept": "61",
    "region": ""
  },
  {
    "name": "NEUVILLE SUR TOUQUES",
    "cp": "61120",
    "dept": "61",
    "region": ""
  },
  {
    "name": "NEUVY AU HOULME",
    "cp": "61210",
    "dept": "61",
    "region": ""
  },
  {
    "name": "OCCAGNES",
    "cp": "61200",
    "dept": "61",
    "region": ""
  },
  {
    "name": "OMMOY",
    "cp": "61160",
    "dept": "61",
    "region": ""
  },
  {
    "name": "ORGERES",
    "cp": "61230",
    "dept": "61",
    "region": ""
  },
  {
    "name": "ORIGNY LE ROUX",
    "cp": "61130",
    "dept": "61",
    "region": ""
  },
  {
    "name": "PACE",
    "cp": "61250",
    "dept": "61",
    "region": ""
  },
  {
    "name": "PARFONDEVAL",
    "cp": "61400",
    "dept": "61",
    "region": ""
  },
  {
    "name": "PASSAIS VILLAGES",
    "cp": "61350",
    "dept": "61",
    "region": ""
  },
  {
    "name": "PASSAIS VILLAGES",
    "cp": "61350",
    "dept": "61",
    "region": ""
  },
  {
    "name": "PASSAIS VILLAGES",
    "cp": "61350",
    "dept": "61",
    "region": ""
  },
  {
    "name": "PERCHE EN NOCE",
    "cp": "61340",
    "dept": "61",
    "region": ""
  },
  {
    "name": "PERCHE EN NOCE",
    "cp": "61340",
    "dept": "61",
    "region": ""
  },
  {
    "name": "PERCHE EN NOCE",
    "cp": "61340",
    "dept": "61",
    "region": ""
  },
  {
    "name": "PERCHE EN NOCE",
    "cp": "61340",
    "dept": "61",
    "region": ""
  },
  {
    "name": "PERCHE EN NOCE",
    "cp": "61340",
    "dept": "61",
    "region": ""
  },
  {
    "name": "PERCHE EN NOCE",
    "cp": "61340",
    "dept": "61",
    "region": ""
  },
  {
    "name": "PERROU",
    "cp": "61700",
    "dept": "61",
    "region": ""
  },
  {
    "name": "PERVENCHERES",
    "cp": "61360",
    "dept": "61",
    "region": ""
  },
  {
    "name": "PLANCHES",
    "cp": "61370",
    "dept": "61",
    "region": ""
  },
  {
    "name": "POINTEL",
    "cp": "61220",
    "dept": "61",
    "region": ""
  },
  {
    "name": "PONTCHARDON",
    "cp": "61120",
    "dept": "61",
    "region": ""
  },
  {
    "name": "POUVRAI",
    "cp": "61130",
    "dept": "61",
    "region": ""
  },
  {
    "name": "PUTANGES LE LAC",
    "cp": "61210",
    "dept": "61",
    "region": ""
  },
  {
    "name": "PUTANGES LE LAC",
    "cp": "61210",
    "dept": "61",
    "region": ""
  },
  {
    "name": "PUTANGES LE LAC",
    "cp": "61210",
    "dept": "61",
    "region": ""
  },
  {
    "name": "PUTANGES LE LAC",
    "cp": "61210",
    "dept": "61",
    "region": ""
  },
  {
    "name": "PUTANGES LE LAC",
    "cp": "61210",
    "dept": "61",
    "region": ""
  },
  {
    "name": "PUTANGES LE LAC",
    "cp": "61210",
    "dept": "61",
    "region": ""
  },
  {
    "name": "PUTANGES LE LAC",
    "cp": "61210",
    "dept": "61",
    "region": ""
  },
  {
    "name": "PUTANGES LE LAC",
    "cp": "61210",
    "dept": "61",
    "region": ""
  },
  {
    "name": "PUTANGES LE LAC",
    "cp": "61210",
    "dept": "61",
    "region": ""
  },
  {
    "name": "RAI",
    "cp": "61270",
    "dept": "61",
    "region": ""
  },
  {
    "name": "RANES",
    "cp": "61150",
    "dept": "61",
    "region": ""
  },
  {
    "name": "REMALARD EN PERCHE",
    "cp": "61110",
    "dept": "61",
    "region": ""
  },
  {
    "name": "REMALARD EN PERCHE",
    "cp": "61110",
    "dept": "61",
    "region": ""
  },
  {
    "name": "REMALARD EN PERCHE",
    "cp": "61110",
    "dept": "61",
    "region": ""
  },
  {
    "name": "RESENLIEU",
    "cp": "61230",
    "dept": "61",
    "region": ""
  },
  {
    "name": "REVEILLON",
    "cp": "61400",
    "dept": "61",
    "region": ""
  },
  {
    "name": "RI",
    "cp": "61210",
    "dept": "61",
    "region": ""
  },
  {
    "name": "RIVES D ANDAINE",
    "cp": "61140",
    "dept": "61",
    "region": ""
  },
  {
    "name": "RIVES D ANDAINE",
    "cp": "61140",
    "dept": "61",
    "region": ""
  },
  {
    "name": "RIVES D ANDAINE",
    "cp": "61410",
    "dept": "61",
    "region": ""
  },
  {
    "name": "RIVES D ANDAINE",
    "cp": "61410",
    "dept": "61",
    "region": ""
  },
  {
    "name": "ROIVILLE",
    "cp": "61120",
    "dept": "61",
    "region": ""
  },
  {
    "name": "RONAI",
    "cp": "61160",
    "dept": "61",
    "region": ""
  },
  {
    "name": "ROUPERROUX",
    "cp": "61320",
    "dept": "61",
    "region": ""
  },
  {
    "name": "SABLONS SUR HUISNE",
    "cp": "61110",
    "dept": "61",
    "region": ""
  },
  {
    "name": "SABLONS SUR HUISNE",
    "cp": "61110",
    "dept": "61",
    "region": ""
  },
  {
    "name": "SABLONS SUR HUISNE",
    "cp": "61110",
    "dept": "61",
    "region": ""
  },
  {
    "name": "SAI",
    "cp": "61200",
    "dept": "61",
    "region": ""
  },
  {
    "name": "SAIRES LA VERRERIE",
    "cp": "61220",
    "dept": "61",
    "region": ""
  },
  {
    "name": "SAP EN AUGE",
    "cp": "61120",
    "dept": "61",
    "region": ""
  },
  {
    "name": "SAP EN AUGE",
    "cp": "61470",
    "dept": "61",
    "region": ""
  },
  {
    "name": "SARCEAUX",
    "cp": "61200",
    "dept": "61",
    "region": ""
  },
  {
    "name": "SEES",
    "cp": "61500",
    "dept": "61",
    "region": ""
  },
  {
    "name": "SEMALLE",
    "cp": "61250",
    "dept": "61",
    "region": ""
  },
  {
    "name": "SEVIGNY",
    "cp": "61200",
    "dept": "61",
    "region": ""
  },
  {
    "name": "SEVRAI",
    "cp": "61150",
    "dept": "61",
    "region": ""
  },
  {
    "name": "SOLIGNY LA TRAPPE",
    "cp": "61380",
    "dept": "61",
    "region": ""
  },
  {
    "name": "ST AGNAN SUR SARTHE",
    "cp": "61170",
    "dept": "61",
    "region": ""
  },
  {
    "name": "ST ANDRE DE BRIOUZE",
    "cp": "61220",
    "dept": "61",
    "region": ""
  },
  {
    "name": "ST ANDRE DE MESSEI",
    "cp": "61440",
    "dept": "61",
    "region": ""
  },
  {
    "name": "ST AQUILIN DE CORBION",
    "cp": "61380",
    "dept": "61",
    "region": ""
  },
  {
    "name": "ST AUBIN D APPENAI",
    "cp": "61170",
    "dept": "61",
    "region": ""
  },
  {
    "name": "ST AUBIN DE BONNEVAL",
    "cp": "61470",
    "dept": "61",
    "region": ""
  },
  {
    "name": "ST AUBIN DE COURTERAIE",
    "cp": "61560",
    "dept": "61",
    "region": ""
  },
  {
    "name": "ST BOMER LES FORGES",
    "cp": "61700",
    "dept": "61",
    "region": ""
  },
  {
    "name": "ST BRICE",
    "cp": "61700",
    "dept": "61",
    "region": ""
  },
  {
    "name": "ST BRICE SOUS RANES",
    "cp": "61150",
    "dept": "61",
    "region": ""
  },
  {
    "name": "ST CENERI LE GEREI",
    "cp": "61250",
    "dept": "61",
    "region": ""
  },
  {
    "name": "ST CHRISTOPHE DE CHAULIEU",
    "cp": "61800",
    "dept": "61",
    "region": ""
  },
  {
    "name": "ST CLAIR DE HALOUZE",
    "cp": "61490",
    "dept": "61",
    "region": ""
  },
  {
    "name": "ST CYR LA ROSIERE",
    "cp": "61130",
    "dept": "61",
    "region": ""
  },
  {
    "name": "ST DENIS SUR HUISNE",
    "cp": "61400",
    "dept": "61",
    "region": ""
  },
  {
    "name": "ST DENIS SUR SARTHON",
    "cp": "61420",
    "dept": "61",
    "region": ""
  },
  {
    "name": "ST ELLIER LES BOIS",
    "cp": "61320",
    "dept": "61",
    "region": ""
  },
  {
    "name": "ST EVROULT DE MONTFORT",
    "cp": "61230",
    "dept": "61",
    "region": ""
  },
  {
    "name": "ST EVROULT NOTRE DAME DU BOIS",
    "cp": "61550",
    "dept": "61",
    "region": ""
  },
  {
    "name": "ST FRAIMBAULT",
    "cp": "61350",
    "dept": "61",
    "region": ""
  },
  {
    "name": "ST FULGENT DES ORMES",
    "cp": "61130",
    "dept": "61",
    "region": ""
  },
  {
    "name": "ST GEORGES D ANNEBECQ",
    "cp": "61600",
    "dept": "61",
    "region": ""
  },
  {
    "name": "ST GEORGES DES GROSEILLERS",
    "cp": "61100",
    "dept": "61",
    "region": ""
  },
  {
    "name": "ST GERMAIN D AUNAY",
    "cp": "61470",
    "dept": "61",
    "region": ""
  },
  {
    "name": "ST GERMAIN DE CLAIREFEUILLE",
    "cp": "61240",
    "dept": "61",
    "region": ""
  },
  {
    "name": "ST GERMAIN DE LA COUDRE",
    "cp": "61130",
    "dept": "61",
    "region": ""
  },
  {
    "name": "ST GERMAIN DE MARTIGNY",
    "cp": "61560",
    "dept": "61",
    "region": ""
  },
  {
    "name": "ST GERMAIN DES GROIS",
    "cp": "61110",
    "dept": "61",
    "region": ""
  },
  {
    "name": "ST GERMAIN DU CORBEIS",
    "cp": "61000",
    "dept": "61",
    "region": ""
  },
  {
    "name": "ST GERMAIN LE VIEUX",
    "cp": "61390",
    "dept": "61",
    "region": ""
  },
  {
    "name": "ST GERVAIS DES SABLONS",
    "cp": "61160",
    "dept": "61",
    "region": ""
  },
  {
    "name": "ST GERVAIS DU PERRON",
    "cp": "61500",
    "dept": "61",
    "region": ""
  },
  {
    "name": "ST GILLES DES MARAIS",
    "cp": "61700",
    "dept": "61",
    "region": ""
  },
  {
    "name": "ST HILAIRE DE BRIOUZE",
    "cp": "61220",
    "dept": "61",
    "region": ""
  },
  {
    "name": "ST HILAIRE LE CHATEL",
    "cp": "61400",
    "dept": "61",
    "region": ""
  },
  {
    "name": "ST HILAIRE SUR ERRE",
    "cp": "61340",
    "dept": "61",
    "region": ""
  },
  {
    "name": "ST HILAIRE SUR RISLE",
    "cp": "61270",
    "dept": "61",
    "region": ""
  },
  {
    "name": "ST JOUIN DE BLAVOU",
    "cp": "61360",
    "dept": "61",
    "region": ""
  },
  {
    "name": "ST JULIEN SUR SARTHE",
    "cp": "61170",
    "dept": "61",
    "region": ""
  },
  {
    "name": "ST LAMBERT SUR DIVE",
    "cp": "61160",
    "dept": "61",
    "region": ""
  },
  {
    "name": "ST LANGIS LES MORTAGNE",
    "cp": "61400",
    "dept": "61",
    "region": ""
  },
  {
    "name": "ST LEGER SUR SARTHE",
    "cp": "61170",
    "dept": "61",
    "region": ""
  },
  {
    "name": "ST LEONARD DES PARCS",
    "cp": "61390",
    "dept": "61",
    "region": ""
  },
  {
    "name": "ST MARD DE RENO",
    "cp": "61400",
    "dept": "61",
    "region": ""
  },
  {
    "name": "ST MARS D EGRENNE",
    "cp": "61350",
    "dept": "61",
    "region": ""
  },
  {
    "name": "ST MARTIN D ECUBLEI",
    "cp": "61300",
    "dept": "61",
    "region": ""
  },
  {
    "name": "ST MARTIN DES LANDES",
    "cp": "61320",
    "dept": "61",
    "region": ""
  },
  {
    "name": "ST MARTIN DES PEZERITS",
    "cp": "61380",
    "dept": "61",
    "region": ""
  },
  {
    "name": "ST MARTIN DU VIEUX BELLEME",
    "cp": "61130",
    "dept": "61",
    "region": ""
  },
  {
    "name": "ST MARTIN L AIGUILLON",
    "cp": "61320",
    "dept": "61",
    "region": ""
  },
  {
    "name": "ST MICHEL TUBOEUF",
    "cp": "61300",
    "dept": "61",
    "region": ""
  },
  {
    "name": "ST NICOLAS DE SOMMAIRE",
    "cp": "61550",
    "dept": "61",
    "region": ""
  },
  {
    "name": "ST NICOLAS DES BOIS",
    "cp": "61250",
    "dept": "61",
    "region": ""
  },
  {
    "name": "ST OUEN DE SECHEROUVRE",
    "cp": "61560",
    "dept": "61",
    "region": ""
  },
  {
    "name": "ST OUEN LE BRISOULT",
    "cp": "61410",
    "dept": "61",
    "region": ""
  },
  {
    "name": "ST OUEN SUR ITON",
    "cp": "61300",
    "dept": "61",
    "region": ""
  },
  {
    "name": "ST PATRICE DU DESERT",
    "cp": "61600",
    "dept": "61",
    "region": ""
  },
  {
    "name": "ST PAUL",
    "cp": "61100",
    "dept": "61",
    "region": ""
  },
  {
    "name": "ST PHILBERT SUR ORNE",
    "cp": "61430",
    "dept": "61",
    "region": ""
  },
  {
    "name": "ST PIERRE D ENTREMONT",
    "cp": "61800",
    "dept": "61",
    "region": ""
  },
  {
    "name": "ST PIERRE DES LOGES",
    "cp": "61370",
    "dept": "61",
    "region": ""
  },
  {
    "name": "ST PIERRE DU REGARD",
    "cp": "61790",
    "dept": "61",
    "region": ""
  },
  {
    "name": "ST PIERRE LA BRUYERE",
    "cp": "61340",
    "dept": "61",
    "region": ""
  },
  {
    "name": "ST QUENTIN DE BLAVOU",
    "cp": "61360",
    "dept": "61",
    "region": ""
  },
  {
    "name": "ST QUENTIN LES CHARDONNETS",
    "cp": "61800",
    "dept": "61",
    "region": ""
  },
  {
    "name": "ST ROCH SUR EGRENNE",
    "cp": "61350",
    "dept": "61",
    "region": ""
  },
  {
    "name": "ST SAUVEUR DE CARROUGES",
    "cp": "61320",
    "dept": "61",
    "region": ""
  },
  {
    "name": "ST SULPICE SUR RISLE",
    "cp": "61300",
    "dept": "61",
    "region": ""
  },
  {
    "name": "ST SYMPHORIEN DES BRUYERES",
    "cp": "61300",
    "dept": "61",
    "region": ""
  },
  {
    "name": "STE CERONNE LES MORTAGNE",
    "cp": "61380",
    "dept": "61",
    "region": ""
  },
  {
    "name": "STE GAUBURGE STE COLOMBE",
    "cp": "61370",
    "dept": "61",
    "region": ""
  },
  {
    "name": "STE HONORINE LA CHARDONNE",
    "cp": "61430",
    "dept": "61",
    "region": ""
  },
  {
    "name": "STE HONORINE LA GUILLAUME",
    "cp": "61210",
    "dept": "61",
    "region": ""
  },
  {
    "name": "STE MARGUERITE DE CARROUGES",
    "cp": "61320",
    "dept": "61",
    "region": ""
  },
  {
    "name": "STE MARIE LA ROBERT",
    "cp": "61320",
    "dept": "61",
    "region": ""
  },
  {
    "name": "STE OPPORTUNE",
    "cp": "61100",
    "dept": "61",
    "region": ""
  },
  {
    "name": "STE SCOLASSE SUR SARTHE",
    "cp": "61170",
    "dept": "61",
    "region": ""
  },
  {
    "name": "SURE",
    "cp": "61360",
    "dept": "61",
    "region": ""
  },
  {
    "name": "TANQUES",
    "cp": "61150",
    "dept": "61",
    "region": ""
  },
  {
    "name": "TANVILLE",
    "cp": "61500",
    "dept": "61",
    "region": ""
  },
  {
    "name": "TELLIERES LE PLESSIS",
    "cp": "61390",
    "dept": "61",
    "region": ""
  },
  {
    "name": "TESSE FROULAY",
    "cp": "61410",
    "dept": "61",
    "region": ""
  },
  {
    "name": "TICHEVILLE",
    "cp": "61120",
    "dept": "61",
    "region": ""
  },
  {
    "name": "TINCHEBRAY BOCAGE",
    "cp": "61800",
    "dept": "61",
    "region": ""
  },
  {
    "name": "TINCHEBRAY BOCAGE",
    "cp": "61800",
    "dept": "61",
    "region": ""
  },
  {
    "name": "TINCHEBRAY BOCAGE",
    "cp": "61800",
    "dept": "61",
    "region": ""
  },
  {
    "name": "TINCHEBRAY BOCAGE",
    "cp": "61800",
    "dept": "61",
    "region": ""
  },
  {
    "name": "TINCHEBRAY BOCAGE",
    "cp": "61800",
    "dept": "61",
    "region": ""
  },
  {
    "name": "TINCHEBRAY BOCAGE",
    "cp": "61800",
    "dept": "61",
    "region": ""
  },
  {
    "name": "TINCHEBRAY BOCAGE",
    "cp": "61800",
    "dept": "61",
    "region": ""
  },
  {
    "name": "TORCHAMP",
    "cp": "61330",
    "dept": "61",
    "region": ""
  },
  {
    "name": "TOUQUETTES",
    "cp": "61550",
    "dept": "61",
    "region": ""
  },
  {
    "name": "TOURNAI SUR DIVE",
    "cp": "61160",
    "dept": "61",
    "region": ""
  },
  {
    "name": "TOUROUVRE AU PERCHE",
    "cp": "61190",
    "dept": "61",
    "region": ""
  },
  {
    "name": "TOUROUVRE AU PERCHE",
    "cp": "61190",
    "dept": "61",
    "region": ""
  },
  {
    "name": "TOUROUVRE AU PERCHE",
    "cp": "61190",
    "dept": "61",
    "region": ""
  },
  {
    "name": "TOUROUVRE AU PERCHE",
    "cp": "61190",
    "dept": "61",
    "region": ""
  },
  {
    "name": "TOUROUVRE AU PERCHE",
    "cp": "61190",
    "dept": "61",
    "region": ""
  },
  {
    "name": "TOUROUVRE AU PERCHE",
    "cp": "61190",
    "dept": "61",
    "region": ""
  },
  {
    "name": "TOUROUVRE AU PERCHE",
    "cp": "61190",
    "dept": "61",
    "region": ""
  },
  {
    "name": "TOUROUVRE AU PERCHE",
    "cp": "61190",
    "dept": "61",
    "region": ""
  },
  {
    "name": "TOUROUVRE AU PERCHE",
    "cp": "61190",
    "dept": "61",
    "region": ""
  },
  {
    "name": "TOUROUVRE AU PERCHE",
    "cp": "61190",
    "dept": "61",
    "region": ""
  },
  {
    "name": "TREMONT",
    "cp": "61390",
    "dept": "61",
    "region": ""
  },
  {
    "name": "TRUN",
    "cp": "61160",
    "dept": "61",
    "region": ""
  },
  {
    "name": "VAL AU PERCHE",
    "cp": "61130",
    "dept": "61",
    "region": ""
  },
  {
    "name": "VAL AU PERCHE",
    "cp": "61260",
    "dept": "61",
    "region": ""
  },
  {
    "name": "VAL AU PERCHE",
    "cp": "61260",
    "dept": "61",
    "region": ""
  },
  {
    "name": "VAL AU PERCHE",
    "cp": "61260",
    "dept": "61",
    "region": ""
  },
  {
    "name": "VAL AU PERCHE",
    "cp": "61260",
    "dept": "61",
    "region": ""
  },
  {
    "name": "VAL AU PERCHE",
    "cp": "61340",
    "dept": "61",
    "region": ""
  },
  {
    "name": "VALFRAMBERT",
    "cp": "61250",
    "dept": "61",
    "region": ""
  },
  {
    "name": "VAUNOISE",
    "cp": "61130",
    "dept": "61",
    "region": ""
  },
  {
    "name": "VERRIERES",
    "cp": "61110",
    "dept": "61",
    "region": ""
  },
  {
    "name": "VIDAI",
    "cp": "61360",
    "dept": "61",
    "region": ""
  },
  {
    "name": "VIEUX PONT",
    "cp": "61150",
    "dept": "61",
    "region": ""
  },
  {
    "name": "VILLEDIEU LES BAILLEUL",
    "cp": "61160",
    "dept": "61",
    "region": ""
  },
  {
    "name": "VILLIERS SOUS MORTAGNE",
    "cp": "61400",
    "dept": "61",
    "region": ""
  },
  {
    "name": "VIMOUTIERS",
    "cp": "61120",
    "dept": "61",
    "region": ""
  },
  {
    "name": "VITRAI SOUS LAIGLE",
    "cp": "61300",
    "dept": "61",
    "region": ""
  }
]