[
  {
    "name": "AIX EN PROVENCE",
    "cp": "13080",
    "dept": "13",
    "region": ""
  },
  {
    "name": "AIX EN PROVENCE",
    "cp": "13090",
    "dept": "13",
    "region": ""
  },
  {
    "name": "AIX EN PROVENCE",
    "cp": "13100",
    "dept": "13",
    "region": ""
  },
  {
    "name": "AIX EN PROVENCE",
    "cp": "13100",
    "dept": "13",
    "region": ""
  },
  {
    "name": "AIX EN PROVENCE",
    "cp": "13290",
    "dept": "13",
    "region": ""
  },
  {
    "name": "AIX EN PROVENCE",
    "cp": "13540",
    "dept": "13",
    "region": ""
  },
  {
    "name": "ALLAUCH",
    "cp": "13190",
    "dept": "13",
    "region": ""
  },
  {
    "name": "ALLAUCH",
    "cp": "13190",
    "dept": "13",
    "region": ""
  },
  {
    "name": "ALLEINS",
    "cp": "13980",
    "dept": "13",
    "region": ""
  },
  {
    "name": "ALLEINS",
    "cp": "13980",
    "dept": "13",
    "region": ""
  },
  {
    "name": "ARLES",
    "cp": "13104",
    "dept": "13",
    "region": ""
  },
  {
    "name": "ARLES",
    "cp": "13123",
    "dept": "13",
    "region": ""
  },
  {
    "name": "ARLES",
    "cp": "13129",
    "dept": "13",
    "region": ""
  },
  {
    "name": "ARLES",
    "cp": "13200",
    "dept": "13",
    "region": ""
  },
  {
    "name": "ARLES",
    "cp": "13200",
    "dept": "13",
    "region": ""
  },
  {
    "name": "ARLES",
    "cp": "13280",
    "dept": "13",
    "region": ""
  },
  {
    "name": "ARLES",
    "cp": "13280",
    "dept": "13",
    "region": ""
  },
  {
    "name": "AUBAGNE",
    "cp": "13400",
    "dept": "13",
    "region": ""
  },
  {
    "name": "AUBAGNE",
    "cp": "13400",
    "dept": "13",
    "region": ""
  },
  {
    "name": "AUREILLE",
    "cp": "13930",
    "dept": "13",
    "region": ""
  },
  {
    "name": "AURIOL",
    "cp": "13390",
    "dept": "13",
    "region": ""
  },
  {
    "name": "AURONS",
    "cp": "13121",
    "dept": "13",
    "region": ""
  },
  {
    "name": "BARBENTANE",
    "cp": "13570",
    "dept": "13",
    "region": ""
  },
  {
    "name": "BEAURECUEIL",
    "cp": "13100",
    "dept": "13",
    "region": ""
  },
  {
    "name": "BELCODENE",
    "cp": "13720",
    "dept": "13",
    "region": ""
  },
  {
    "name": "BELCODENE",
    "cp": "13720",
    "dept": "13",
    "region": ""
  },
  {
    "name": "BERRE L ETANG",
    "cp": "13130",
    "dept": "13",
    "region": ""
  },
  {
    "name": "BOUC BEL AIR",
    "cp": "13320",
    "dept": "13",
    "region": ""
  },
  {
    "name": "BOULBON",
    "cp": "13150",
    "dept": "13",
    "region": ""
  },
  {
    "name": "CABANNES",
    "cp": "13440",
    "dept": "13",
    "region": ""
  },
  {
    "name": "CABRIES",
    "cp": "13480",
    "dept": "13",
    "region": ""
  },
  {
    "name": "CABRIES",
    "cp": "13480",
    "dept": "13",
    "region": ""
  },
  {
    "name": "CADOLIVE",
    "cp": "13950",
    "dept": "13",
    "region": ""
  },
  {
    "name": "CARNOUX EN PROVENCE",
    "cp": "13470",
    "dept": "13",
    "region": ""
  },
  {
    "name": "CARRY LE ROUET",
    "cp": "13620",
    "dept": "13",
    "region": ""
  },
  {
    "name": "CARRY LE ROUET",
    "cp": "13620",
    "dept": "13",
    "region": ""
  },
  {
    "name": "CASSIS",
    "cp": "13260",
    "dept": "13",
    "region": ""
  },
  {
    "name": "CEYRESTE",
    "cp": "13600",
    "dept": "13",
    "region": ""
  },
  {
    "name": "CHARLEVAL",
    "cp": "13350",
    "dept": "13",
    "region": ""
  },
  {
    "name": "CHATEAUNEUF LE ROUGE",
    "cp": "13790",
    "dept": "13",
    "region": ""
  },
  {
    "name": "CHATEAUNEUF LES MARTIGUES",
    "cp": "13220",
    "dept": "13",
    "region": ""
  },
  {
    "name": "CHATEAUNEUF LES MARTIGUES",
    "cp": "13220",
    "dept": "13",
    "region": ""
  },
  {
    "name": "CHATEAURENARD",
    "cp": "13160",
    "dept": "13",
    "region": ""
  },
  {
    "name": "CORNILLON CONFOUX",
    "cp": "13250",
    "dept": "13",
    "region": ""
  },
  {
    "name": "COUDOUX",
    "cp": "13111",
    "dept": "13",
    "region": ""
  },
  {
    "name": "CUGES LES PINS",
    "cp": "13780",
    "dept": "13",
    "region": ""
  },
  {
    "name": "EGUILLES",
    "cp": "13510",
    "dept": "13",
    "region": ""
  },
  {
    "name": "ENSUES LA REDONNE",
    "cp": "13820",
    "dept": "13",
    "region": ""
  },
  {
    "name": "ENSUES LA REDONNE",
    "cp": "13820",
    "dept": "13",
    "region": ""
  },
  {
    "name": "EYGALIERES",
    "cp": "13810",
    "dept": "13",
    "region": ""
  },
  {
    "name": "EYGUIERES",
    "cp": "13430",
    "dept": "13",
    "region": ""
  },
  {
    "name": "EYRAGUES",
    "cp": "13630",
    "dept": "13",
    "region": ""
  },
  {
    "name": "FONTVIEILLE",
    "cp": "13990",
    "dept": "13",
    "region": ""
  },
  {
    "name": "FOS SUR MER",
    "cp": "13270",
    "dept": "13",
    "region": ""
  },
  {
    "name": "FUVEAU",
    "cp": "13710",
    "dept": "13",
    "region": ""
  },
  {
    "name": "FUVEAU",
    "cp": "13710",
    "dept": "13",
    "region": ""
  },
  {
    "name": "FUVEAU",
    "cp": "13710",
    "dept": "13",
    "region": ""
  },
  {
    "name": "GARDANNE",
    "cp": "13120",
    "dept": "13",
    "region": ""
  },
  {
    "name": "GARDANNE",
    "cp": "13120",
    "dept": "13",
    "region": ""
  },
  {
    "name": "GARDANNE",
    "cp": "13120",
    "dept": "13",
    "region": ""
  },
  {
    "name": "GEMENOS",
    "cp": "13420",
    "dept": "13",
    "region": ""
  },
  {
    "name": "GIGNAC LA NERTHE",
    "cp": "13180",
    "dept": "13",
    "region": ""
  },
  {
    "name": "GIGNAC LA NERTHE",
    "cp": "13180",
    "dept": "13",
    "region": ""
  },
  {
    "name": "GRANS",
    "cp": "13450",
    "dept": "13",
    "region": ""
  },
  {
    "name": "GRAVESON",
    "cp": "13690",
    "dept": "13",
    "region": ""
  },
  {
    "name": "GREASQUE",
    "cp": "13850",
    "dept": "13",
    "region": ""
  },
  {
    "name": "ISTRES",
    "cp": "13118",
    "dept": "13",
    "region": ""
  },
  {
    "name": "ISTRES",
    "cp": "13800",
    "dept": "13",
    "region": ""
  },
  {
    "name": "JOUQUES",
    "cp": "13490",
    "dept": "13",
    "region": ""
  },
  {
    "name": "LA BARBEN",
    "cp": "13330",
    "dept": "13",
    "region": ""
  },
  {
    "name": "LA BOUILLADISSE",
    "cp": "13720",
    "dept": "13",
    "region": ""
  },
  {
    "name": "LA BOUILLADISSE",
    "cp": "13720",
    "dept": "13",
    "region": ""
  },
  {
    "name": "LA BOUILLADISSE",
    "cp": "13720",
    "dept": "13",
    "region": ""
  },
  {
    "name": "LA BOUILLADISSE",
    "cp": "13720",
    "dept": "13",
    "region": ""
  },
  {
    "name": "LA CIOTAT",
    "cp": "13600",
    "dept": "13",
    "region": ""
  },
  {
    "name": "LA DESTROUSSE",
    "cp": "13112",
    "dept": "13",
    "region": ""
  },
  {
    "name": "LA FARE LES OLIVIERS",
    "cp": "13580",
    "dept": "13",
    "region": ""
  },
  {
    "name": "LA PENNE SUR HUVEAUNE",
    "cp": "13821",
    "dept": "13",
    "region": ""
  },
  {
    "name": "LA PENNE SUR HUVEAUNE",
    "cp": "13821",
    "dept": "13",
    "region": ""
  },
  {
    "name": "LA ROQUE D ANTHERON",
    "cp": "13640",
    "dept": "13",
    "region": ""
  },
  {
    "name": "LAMANON",
    "cp": "13113",
    "dept": "13",
    "region": ""
  },
  {
    "name": "LAMBESC",
    "cp": "13410",
    "dept": "13",
    "region": ""
  },
  {
    "name": "LANCON PROVENCE",
    "cp": "13680",
    "dept": "13",
    "region": ""
  },
  {
    "name": "LE PUY STE REPARADE",
    "cp": "13610",
    "dept": "13",
    "region": ""
  },
  {
    "name": "LE ROVE",
    "cp": "13740",
    "dept": "13",
    "region": ""
  },
  {
    "name": "LE ROVE",
    "cp": "13740",
    "dept": "13",
    "region": ""
  },
  {
    "name": "LE ROVE",
    "cp": "13740",
    "dept": "13",
    "region": ""
  },
  {
    "name": "LE THOLONET",
    "cp": "13100",
    "dept": "13",
    "region": ""
  },
  {
    "name": "LES BAUX DE PROVENCE",
    "cp": "13520",
    "dept": "13",
    "region": ""
  },
  {
    "name": "LES PENNES MIRABEAU",
    "cp": "13170",
    "dept": "13",
    "region": ""
  },
  {
    "name": "LES PENNES MIRABEAU",
    "cp": "13170",
    "dept": "13",
    "region": ""
  },
  {
    "name": "LES PENNES MIRABEAU",
    "cp": "13170",
    "dept": "13",
    "region": ""
  },
  {
    "name": "MAILLANE",
    "cp": "13910",
    "dept": "13",
    "region": ""
  },
  {
    "name": "MALLEMORT",
    "cp": "13370",
    "dept": "13",
    "region": ""
  },
  {
    "name": "MALLEMORT",
    "cp": "13370",
    "dept": "13",
    "region": ""
  },
  {
    "name": "MARIGNANE",
    "cp": "13700",
    "dept": "13",
    "region": ""
  },
  {
    "name": "MARSEILLE 01",
    "cp": "13001",
    "dept": "13",
    "region": ""
  },
  {
    "name": "MARSEILLE 02",
    "cp": "13002",
    "dept": "13",
    "region": ""
  },
  {
    "name": "MARSEILLE 03",
    "cp": "13003",
    "dept": "13",
    "region": ""
  },
  {
    "name": "MARSEILLE 04",
    "cp": "13004",
    "dept": "13",
    "region": ""
  },
  {
    "name": "MARSEILLE 05",
    "cp": "13005",
    "dept": "13",
    "region": ""
  },
  {
    "name": "MARSEILLE 06",
    "cp": "13006",
    "dept": "13",
    "region": ""
  },
  {
    "name": "MARSEILLE 07",
    "cp": "13007",
    "dept": "13",
    "region": ""
  },
  {
    "name": "MARSEILLE 08",
    "cp": "13008",
    "dept": "13",
    "region": ""
  },
  {
    "name": "MARSEILLE 08",
    "cp": "13008",
    "dept": "13",
    "region": ""
  },
  {
    "name": "MARSEILLE 08",
    "cp": "13008",
    "dept": "13",
    "region": ""
  },
  {
    "name": "MARSEILLE 09",
    "cp": "13009",
    "dept": "13",
    "region": ""
  },
  {
    "name": "MARSEILLE 09",
    "cp": "13009",
    "dept": "13",
    "region": ""
  },
  {
    "name": "MARSEILLE 09",
    "cp": "13009",
    "dept": "13",
    "region": ""
  },
  {
    "name": "MARSEILLE 10",
    "cp": "13010",
    "dept": "13",
    "region": ""
  },
  {
    "name": "MARSEILLE 11",
    "cp": "13011",
    "dept": "13",
    "region": ""
  },
  {
    "name": "MARSEILLE 11",
    "cp": "13011",
    "dept": "13",
    "region": ""
  },
  {
    "name": "MARSEILLE 12",
    "cp": "13012",
    "dept": "13",
    "region": ""
  },
  {
    "name": "MARSEILLE 13",
    "cp": "13013",
    "dept": "13",
    "region": ""
  },
  {
    "name": "MARSEILLE 13",
    "cp": "13013",
    "dept": "13",
    "region": ""
  },
  {
    "name": "MARSEILLE 13",
    "cp": "13013",
    "dept": "13",
    "region": ""
  },
  {
    "name": "MARSEILLE 13",
    "cp": "13013",
    "dept": "13",
    "region": ""
  },
  {
    "name": "MARSEILLE 13",
    "cp": "13013",
    "dept": "13",
    "region": ""
  },
  {
    "name": "MARSEILLE 13",
    "cp": "13013",
    "dept": "13",
    "region": ""
  },
  {
    "name": "MARSEILLE 14",
    "cp": "13014",
    "dept": "13",
    "region": ""
  },
  {
    "name": "MARSEILLE 15",
    "cp": "13015",
    "dept": "13",
    "region": ""
  },
  {
    "name": "MARSEILLE 16",
    "cp": "13016",
    "dept": "13",
    "region": ""
  },
  {
    "name": "MARSEILLE 16",
    "cp": "13016",
    "dept": "13",
    "region": ""
  },
  {
    "name": "MARTIGUES",
    "cp": "13117",
    "dept": "13",
    "region": ""
  },
  {
    "name": "MARTIGUES",
    "cp": "13500",
    "dept": "13",
    "region": ""
  },
  {
    "name": "MARTIGUES",
    "cp": "13500",
    "dept": "13",
    "region": ""
  },
  {
    "name": "MARTIGUES",
    "cp": "13500",
    "dept": "13",
    "region": ""
  },
  {
    "name": "MARTIGUES",
    "cp": "13500",
    "dept": "13",
    "region": ""
  },
  {
    "name": "MAS BLANC DES ALPILLES",
    "cp": "13103",
    "dept": "13",
    "region": ""
  },
  {
    "name": "MAUSSANE LES ALPILLES",
    "cp": "13520",
    "dept": "13",
    "region": ""
  },
  {
    "name": "MEYRARGUES",
    "cp": "13650",
    "dept": "13",
    "region": ""
  },
  {
    "name": "MEYREUIL",
    "cp": "13590",
    "dept": "13",
    "region": ""
  },
  {
    "name": "MIMET",
    "cp": "13105",
    "dept": "13",
    "region": ""
  },
  {
    "name": "MIRAMAS",
    "cp": "13140",
    "dept": "13",
    "region": ""
  },
  {
    "name": "MOLLEGES",
    "cp": "13940",
    "dept": "13",
    "region": ""
  },
  {
    "name": "MOURIES",
    "cp": "13890",
    "dept": "13",
    "region": ""
  },
  {
    "name": "NOVES",
    "cp": "13550",
    "dept": "13",
    "region": ""
  },
  {
    "name": "NOVES",
    "cp": "13550",
    "dept": "13",
    "region": ""
  },
  {
    "name": "ORGON",
    "cp": "13660",
    "dept": "13",
    "region": ""
  },
  {
    "name": "PARADOU",
    "cp": "13520",
    "dept": "13",
    "region": ""
  },
  {
    "name": "PELISSANNE",
    "cp": "13330",
    "dept": "13",
    "region": ""
  },
  {
    "name": "PEYNIER",
    "cp": "13790",
    "dept": "13",
    "region": ""
  },
  {
    "name": "PEYNIER",
    "cp": "13790",
    "dept": "13",
    "region": ""
  },
  {
    "name": "PEYPIN",
    "cp": "13124",
    "dept": "13",
    "region": ""
  },
  {
    "name": "PEYROLLES EN PROVENCE",
    "cp": "13860",
    "dept": "13",
    "region": ""
  },
  {
    "name": "PLAN D ORGON",
    "cp": "13750",
    "dept": "13",
    "region": ""
  },
  {
    "name": "PLAN DE CUQUES",
    "cp": "13380",
    "dept": "13",
    "region": ""
  },
  {
    "name": "PORT DE BOUC",
    "cp": "13110",
    "dept": "13",
    "region": ""
  },
  {
    "name": "PORT ST LOUIS DU RHONE",
    "cp": "13230",
    "dept": "13",
    "region": ""
  },
  {
    "name": "PUYLOUBIER",
    "cp": "13114",
    "dept": "13",
    "region": ""
  },
  {
    "name": "PUYLOUBIER",
    "cp": "13114",
    "dept": "13",
    "region": ""
  },
  {
    "name": "RIBOUX",
    "cp": "13780",
    "dept": "13",
    "region": ""
  },
  {
    "name": "ROGNAC",
    "cp": "13340",
    "dept": "13",
    "region": ""
  },
  {
    "name": "ROGNES",
    "cp": "13840",
    "dept": "13",
    "region": ""
  },
  {
    "name": "ROGNONAS",
    "cp": "13870",
    "dept": "13",
    "region": ""
  },
  {
    "name": "ROQUEFORT LA BEDOULE",
    "cp": "13830",
    "dept": "13",
    "region": ""
  },
  {
    "name": "ROQUEFORT LA BEDOULE",
    "cp": "13830",
    "dept": "13",
    "region": ""
  },
  {
    "name": "ROQUEVAIRE",
    "cp": "13360",
    "dept": "13",
    "region": ""
  },
  {
    "name": "ROQUEVAIRE",
    "cp": "13360",
    "dept": "13",
    "region": ""
  },
  {
    "name": "ROQUEVAIRE",
    "cp": "13360",
    "dept": "13",
    "region": ""
  },
  {
    "name": "ROUSSET",
    "cp": "13790",
    "dept": "13",
    "region": ""
  },
  {
    "name": "SAINTES MARIES DE LA MER",
    "cp": "13460",
    "dept": "13",
    "region": ""
  },
  {
    "name": "SALON DE PROVENCE",
    "cp": "13300",
    "dept": "13",
    "region": ""
  },
  {
    "name": "SAUSSET LES PINS",
    "cp": "13960",
    "dept": "13",
    "region": ""
  },
  {
    "name": "SENAS",
    "cp": "13560",
    "dept": "13",
    "region": ""
  },
  {
    "name": "SEPTEMES LES VALLONS",
    "cp": "13240",
    "dept": "13",
    "region": ""
  },
  {
    "name": "SEPTEMES LES VALLONS",
    "cp": "13240",
    "dept": "13",
    "region": ""
  },
  {
    "name": "SIMIANE COLLONGUE",
    "cp": "13109",
    "dept": "13",
    "region": ""
  },
  {
    "name": "ST ANDIOL",
    "cp": "13670",
    "dept": "13",
    "region": ""
  },
  {
    "name": "ST ANTONIN SUR BAYON",
    "cp": "13100",
    "dept": "13",
    "region": ""
  },
  {
    "name": "ST CANNAT",
    "cp": "13760",
    "dept": "13",
    "region": ""
  },
  {
    "name": "ST CHAMAS",
    "cp": "13250",
    "dept": "13",
    "region": ""
  },
  {
    "name": "ST ESTEVE JANSON",
    "cp": "13610",
    "dept": "13",
    "region": ""
  },
  {
    "name": "ST ETIENNE DU GRES",
    "cp": "13103",
    "dept": "13",
    "region": ""
  },
  {
    "name": "ST MARC JAUMEGARDE",
    "cp": "13100",
    "dept": "13",
    "region": ""
  },
  {
    "name": "ST MARTIN DE CRAU",
    "cp": "13310",
    "dept": "13",
    "region": ""
  },
  {
    "name": "ST MITRE LES REMPARTS",
    "cp": "13920",
    "dept": "13",
    "region": ""
  },
  {
    "name": "ST PAUL LES DURANCE",
    "cp": "13115",
    "dept": "13",
    "region": ""
  },
  {
    "name": "ST PIERRE DE MEZOARGUES",
    "cp": "13150",
    "dept": "13",
    "region": ""
  },
  {
    "name": "ST REMY DE PROVENCE",
    "cp": "13210",
    "dept": "13",
    "region": ""
  },
  {
    "name": "ST SAVOURNIN",
    "cp": "13119",
    "dept": "13",
    "region": ""
  },
  {
    "name": "ST VICTORET",
    "cp": "13730",
    "dept": "13",
    "region": ""
  },
  {
    "name": "TARASCON",
    "cp": "13150",
    "dept": "13",
    "region": ""
  },
  {
    "name": "TRETS",
    "cp": "13530",
    "dept": "13",
    "region": ""
  },
  {
    "name": "TRETS",
    "cp": "13530",
    "dept": "13",
    "region": ""
  },
  {
    "name": "VAUVENARGUES",
    "cp": "13126",
    "dept": "13",
    "region": ""
  },
  {
    "name": "VELAUX",
    "cp": "13880",
    "dept": "13",
    "region": ""
  },
  {
    "name": "VENELLES",
    "cp": "13770",
    "dept": "13",
    "region": ""
  },
  {
    "name": "VENTABREN",
    "cp": "13122",
    "dept": "13",
    "region": ""
  },
  {
    "name": "VENTABREN",
    "cp": "13122",
    "dept": "13",
    "region": ""
  },
  {
    "name": "VERNEGUES",
    "cp": "13116",
    "dept": "13",
    "region": ""
  },
  {
    "name": "VERQUIERES",
    "cp": "13670",
    "dept": "13",
    "region": ""
  },
  {
    "name": "VITROLLES",
    "cp": "13127",
    "dept": "13",
    "region": ""
  }
]