[
  {
    "name": "AIGLUN",
    "cp": "04510",
    "dept": "04",
    "region": ""
  },
  {
    "name": "ALLEMAGNE EN PROVENCE",
    "cp": "04500",
    "dept": "04",
    "region": ""
  },
  {
    "name": "ALLONS",
    "cp": "04170",
    "dept": "04",
    "region": ""
  },
  {
    "name": "ALLOS",
    "cp": "04260",
    "dept": "04",
    "region": ""
  },
  {
    "name": "ALLOS",
    "cp": "04260",
    "dept": "04",
    "region": ""
  },
  {
    "name": "ANGLES",
    "cp": "04170",
    "dept": "04",
    "region": ""
  },
  {
    "name": "ANNOT",
    "cp": "04240",
    "dept": "04",
    "region": ""
  },
  {
    "name": "ARCHAIL",
    "cp": "04420",
    "dept": "04",
    "region": ""
  },
  {
    "name": "AUBENAS LES ALPES",
    "cp": "04110",
    "dept": "04",
    "region": ""
  },
  {
    "name": "AUBIGNOSC",
    "cp": "04200",
    "dept": "04",
    "region": ""
  },
  {
    "name": "AUTHON",
    "cp": "04200",
    "dept": "04",
    "region": ""
  },
  {
    "name": "AUZET",
    "cp": "04140",
    "dept": "04",
    "region": ""
  },
  {
    "name": "BANON",
    "cp": "04150",
    "dept": "04",
    "region": ""
  },
  {
    "name": "BARCELONNETTE",
    "cp": "04400",
    "dept": "04",
    "region": ""
  },
  {
    "name": "BARLES",
    "cp": "04140",
    "dept": "04",
    "region": ""
  },
  {
    "name": "BARRAS",
    "cp": "04380",
    "dept": "04",
    "region": ""
  },
  {
    "name": "BARREME",
    "cp": "04330",
    "dept": "04",
    "region": ""
  },
  {
    "name": "BAYONS",
    "cp": "04250",
    "dept": "04",
    "region": ""
  },
  {
    "name": "BAYONS",
    "cp": "04250",
    "dept": "04",
    "region": ""
  },
  {
    "name": "BAYONS",
    "cp": "04250",
    "dept": "04",
    "region": ""
  },
  {
    "name": "BAYONS",
    "cp": "04250",
    "dept": "04",
    "region": ""
  },
  {
    "name": "BEAUJEU",
    "cp": "04420",
    "dept": "04",
    "region": ""
  },
  {
    "name": "BEAUVEZER",
    "cp": "04370",
    "dept": "04",
    "region": ""
  },
  {
    "name": "BELLAFFAIRE",
    "cp": "04250",
    "dept": "04",
    "region": ""
  },
  {
    "name": "BEVONS",
    "cp": "04200",
    "dept": "04",
    "region": ""
  },
  {
    "name": "BEYNES",
    "cp": "04270",
    "dept": "04",
    "region": ""
  },
  {
    "name": "BLIEUX",
    "cp": "04330",
    "dept": "04",
    "region": ""
  },
  {
    "name": "BRAS D ASSE",
    "cp": "04270",
    "dept": "04",
    "region": ""
  },
  {
    "name": "BRAUX",
    "cp": "04240",
    "dept": "04",
    "region": ""
  },
  {
    "name": "BRUNET",
    "cp": "04210",
    "dept": "04",
    "region": ""
  },
  {
    "name": "CASTELLANE",
    "cp": "04120",
    "dept": "04",
    "region": ""
  },
  {
    "name": "CASTELLANE",
    "cp": "04120",
    "dept": "04",
    "region": ""
  },
  {
    "name": "CASTELLANE",
    "cp": "04120",
    "dept": "04",
    "region": ""
  },
  {
    "name": "CASTELLANE",
    "cp": "04120",
    "dept": "04",
    "region": ""
  },
  {
    "name": "CASTELLANE",
    "cp": "04120",
    "dept": "04",
    "region": ""
  },
  {
    "name": "CASTELLANE",
    "cp": "04120",
    "dept": "04",
    "region": ""
  },
  {
    "name": "CASTELLET LES SAUSSES",
    "cp": "04320",
    "dept": "04",
    "region": ""
  },
  {
    "name": "CERESTE EN LUBERON",
    "cp": "04280",
    "dept": "04",
    "region": ""
  },
  {
    "name": "CHAMPTERCIER",
    "cp": "04660",
    "dept": "04",
    "region": ""
  },
  {
    "name": "CHATEAU ARNOUX ST AUBAN",
    "cp": "04160",
    "dept": "04",
    "region": ""
  },
  {
    "name": "CHATEAU ARNOUX ST AUBAN",
    "cp": "04600",
    "dept": "04",
    "region": ""
  },
  {
    "name": "CHATEAUFORT",
    "cp": "04250",
    "dept": "04",
    "region": ""
  },
  {
    "name": "CHATEAUNEUF MIRAVAIL",
    "cp": "04200",
    "dept": "04",
    "region": ""
  },
  {
    "name": "CHATEAUNEUF VAL ST DONAT",
    "cp": "04200",
    "dept": "04",
    "region": ""
  },
  {
    "name": "CHATEAUREDON",
    "cp": "04270",
    "dept": "04",
    "region": ""
  },
  {
    "name": "CHAUDON NORANTE",
    "cp": "04330",
    "dept": "04",
    "region": ""
  },
  {
    "name": "CLAMENSANE",
    "cp": "04250",
    "dept": "04",
    "region": ""
  },
  {
    "name": "CLUMANC",
    "cp": "04330",
    "dept": "04",
    "region": ""
  },
  {
    "name": "COLMARS",
    "cp": "04370",
    "dept": "04",
    "region": ""
  },
  {
    "name": "CORBIERES EN PROVENCE",
    "cp": "04220",
    "dept": "04",
    "region": ""
  },
  {
    "name": "CRUIS",
    "cp": "04230",
    "dept": "04",
    "region": ""
  },
  {
    "name": "CUREL",
    "cp": "04200",
    "dept": "04",
    "region": ""
  },
  {
    "name": "DAUPHIN",
    "cp": "04300",
    "dept": "04",
    "region": ""
  },
  {
    "name": "DEMANDOLX",
    "cp": "04120",
    "dept": "04",
    "region": ""
  },
  {
    "name": "DIGNE LES BAINS",
    "cp": "04000",
    "dept": "04",
    "region": ""
  },
  {
    "name": "DIGNE LES BAINS",
    "cp": "04000",
    "dept": "04",
    "region": ""
  },
  {
    "name": "DRAIX",
    "cp": "04420",
    "dept": "04",
    "region": ""
  },
  {
    "name": "ENCHASTRAYES",
    "cp": "04400",
    "dept": "04",
    "region": ""
  },
  {
    "name": "ENCHASTRAYES",
    "cp": "04400",
    "dept": "04",
    "region": ""
  },
  {
    "name": "ENTRAGES",
    "cp": "04000",
    "dept": "04",
    "region": ""
  },
  {
    "name": "ENTRAGES",
    "cp": "04270",
    "dept": "04",
    "region": ""
  },
  {
    "name": "ENTREPIERRES",
    "cp": "04200",
    "dept": "04",
    "region": ""
  },
  {
    "name": "ENTREPIERRES",
    "cp": "04200",
    "dept": "04",
    "region": ""
  },
  {
    "name": "ENTREPIERRES",
    "cp": "04200",
    "dept": "04",
    "region": ""
  },
  {
    "name": "ENTREVAUX",
    "cp": "04320",
    "dept": "04",
    "region": ""
  },
  {
    "name": "ENTREVENNES",
    "cp": "04700",
    "dept": "04",
    "region": ""
  },
  {
    "name": "ESPARRON DE VERDON",
    "cp": "04800",
    "dept": "04",
    "region": ""
  },
  {
    "name": "ESPARRON DE VERDON",
    "cp": "04800",
    "dept": "04",
    "region": ""
  },
  {
    "name": "ESTOUBLON",
    "cp": "04270",
    "dept": "04",
    "region": ""
  },
  {
    "name": "ESTOUBLON",
    "cp": "04270",
    "dept": "04",
    "region": ""
  },
  {
    "name": "FAUCON DE BARCELONNETTE",
    "cp": "04400",
    "dept": "04",
    "region": ""
  },
  {
    "name": "FAUCON DU CAIRE",
    "cp": "04250",
    "dept": "04",
    "region": ""
  },
  {
    "name": "FONTIENNE",
    "cp": "04230",
    "dept": "04",
    "region": ""
  },
  {
    "name": "FORCALQUIER",
    "cp": "04300",
    "dept": "04",
    "region": ""
  },
  {
    "name": "GANAGOBIE",
    "cp": "04310",
    "dept": "04",
    "region": ""
  },
  {
    "name": "GIGORS",
    "cp": "04250",
    "dept": "04",
    "region": ""
  },
  {
    "name": "GREOUX LES BAINS",
    "cp": "04800",
    "dept": "04",
    "region": ""
  },
  {
    "name": "HAUTES DUYES",
    "cp": "04380",
    "dept": "04",
    "region": ""
  },
  {
    "name": "HAUTES DUYES",
    "cp": "04380",
    "dept": "04",
    "region": ""
  },
  {
    "name": "JAUSIERS",
    "cp": "04850",
    "dept": "04",
    "region": ""
  },
  {
    "name": "L ESCALE",
    "cp": "04160",
    "dept": "04",
    "region": ""
  },
  {
    "name": "L HOSPITALET",
    "cp": "04150",
    "dept": "04",
    "region": ""
  },
  {
    "name": "LA BRILLANNE",
    "cp": "04700",
    "dept": "04",
    "region": ""
  },
  {
    "name": "LA CONDAMINE CHATELARD",
    "cp": "04530",
    "dept": "04",
    "region": ""
  },
  {
    "name": "LA CONDAMINE CHATELARD",
    "cp": "04530",
    "dept": "04",
    "region": ""
  },
  {
    "name": "LA GARDE",
    "cp": "04120",
    "dept": "04",
    "region": ""
  },
  {
    "name": "LA JAVIE",
    "cp": "04000",
    "dept": "04",
    "region": ""
  },
  {
    "name": "LA JAVIE",
    "cp": "04420",
    "dept": "04",
    "region": ""
  },
  {
    "name": "LA MOTTE DU CAIRE",
    "cp": "04250",
    "dept": "04",
    "region": ""
  },
  {
    "name": "LA MURE ARGENS",
    "cp": "04170",
    "dept": "04",
    "region": ""
  },
  {
    "name": "LA MURE ARGENS",
    "cp": "04170",
    "dept": "04",
    "region": ""
  },
  {
    "name": "LA PALUD SUR VERDON",
    "cp": "04120",
    "dept": "04",
    "region": ""
  },
  {
    "name": "LA PALUD SUR VERDON",
    "cp": "04120",
    "dept": "04",
    "region": ""
  },
  {
    "name": "LA ROBINE SUR GALABRE",
    "cp": "04000",
    "dept": "04",
    "region": ""
  },
  {
    "name": "LA ROBINE SUR GALABRE",
    "cp": "04000",
    "dept": "04",
    "region": ""
  },
  {
    "name": "LA ROBINE SUR GALABRE",
    "cp": "04000",
    "dept": "04",
    "region": ""
  },
  {
    "name": "LA ROBINE SUR GALABRE",
    "cp": "04000",
    "dept": "04",
    "region": ""
  },
  {
    "name": "LA ROCHEGIRON",
    "cp": "04150",
    "dept": "04",
    "region": ""
  },
  {
    "name": "LAMBRUISSE",
    "cp": "04170",
    "dept": "04",
    "region": ""
  },
  {
    "name": "LARDIERS",
    "cp": "04230",
    "dept": "04",
    "region": ""
  },
  {
    "name": "LE BRUSQUET",
    "cp": "04420",
    "dept": "04",
    "region": ""
  },
  {
    "name": "LE CAIRE",
    "cp": "04250",
    "dept": "04",
    "region": ""
  },
  {
    "name": "LE CASTELLARD MELAN",
    "cp": "04380",
    "dept": "04",
    "region": ""
  },
  {
    "name": "LE CASTELLARD MELAN",
    "cp": "04380",
    "dept": "04",
    "region": ""
  },
  {
    "name": "LE CASTELLET",
    "cp": "04700",
    "dept": "04",
    "region": ""
  },
  {
    "name": "LE CHAFFAUT ST JURSON",
    "cp": "04510",
    "dept": "04",
    "region": ""
  },
  {
    "name": "LE CHAFFAUT ST JURSON",
    "cp": "04510",
    "dept": "04",
    "region": ""
  },
  {
    "name": "LE FUGERET",
    "cp": "04240",
    "dept": "04",
    "region": ""
  },
  {
    "name": "LE LAUZET UBAYE",
    "cp": "04340",
    "dept": "04",
    "region": ""
  },
  {
    "name": "LE VERNET",
    "cp": "04140",
    "dept": "04",
    "region": ""
  },
  {
    "name": "LES MEES",
    "cp": "04190",
    "dept": "04",
    "region": ""
  },
  {
    "name": "LES OMERGUES",
    "cp": "04200",
    "dept": "04",
    "region": ""
  },
  {
    "name": "LES THUILES",
    "cp": "04400",
    "dept": "04",
    "region": ""
  },
  {
    "name": "LIMANS",
    "cp": "04300",
    "dept": "04",
    "region": ""
  },
  {
    "name": "LURS",
    "cp": "04700",
    "dept": "04",
    "region": ""
  },
  {
    "name": "MAJASTRES",
    "cp": "04270",
    "dept": "04",
    "region": ""
  },
  {
    "name": "MALIJAI",
    "cp": "04350",
    "dept": "04",
    "region": ""
  },
  {
    "name": "MALIJAI",
    "cp": "04510",
    "dept": "04",
    "region": ""
  },
  {
    "name": "MALLEFOUGASSE AUGES",
    "cp": "04230",
    "dept": "04",
    "region": ""
  },
  {
    "name": "MALLEMOISSON",
    "cp": "04510",
    "dept": "04",
    "region": ""
  },
  {
    "name": "MANE",
    "cp": "04300",
    "dept": "04",
    "region": ""
  },
  {
    "name": "MANOSQUE",
    "cp": "04100",
    "dept": "04",
    "region": ""
  },
  {
    "name": "MARCOUX",
    "cp": "04420",
    "dept": "04",
    "region": ""
  },
  {
    "name": "MEAILLES",
    "cp": "04240",
    "dept": "04",
    "region": ""
  },
  {
    "name": "MELVE",
    "cp": "04250",
    "dept": "04",
    "region": ""
  },
  {
    "name": "MEOLANS REVEL",
    "cp": "04340",
    "dept": "04",
    "region": ""
  },
  {
    "name": "MEOLANS REVEL",
    "cp": "04340",
    "dept": "04",
    "region": ""
  },
  {
    "name": "MEOLANS REVEL",
    "cp": "04340",
    "dept": "04",
    "region": ""
  },
  {
    "name": "MEZEL",
    "cp": "04270",
    "dept": "04",
    "region": ""
  },
  {
    "name": "MIRABEAU",
    "cp": "04510",
    "dept": "04",
    "region": ""
  },
  {
    "name": "MISON",
    "cp": "04200",
    "dept": "04",
    "region": ""
  },
  {
    "name": "MONTAGNAC MONTPEZAT",
    "cp": "04500",
    "dept": "04",
    "region": ""
  },
  {
    "name": "MONTAGNAC MONTPEZAT",
    "cp": "04500",
    "dept": "04",
    "region": ""
  },
  {
    "name": "MONTCLAR",
    "cp": "04140",
    "dept": "04",
    "region": ""
  },
  {
    "name": "MONTFORT",
    "cp": "04600",
    "dept": "04",
    "region": ""
  },
  {
    "name": "MONTFURON",
    "cp": "04110",
    "dept": "04",
    "region": ""
  },
  {
    "name": "MONTJUSTIN",
    "cp": "04110",
    "dept": "04",
    "region": ""
  },
  {
    "name": "MONTLAUX",
    "cp": "04230",
    "dept": "04",
    "region": ""
  },
  {
    "name": "MONTSALIER",
    "cp": "04150",
    "dept": "04",
    "region": ""
  },
  {
    "name": "MORIEZ",
    "cp": "04170",
    "dept": "04",
    "region": ""
  },
  {
    "name": "MOUSTIERS STE MARIE",
    "cp": "04360",
    "dept": "04",
    "region": ""
  },
  {
    "name": "NIBLES",
    "cp": "04250",
    "dept": "04",
    "region": ""
  },
  {
    "name": "NIOZELLES",
    "cp": "04300",
    "dept": "04",
    "region": ""
  },
  {
    "name": "NOYERS SUR JABRON",
    "cp": "04200",
    "dept": "04",
    "region": ""
  },
  {
    "name": "ONGLES",
    "cp": "04230",
    "dept": "04",
    "region": ""
  },
  {
    "name": "OPPEDETTE",
    "cp": "04110",
    "dept": "04",
    "region": ""
  },
  {
    "name": "ORAISON",
    "cp": "04700",
    "dept": "04",
    "region": ""
  },
  {
    "name": "PEIPIN",
    "cp": "04200",
    "dept": "04",
    "region": ""
  },
  {
    "name": "PEIPIN",
    "cp": "04200",
    "dept": "04",
    "region": ""
  },
  {
    "name": "PEYROULES",
    "cp": "04120",
    "dept": "04",
    "region": ""
  },
  {
    "name": "PEYRUIS",
    "cp": "04310",
    "dept": "04",
    "region": ""
  },
  {
    "name": "PIERRERUE",
    "cp": "04300",
    "dept": "04",
    "region": ""
  },
  {
    "name": "PIERREVERT",
    "cp": "04860",
    "dept": "04",
    "region": ""
  },
  {
    "name": "PRADS HAUTE BLEONE",
    "cp": "04420",
    "dept": "04",
    "region": ""
  },
  {
    "name": "PRADS HAUTE BLEONE",
    "cp": "04420",
    "dept": "04",
    "region": ""
  },
  {
    "name": "PRADS HAUTE BLEONE",
    "cp": "04420",
    "dept": "04",
    "region": ""
  },
  {
    "name": "PUIMICHEL",
    "cp": "04700",
    "dept": "04",
    "region": ""
  },
  {
    "name": "PUIMOISSON",
    "cp": "04410",
    "dept": "04",
    "region": ""
  },
  {
    "name": "QUINSON",
    "cp": "04500",
    "dept": "04",
    "region": ""
  },
  {
    "name": "REDORTIERS",
    "cp": "04150",
    "dept": "04",
    "region": ""
  },
  {
    "name": "REILLANNE",
    "cp": "04110",
    "dept": "04",
    "region": ""
  },
  {
    "name": "REVEST DES BROUSSES",
    "cp": "04150",
    "dept": "04",
    "region": ""
  },
  {
    "name": "REVEST DU BION",
    "cp": "04150",
    "dept": "04",
    "region": ""
  },
  {
    "name": "REVEST ST MARTIN",
    "cp": "04230",
    "dept": "04",
    "region": ""
  },
  {
    "name": "RIEZ",
    "cp": "04500",
    "dept": "04",
    "region": ""
  },
  {
    "name": "ROUGON",
    "cp": "04120",
    "dept": "04",
    "region": ""
  },
  {
    "name": "ROUMOULES",
    "cp": "04500",
    "dept": "04",
    "region": ""
  },
  {
    "name": "SALIGNAC",
    "cp": "04290",
    "dept": "04",
    "region": ""
  },
  {
    "name": "SAUMANE",
    "cp": "04150",
    "dept": "04",
    "region": ""
  },
  {
    "name": "SAUSSES",
    "cp": "04320",
    "dept": "04",
    "region": ""
  },
  {
    "name": "SELONNET",
    "cp": "04140",
    "dept": "04",
    "region": ""
  },
  {
    "name": "SENEZ",
    "cp": "04270",
    "dept": "04",
    "region": ""
  },
  {
    "name": "SENEZ",
    "cp": "04330",
    "dept": "04",
    "region": ""
  },
  {
    "name": "SEYNE",
    "cp": "04140",
    "dept": "04",
    "region": ""
  },
  {
    "name": "SIGONCE",
    "cp": "04300",
    "dept": "04",
    "region": ""
  },
  {
    "name": "SIGOYER",
    "cp": "04200",
    "dept": "04",
    "region": ""
  },
  {
    "name": "SIMIANE LA ROTONDE",
    "cp": "04150",
    "dept": "04",
    "region": ""
  },
  {
    "name": "SIMIANE LA ROTONDE",
    "cp": "04150",
    "dept": "04",
    "region": ""
  },
  {
    "name": "SIMIANE LA ROTONDE",
    "cp": "04150",
    "dept": "04",
    "region": ""
  },
  {
    "name": "SISTERON",
    "cp": "04200",
    "dept": "04",
    "region": ""
  },
  {
    "name": "SOLEILHAS",
    "cp": "04120",
    "dept": "04",
    "region": ""
  },
  {
    "name": "SOURRIBES",
    "cp": "04290",
    "dept": "04",
    "region": ""
  },
  {
    "name": "ST ANDRE LES ALPES",
    "cp": "04170",
    "dept": "04",
    "region": ""
  },
  {
    "name": "ST BENOIT",
    "cp": "04240",
    "dept": "04",
    "region": ""
  },
  {
    "name": "ST ETIENNE LES ORGUES",
    "cp": "04230",
    "dept": "04",
    "region": ""
  },
  {
    "name": "ST GENIEZ",
    "cp": "04200",
    "dept": "04",
    "region": ""
  },
  {
    "name": "ST JACQUES",
    "cp": "04330",
    "dept": "04",
    "region": ""
  },
  {
    "name": "ST JEANNET",
    "cp": "04270",
    "dept": "04",
    "region": ""
  },
  {
    "name": "ST JULIEN D ASSE",
    "cp": "04270",
    "dept": "04",
    "region": ""
  },
  {
    "name": "ST JULIEN DU VERDON",
    "cp": "04170",
    "dept": "04",
    "region": ""
  },
  {
    "name": "ST JURS",
    "cp": "04410",
    "dept": "04",
    "region": ""
  },
  {
    "name": "ST LAURENT DU VERDON",
    "cp": "04500",
    "dept": "04",
    "region": ""
  },
  {
    "name": "ST LIONS",
    "cp": "04330",
    "dept": "04",
    "region": ""
  },
  {
    "name": "ST MAIME",
    "cp": "04300",
    "dept": "04",
    "region": ""
  },
  {
    "name": "ST MARTIN DE BROMES",
    "cp": "04800",
    "dept": "04",
    "region": ""
  },
  {
    "name": "ST MARTIN LES EAUX",
    "cp": "04300",
    "dept": "04",
    "region": ""
  },
  {
    "name": "ST MARTIN LES SEYNE",
    "cp": "04140",
    "dept": "04",
    "region": ""
  },
  {
    "name": "ST MICHEL L OBSERVATOIRE",
    "cp": "04870",
    "dept": "04",
    "region": ""
  },
  {
    "name": "ST MICHEL L OBSERVATOIRE",
    "cp": "04870",
    "dept": "04",
    "region": ""
  },
  {
    "name": "ST PAUL SUR UBAYE",
    "cp": "04530",
    "dept": "04",
    "region": ""
  },
  {
    "name": "ST PONS",
    "cp": "04400",
    "dept": "04",
    "region": ""
  },
  {
    "name": "ST VINCENT SUR JABRON",
    "cp": "04200",
    "dept": "04",
    "region": ""
  },
  {
    "name": "STE CROIX A LAUZE",
    "cp": "04110",
    "dept": "04",
    "region": ""
  },
  {
    "name": "STE CROIX DU VERDON",
    "cp": "04500",
    "dept": "04",
    "region": ""
  },
  {
    "name": "STE TULLE",
    "cp": "04220",
    "dept": "04",
    "region": ""
  },
  {
    "name": "TARTONNE",
    "cp": "04330",
    "dept": "04",
    "region": ""
  },
  {
    "name": "THEZE",
    "cp": "04200",
    "dept": "04",
    "region": ""
  },
  {
    "name": "THOARD",
    "cp": "04380",
    "dept": "04",
    "region": ""
  },
  {
    "name": "THOARD",
    "cp": "04380",
    "dept": "04",
    "region": ""
  },
  {
    "name": "THORAME BASSE",
    "cp": "04170",
    "dept": "04",
    "region": ""
  },
  {
    "name": "THORAME HAUTE",
    "cp": "04170",
    "dept": "04",
    "region": ""
  },
  {
    "name": "THORAME HAUTE",
    "cp": "04170",
    "dept": "04",
    "region": ""
  },
  {
    "name": "TURRIERS",
    "cp": "04250",
    "dept": "04",
    "region": ""
  },
  {
    "name": "UBAYE SERRE PONCON",
    "cp": "04340",
    "dept": "04",
    "region": ""
  },
  {
    "name": "UBAYE SERRE PONCON",
    "cp": "04340",
    "dept": "04",
    "region": ""
  },
  {
    "name": "UBRAYE",
    "cp": "04240",
    "dept": "04",
    "region": ""
  },
  {
    "name": "UVERNET FOURS",
    "cp": "04400",
    "dept": "04",
    "region": ""
  },
  {
    "name": "UVERNET FOURS",
    "cp": "04400",
    "dept": "04",
    "region": ""
  },
  {
    "name": "UVERNET FOURS",
    "cp": "04400",
    "dept": "04",
    "region": ""
  },
  {
    "name": "VACHERES",
    "cp": "04110",
    "dept": "04",
    "region": ""
  },
  {
    "name": "VAL D ORONAYE",
    "cp": "04530",
    "dept": "04",
    "region": ""
  },
  {
    "name": "VAL D ORONAYE",
    "cp": "04530",
    "dept": "04",
    "region": ""
  },
  {
    "name": "VAL DE CHALVAGNE",
    "cp": "04320",
    "dept": "04",
    "region": ""
  },
  {
    "name": "VAL DE CHALVAGNE",
    "cp": "04320",
    "dept": "04",
    "region": ""
  },
  {
    "name": "VAL DE CHALVAGNE",
    "cp": "04320",
    "dept": "04",
    "region": ""
  },
  {
    "name": "VALAVOIRE",
    "cp": "04250",
    "dept": "04",
    "region": ""
  },
  {
    "name": "VALBELLE",
    "cp": "04200",
    "dept": "04",
    "region": ""
  },
  {
    "name": "VALENSOLE",
    "cp": "04210",
    "dept": "04",
    "region": ""
  },
  {
    "name": "VALERNES",
    "cp": "04200",
    "dept": "04",
    "region": ""
  },
  {
    "name": "VAUMEILH",
    "cp": "04200",
    "dept": "04",
    "region": ""
  },
  {
    "name": "VERDACHES",
    "cp": "04140",
    "dept": "04",
    "region": ""
  },
  {
    "name": "VERGONS",
    "cp": "04170",
    "dept": "04",
    "region": ""
  },
  {
    "name": "VILLARS COLMARS",
    "cp": "04370",
    "dept": "04",
    "region": ""
  },
  {
    "name": "VILLEMUS",
    "cp": "04110",
    "dept": "04",
    "region": ""
  },
  {
    "name": "VILLENEUVE",
    "cp": "04180",
    "dept": "04",
    "region": ""
  },
  {
    "name": "VOLONNE",
    "cp": "04290",
    "dept": "04",
    "region": ""
  },
  {
    "name": "VOLX",
    "cp": "04130",
    "dept": "04",
    "region": ""
  }
]