[
  {
    "name": "AIGALIERS",
    "cp": "30700",
    "dept": "30",
    "region": ""
  },
  {
    "name": "AIGREMONT",
    "cp": "30350",
    "dept": "30",
    "region": ""
  },
  {
    "name": "AIGUES MORTES",
    "cp": "30220",
    "dept": "30",
    "region": ""
  },
  {
    "name": "AIGUES VIVES",
    "cp": "30670",
    "dept": "30",
    "region": ""
  },
  {
    "name": "AIGUEZE",
    "cp": "30760",
    "dept": "30",
    "region": ""
  },
  {
    "name": "AIMARGUES",
    "cp": "30470",
    "dept": "30",
    "region": ""
  },
  {
    "name": "ALES",
    "cp": "30100",
    "dept": "30",
    "region": ""
  },
  {
    "name": "ALLEGRE LES FUMADES",
    "cp": "30500",
    "dept": "30",
    "region": ""
  },
  {
    "name": "ALZON",
    "cp": "30770",
    "dept": "30",
    "region": ""
  },
  {
    "name": "ANDUZE",
    "cp": "30140",
    "dept": "30",
    "region": ""
  },
  {
    "name": "ARAMON",
    "cp": "30390",
    "dept": "30",
    "region": ""
  },
  {
    "name": "ARGILLIERS",
    "cp": "30210",
    "dept": "30",
    "region": ""
  },
  {
    "name": "ARPAILLARGUES ET AUREILLAC",
    "cp": "30700",
    "dept": "30",
    "region": ""
  },
  {
    "name": "ARPHY",
    "cp": "30120",
    "dept": "30",
    "region": ""
  },
  {
    "name": "ARRE",
    "cp": "30120",
    "dept": "30",
    "region": ""
  },
  {
    "name": "ARRIGAS",
    "cp": "30770",
    "dept": "30",
    "region": ""
  },
  {
    "name": "ASPERES",
    "cp": "30250",
    "dept": "30",
    "region": ""
  },
  {
    "name": "AUBAIS",
    "cp": "30250",
    "dept": "30",
    "region": ""
  },
  {
    "name": "AUBORD",
    "cp": "30620",
    "dept": "30",
    "region": ""
  },
  {
    "name": "AUBUSSARGUES",
    "cp": "30190",
    "dept": "30",
    "region": ""
  },
  {
    "name": "AUJAC",
    "cp": "30450",
    "dept": "30",
    "region": ""
  },
  {
    "name": "AUJARGUES",
    "cp": "30250",
    "dept": "30",
    "region": ""
  },
  {
    "name": "AULAS",
    "cp": "30120",
    "dept": "30",
    "region": ""
  },
  {
    "name": "AUMESSAS",
    "cp": "30770",
    "dept": "30",
    "region": ""
  },
  {
    "name": "AVEZE",
    "cp": "30120",
    "dept": "30",
    "region": ""
  },
  {
    "name": "BAGARD",
    "cp": "30140",
    "dept": "30",
    "region": ""
  },
  {
    "name": "BAGNOLS SUR CEZE",
    "cp": "30200",
    "dept": "30",
    "region": ""
  },
  {
    "name": "BARJAC",
    "cp": "30430",
    "dept": "30",
    "region": ""
  },
  {
    "name": "BARON",
    "cp": "30700",
    "dept": "30",
    "region": ""
  },
  {
    "name": "BEAUCAIRE",
    "cp": "30300",
    "dept": "30",
    "region": ""
  },
  {
    "name": "BEAUVOISIN",
    "cp": "30640",
    "dept": "30",
    "region": ""
  },
  {
    "name": "BEAUVOISIN",
    "cp": "30640",
    "dept": "30",
    "region": ""
  },
  {
    "name": "BELLEGARDE",
    "cp": "30127",
    "dept": "30",
    "region": ""
  },
  {
    "name": "BELVEZET",
    "cp": "30580",
    "dept": "30",
    "region": ""
  },
  {
    "name": "BERNIS",
    "cp": "30620",
    "dept": "30",
    "region": ""
  },
  {
    "name": "BESSEGES",
    "cp": "30160",
    "dept": "30",
    "region": ""
  },
  {
    "name": "BESSEGES",
    "cp": "30160",
    "dept": "30",
    "region": ""
  },
  {
    "name": "BEZ ET ESPARON",
    "cp": "30120",
    "dept": "30",
    "region": ""
  },
  {
    "name": "BEZOUCE",
    "cp": "30320",
    "dept": "30",
    "region": ""
  },
  {
    "name": "BLANDAS",
    "cp": "30770",
    "dept": "30",
    "region": ""
  },
  {
    "name": "BLAUZAC",
    "cp": "30700",
    "dept": "30",
    "region": ""
  },
  {
    "name": "BOISSET ET GAUJAC",
    "cp": "30140",
    "dept": "30",
    "region": ""
  },
  {
    "name": "BOISSIERES",
    "cp": "30114",
    "dept": "30",
    "region": ""
  },
  {
    "name": "BONNEVAUX",
    "cp": "30450",
    "dept": "30",
    "region": ""
  },
  {
    "name": "BORDEZAC",
    "cp": "30160",
    "dept": "30",
    "region": ""
  },
  {
    "name": "BOUCOIRAN ET NOZIERES",
    "cp": "30190",
    "dept": "30",
    "region": ""
  },
  {
    "name": "BOUILLARGUES",
    "cp": "30230",
    "dept": "30",
    "region": ""
  },
  {
    "name": "BOUQUET",
    "cp": "30580",
    "dept": "30",
    "region": ""
  },
  {
    "name": "BOURDIC",
    "cp": "30190",
    "dept": "30",
    "region": ""
  },
  {
    "name": "BRAGASSARGUES",
    "cp": "30260",
    "dept": "30",
    "region": ""
  },
  {
    "name": "BRANOUX LES TAILLADES",
    "cp": "30110",
    "dept": "30",
    "region": ""
  },
  {
    "name": "BREAU MARS",
    "cp": "30120",
    "dept": "30",
    "region": ""
  },
  {
    "name": "BREAU MARS",
    "cp": "30120",
    "dept": "30",
    "region": ""
  },
  {
    "name": "BRIGNON",
    "cp": "30190",
    "dept": "30",
    "region": ""
  },
  {
    "name": "BROUZET LES ALES",
    "cp": "30580",
    "dept": "30",
    "region": ""
  },
  {
    "name": "BROUZET LES QUISSAC",
    "cp": "30260",
    "dept": "30",
    "region": ""
  },
  {
    "name": "CABRIERES",
    "cp": "30210",
    "dept": "30",
    "region": ""
  },
  {
    "name": "CAISSARGUES",
    "cp": "30132",
    "dept": "30",
    "region": ""
  },
  {
    "name": "CALVISSON",
    "cp": "30420",
    "dept": "30",
    "region": ""
  },
  {
    "name": "CAMPESTRE ET LUC",
    "cp": "30770",
    "dept": "30",
    "region": ""
  },
  {
    "name": "CANAULES ET ARGENTIERES",
    "cp": "30350",
    "dept": "30",
    "region": ""
  },
  {
    "name": "CANNES ET CLAIRAN",
    "cp": "30260",
    "dept": "30",
    "region": ""
  },
  {
    "name": "CARDET",
    "cp": "30350",
    "dept": "30",
    "region": ""
  },
  {
    "name": "CARNAS",
    "cp": "30260",
    "dept": "30",
    "region": ""
  },
  {
    "name": "CARSAN",
    "cp": "30130",
    "dept": "30",
    "region": ""
  },
  {
    "name": "CASSAGNOLES",
    "cp": "30350",
    "dept": "30",
    "region": ""
  },
  {
    "name": "CASTELNAU VALENCE",
    "cp": "30190",
    "dept": "30",
    "region": ""
  },
  {
    "name": "CASTILLON DU GARD",
    "cp": "30210",
    "dept": "30",
    "region": ""
  },
  {
    "name": "CAUSSE BEGON",
    "cp": "30750",
    "dept": "30",
    "region": ""
  },
  {
    "name": "CAVEIRAC",
    "cp": "30820",
    "dept": "30",
    "region": ""
  },
  {
    "name": "CAVILLARGUES",
    "cp": "30330",
    "dept": "30",
    "region": ""
  },
  {
    "name": "CENDRAS",
    "cp": "30480",
    "dept": "30",
    "region": ""
  },
  {
    "name": "CHAMBON",
    "cp": "30450",
    "dept": "30",
    "region": ""
  },
  {
    "name": "CHAMBORIGAUD",
    "cp": "30530",
    "dept": "30",
    "region": ""
  },
  {
    "name": "CHUSCLAN",
    "cp": "30200",
    "dept": "30",
    "region": ""
  },
  {
    "name": "CHUSCLAN",
    "cp": "30200",
    "dept": "30",
    "region": ""
  },
  {
    "name": "CLARENSAC",
    "cp": "30870",
    "dept": "30",
    "region": ""
  },
  {
    "name": "CODOGNAN",
    "cp": "30920",
    "dept": "30",
    "region": ""
  },
  {
    "name": "CODOLET",
    "cp": "30200",
    "dept": "30",
    "region": ""
  },
  {
    "name": "COLLIAS",
    "cp": "30210",
    "dept": "30",
    "region": ""
  },
  {
    "name": "COLLORGUES",
    "cp": "30190",
    "dept": "30",
    "region": ""
  },
  {
    "name": "COLOGNAC",
    "cp": "30460",
    "dept": "30",
    "region": ""
  },
  {
    "name": "COMBAS",
    "cp": "30250",
    "dept": "30",
    "region": ""
  },
  {
    "name": "COMPS",
    "cp": "30300",
    "dept": "30",
    "region": ""
  },
  {
    "name": "CONCOULES",
    "cp": "30450",
    "dept": "30",
    "region": ""
  },
  {
    "name": "CONGENIES",
    "cp": "30111",
    "dept": "30",
    "region": ""
  },
  {
    "name": "CONNAUX",
    "cp": "30330",
    "dept": "30",
    "region": ""
  },
  {
    "name": "CONQUEYRAC",
    "cp": "30170",
    "dept": "30",
    "region": ""
  },
  {
    "name": "CORCONNE",
    "cp": "30260",
    "dept": "30",
    "region": ""
  },
  {
    "name": "CORNILLON",
    "cp": "30630",
    "dept": "30",
    "region": ""
  },
  {
    "name": "COURRY",
    "cp": "30500",
    "dept": "30",
    "region": ""
  },
  {
    "name": "CRESPIAN",
    "cp": "30260",
    "dept": "30",
    "region": ""
  },
  {
    "name": "CROS",
    "cp": "30170",
    "dept": "30",
    "region": ""
  },
  {
    "name": "CRUVIERS LASCOURS",
    "cp": "30360",
    "dept": "30",
    "region": ""
  },
  {
    "name": "DEAUX",
    "cp": "30360",
    "dept": "30",
    "region": ""
  },
  {
    "name": "DIONS",
    "cp": "30190",
    "dept": "30",
    "region": ""
  },
  {
    "name": "DOMAZAN",
    "cp": "30390",
    "dept": "30",
    "region": ""
  },
  {
    "name": "DOMESSARGUES",
    "cp": "30350",
    "dept": "30",
    "region": ""
  },
  {
    "name": "DOURBIES",
    "cp": "30750",
    "dept": "30",
    "region": ""
  },
  {
    "name": "DURFORT ET ST MARTIN DE SOSSENAC",
    "cp": "30170",
    "dept": "30",
    "region": ""
  },
  {
    "name": "ESTEZARGUES",
    "cp": "30390",
    "dept": "30",
    "region": ""
  },
  {
    "name": "EUZET",
    "cp": "30360",
    "dept": "30",
    "region": ""
  },
  {
    "name": "FLAUX",
    "cp": "30700",
    "dept": "30",
    "region": ""
  },
  {
    "name": "FOISSAC",
    "cp": "30700",
    "dept": "30",
    "region": ""
  },
  {
    "name": "FONS",
    "cp": "30730",
    "dept": "30",
    "region": ""
  },
  {
    "name": "FONS SUR LUSSAN",
    "cp": "30580",
    "dept": "30",
    "region": ""
  },
  {
    "name": "FONTANES",
    "cp": "30250",
    "dept": "30",
    "region": ""
  },
  {
    "name": "FONTARECHES",
    "cp": "30580",
    "dept": "30",
    "region": ""
  },
  {
    "name": "FOURNES",
    "cp": "30210",
    "dept": "30",
    "region": ""
  },
  {
    "name": "FOURQUES",
    "cp": "30300",
    "dept": "30",
    "region": ""
  },
  {
    "name": "FRESSAC",
    "cp": "30170",
    "dept": "30",
    "region": ""
  },
  {
    "name": "GAGNIERES",
    "cp": "30160",
    "dept": "30",
    "region": ""
  },
  {
    "name": "GAILHAN",
    "cp": "30260",
    "dept": "30",
    "region": ""
  },
  {
    "name": "GAJAN",
    "cp": "30730",
    "dept": "30",
    "region": ""
  },
  {
    "name": "GALLARGUES LE MONTUEUX",
    "cp": "30660",
    "dept": "30",
    "region": ""
  },
  {
    "name": "GARONS",
    "cp": "30128",
    "dept": "30",
    "region": ""
  },
  {
    "name": "GARRIGUES STE EULALIE",
    "cp": "30190",
    "dept": "30",
    "region": ""
  },
  {
    "name": "GAUJAC",
    "cp": "30330",
    "dept": "30",
    "region": ""
  },
  {
    "name": "GENERAC",
    "cp": "30510",
    "dept": "30",
    "region": ""
  },
  {
    "name": "GENERARGUES",
    "cp": "30140",
    "dept": "30",
    "region": ""
  },
  {
    "name": "GENOLHAC",
    "cp": "30450",
    "dept": "30",
    "region": ""
  },
  {
    "name": "GENOLHAC",
    "cp": "30450",
    "dept": "30",
    "region": ""
  },
  {
    "name": "GOUDARGUES",
    "cp": "30630",
    "dept": "30",
    "region": ""
  },
  {
    "name": "ISSIRAC",
    "cp": "30760",
    "dept": "30",
    "region": ""
  },
  {
    "name": "JONQUIERES ST VINCENT",
    "cp": "30300",
    "dept": "30",
    "region": ""
  },
  {
    "name": "JUNAS",
    "cp": "30250",
    "dept": "30",
    "region": ""
  },
  {
    "name": "L ESTRECHURE",
    "cp": "30124",
    "dept": "30",
    "region": ""
  },
  {
    "name": "LA BASTIDE D ENGRAS",
    "cp": "30330",
    "dept": "30",
    "region": ""
  },
  {
    "name": "LA BRUGUIERE",
    "cp": "30580",
    "dept": "30",
    "region": ""
  },
  {
    "name": "LA CADIERE ET CAMBO",
    "cp": "30170",
    "dept": "30",
    "region": ""
  },
  {
    "name": "LA CALMETTE",
    "cp": "30190",
    "dept": "30",
    "region": ""
  },
  {
    "name": "LA CAPELLE ET MASMOLENE",
    "cp": "30700",
    "dept": "30",
    "region": ""
  },
  {
    "name": "LA GRAND COMBE",
    "cp": "30110",
    "dept": "30",
    "region": ""
  },
  {
    "name": "LA GRAND COMBE",
    "cp": "30110",
    "dept": "30",
    "region": ""
  },
  {
    "name": "LA ROQUE SUR CEZE",
    "cp": "30200",
    "dept": "30",
    "region": ""
  },
  {
    "name": "LA ROUVIERE",
    "cp": "30190",
    "dept": "30",
    "region": ""
  },
  {
    "name": "LA VERNAREDE",
    "cp": "30530",
    "dept": "30",
    "region": ""
  },
  {
    "name": "LAMELOUZE",
    "cp": "30110",
    "dept": "30",
    "region": ""
  },
  {
    "name": "LANGLADE",
    "cp": "30980",
    "dept": "30",
    "region": ""
  },
  {
    "name": "LANUEJOLS",
    "cp": "30750",
    "dept": "30",
    "region": ""
  },
  {
    "name": "LASALLE",
    "cp": "30460",
    "dept": "30",
    "region": ""
  },
  {
    "name": "LAUDUN L ARDOISE",
    "cp": "30290",
    "dept": "30",
    "region": ""
  },
  {
    "name": "LAUDUN L ARDOISE",
    "cp": "30290",
    "dept": "30",
    "region": ""
  },
  {
    "name": "LAVAL PRADEL",
    "cp": "30110",
    "dept": "30",
    "region": ""
  },
  {
    "name": "LAVAL ST ROMAN",
    "cp": "30760",
    "dept": "30",
    "region": ""
  },
  {
    "name": "LE CAILAR",
    "cp": "30740",
    "dept": "30",
    "region": ""
  },
  {
    "name": "LE GARN",
    "cp": "30760",
    "dept": "30",
    "region": ""
  },
  {
    "name": "LE GRAU DU ROI",
    "cp": "30240",
    "dept": "30",
    "region": ""
  },
  {
    "name": "LE GRAU DU ROI",
    "cp": "30240",
    "dept": "30",
    "region": ""
  },
  {
    "name": "LE MARTINET",
    "cp": "30960",
    "dept": "30",
    "region": ""
  },
  {
    "name": "LE PIN",
    "cp": "30330",
    "dept": "30",
    "region": ""
  },
  {
    "name": "LE VIGAN",
    "cp": "30120",
    "dept": "30",
    "region": ""
  },
  {
    "name": "LECQUES",
    "cp": "30250",
    "dept": "30",
    "region": ""
  },
  {
    "name": "LEDENON",
    "cp": "30210",
    "dept": "30",
    "region": ""
  },
  {
    "name": "LEDIGNAN",
    "cp": "30350",
    "dept": "30",
    "region": ""
  },
  {
    "name": "LES ANGLES",
    "cp": "30133",
    "dept": "30",
    "region": ""
  },
  {
    "name": "LES MAGES",
    "cp": "30960",
    "dept": "30",
    "region": ""
  },
  {
    "name": "LES PLANS",
    "cp": "30340",
    "dept": "30",
    "region": ""
  },
  {
    "name": "LES PLANTIERS",
    "cp": "30122",
    "dept": "30",
    "region": ""
  },
  {
    "name": "LES SALLES DU GARDON",
    "cp": "30110",
    "dept": "30",
    "region": ""
  },
  {
    "name": "LEZAN",
    "cp": "30350",
    "dept": "30",
    "region": ""
  },
  {
    "name": "LIOUC",
    "cp": "30260",
    "dept": "30",
    "region": ""
  },
  {
    "name": "LIRAC",
    "cp": "30126",
    "dept": "30",
    "region": ""
  },
  {
    "name": "LOGRIAN FLORIAN",
    "cp": "30610",
    "dept": "30",
    "region": ""
  },
  {
    "name": "LUSSAN",
    "cp": "30580",
    "dept": "30",
    "region": ""
  },
  {
    "name": "MALONS ET ELZE",
    "cp": "30450",
    "dept": "30",
    "region": ""
  },
  {
    "name": "MANDAGOUT",
    "cp": "30120",
    "dept": "30",
    "region": ""
  },
  {
    "name": "MANDUEL",
    "cp": "30129",
    "dept": "30",
    "region": ""
  },
  {
    "name": "MARGUERITTES",
    "cp": "30320",
    "dept": "30",
    "region": ""
  },
  {
    "name": "MARTIGNARGUES",
    "cp": "30360",
    "dept": "30",
    "region": ""
  },
  {
    "name": "MARUEJOLS LES GARDON",
    "cp": "30350",
    "dept": "30",
    "region": ""
  },
  {
    "name": "MASSANES",
    "cp": "30350",
    "dept": "30",
    "region": ""
  },
  {
    "name": "MASSILLARGUES ATTUECH",
    "cp": "30140",
    "dept": "30",
    "region": ""
  },
  {
    "name": "MAURESSARGUES",
    "cp": "30350",
    "dept": "30",
    "region": ""
  },
  {
    "name": "MEJANNES LE CLAP",
    "cp": "30430",
    "dept": "30",
    "region": ""
  },
  {
    "name": "MEJANNES LES ALES",
    "cp": "30340",
    "dept": "30",
    "region": ""
  },
  {
    "name": "MEYNES",
    "cp": "30840",
    "dept": "30",
    "region": ""
  },
  {
    "name": "MEYRANNES",
    "cp": "30410",
    "dept": "30",
    "region": ""
  },
  {
    "name": "MIALET",
    "cp": "30140",
    "dept": "30",
    "region": ""
  },
  {
    "name": "MILHAUD",
    "cp": "30540",
    "dept": "30",
    "region": ""
  },
  {
    "name": "MOLIERES CAVAILLAC",
    "cp": "30120",
    "dept": "30",
    "region": ""
  },
  {
    "name": "MOLIERES SUR CEZE",
    "cp": "30410",
    "dept": "30",
    "region": ""
  },
  {
    "name": "MONOBLET",
    "cp": "30170",
    "dept": "30",
    "region": ""
  },
  {
    "name": "MONS",
    "cp": "30340",
    "dept": "30",
    "region": ""
  },
  {
    "name": "MONTAGNAC",
    "cp": "30350",
    "dept": "30",
    "region": ""
  },
  {
    "name": "MONTAREN ET ST MEDIERS",
    "cp": "30700",
    "dept": "30",
    "region": ""
  },
  {
    "name": "MONTCLUS",
    "cp": "30630",
    "dept": "30",
    "region": ""
  },
  {
    "name": "MONTDARDIER",
    "cp": "30120",
    "dept": "30",
    "region": ""
  },
  {
    "name": "MONTEILS",
    "cp": "30360",
    "dept": "30",
    "region": ""
  },
  {
    "name": "MONTFAUCON",
    "cp": "30150",
    "dept": "30",
    "region": ""
  },
  {
    "name": "MONTFRIN",
    "cp": "30490",
    "dept": "30",
    "region": ""
  },
  {
    "name": "MONTIGNARGUES",
    "cp": "30190",
    "dept": "30",
    "region": ""
  },
  {
    "name": "MONTMIRAT",
    "cp": "30260",
    "dept": "30",
    "region": ""
  },
  {
    "name": "MONTPEZAT",
    "cp": "30730",
    "dept": "30",
    "region": ""
  },
  {
    "name": "MOULEZAN",
    "cp": "30350",
    "dept": "30",
    "region": ""
  },
  {
    "name": "MOUSSAC",
    "cp": "30190",
    "dept": "30",
    "region": ""
  },
  {
    "name": "MUS",
    "cp": "30121",
    "dept": "30",
    "region": ""
  },
  {
    "name": "NAGES ET SOLORGUES",
    "cp": "30114",
    "dept": "30",
    "region": ""
  },
  {
    "name": "NAVACELLES",
    "cp": "30580",
    "dept": "30",
    "region": ""
  },
  {
    "name": "NERS",
    "cp": "30360",
    "dept": "30",
    "region": ""
  },
  {
    "name": "NIMES",
    "cp": "30000",
    "dept": "30",
    "region": ""
  },
  {
    "name": "NIMES",
    "cp": "30900",
    "dept": "30",
    "region": ""
  },
  {
    "name": "NIMES",
    "cp": "30900",
    "dept": "30",
    "region": ""
  },
  {
    "name": "ORSAN",
    "cp": "30200",
    "dept": "30",
    "region": ""
  },
  {
    "name": "ORTHOUX SERIGNAC QUILHAN",
    "cp": "30260",
    "dept": "30",
    "region": ""
  },
  {
    "name": "PARIGNARGUES",
    "cp": "30730",
    "dept": "30",
    "region": ""
  },
  {
    "name": "PEYREMALE",
    "cp": "30160",
    "dept": "30",
    "region": ""
  },
  {
    "name": "PEYROLLES EN CEVENNES",
    "cp": "30124",
    "dept": "30",
    "region": ""
  },
  {
    "name": "POMMIERS",
    "cp": "30120",
    "dept": "30",
    "region": ""
  },
  {
    "name": "POMPIGNAN",
    "cp": "30170",
    "dept": "30",
    "region": ""
  },
  {
    "name": "PONT ST ESPRIT",
    "cp": "30130",
    "dept": "30",
    "region": ""
  },
  {
    "name": "PONTEILS ET BRESIS",
    "cp": "30450",
    "dept": "30",
    "region": ""
  },
  {
    "name": "PORTES",
    "cp": "30530",
    "dept": "30",
    "region": ""
  },
  {
    "name": "POTELIERES",
    "cp": "30500",
    "dept": "30",
    "region": ""
  },
  {
    "name": "POUGNADORESSE",
    "cp": "30330",
    "dept": "30",
    "region": ""
  },
  {
    "name": "POULX",
    "cp": "30320",
    "dept": "30",
    "region": ""
  },
  {
    "name": "POUZILHAC",
    "cp": "30210",
    "dept": "30",
    "region": ""
  },
  {
    "name": "PUECHREDON",
    "cp": "30610",
    "dept": "30",
    "region": ""
  },
  {
    "name": "PUJAUT",
    "cp": "30131",
    "dept": "30",
    "region": ""
  },
  {
    "name": "QUISSAC",
    "cp": "30260",
    "dept": "30",
    "region": ""
  },
  {
    "name": "REDESSAN",
    "cp": "30129",
    "dept": "30",
    "region": ""
  },
  {
    "name": "REMOULINS",
    "cp": "30210",
    "dept": "30",
    "region": ""
  },
  {
    "name": "REVENS",
    "cp": "30750",
    "dept": "30",
    "region": ""
  },
  {
    "name": "RIBAUTE LES TAVERNES",
    "cp": "30720",
    "dept": "30",
    "region": ""
  },
  {
    "name": "RIVIERES",
    "cp": "30430",
    "dept": "30",
    "region": ""
  },
  {
    "name": "ROBIAC ROCHESSADOULE",
    "cp": "30160",
    "dept": "30",
    "region": ""
  },
  {
    "name": "ROCHEFORT DU GARD",
    "cp": "30650",
    "dept": "30",
    "region": ""
  },
  {
    "name": "ROCHEGUDE",
    "cp": "30430",
    "dept": "30",
    "region": ""
  },
  {
    "name": "RODILHAN",
    "cp": "30230",
    "dept": "30",
    "region": ""
  },
  {
    "name": "ROGUES",
    "cp": "30120",
    "dept": "30",
    "region": ""
  },
  {
    "name": "ROQUEDUR",
    "cp": "30440",
    "dept": "30",
    "region": ""
  },
  {
    "name": "ROQUEMAURE",
    "cp": "30150",
    "dept": "30",
    "region": ""
  },
  {
    "name": "ROUSSON",
    "cp": "30340",
    "dept": "30",
    "region": ""
  },
  {
    "name": "SABRAN",
    "cp": "30200",
    "dept": "30",
    "region": ""
  },
  {
    "name": "SALAZAC",
    "cp": "30760",
    "dept": "30",
    "region": ""
  },
  {
    "name": "SALINDRES",
    "cp": "30340",
    "dept": "30",
    "region": ""
  },
  {
    "name": "SALINELLES",
    "cp": "30250",
    "dept": "30",
    "region": ""
  },
  {
    "name": "SANILHAC SAGRIES",
    "cp": "30700",
    "dept": "30",
    "region": ""
  },
  {
    "name": "SARDAN",
    "cp": "30260",
    "dept": "30",
    "region": ""
  },
  {
    "name": "SAUMANE",
    "cp": "30125",
    "dept": "30",
    "region": ""
  },
  {
    "name": "SAUVE",
    "cp": "30610",
    "dept": "30",
    "region": ""
  },
  {
    "name": "SAUVETERRE",
    "cp": "30150",
    "dept": "30",
    "region": ""
  },
  {
    "name": "SAUZET",
    "cp": "30190",
    "dept": "30",
    "region": ""
  },
  {
    "name": "SAVIGNARGUES",
    "cp": "30350",
    "dept": "30",
    "region": ""
  },
  {
    "name": "SAZE",
    "cp": "30650",
    "dept": "30",
    "region": ""
  },
  {
    "name": "SENECHAS",
    "cp": "30450",
    "dept": "30",
    "region": ""
  },
  {
    "name": "SERNHAC",
    "cp": "30210",
    "dept": "30",
    "region": ""
  },
  {
    "name": "SERVAS",
    "cp": "30340",
    "dept": "30",
    "region": ""
  },
  {
    "name": "SERVIERS ET LABAUME",
    "cp": "30700",
    "dept": "30",
    "region": ""
  },
  {
    "name": "SEYNES",
    "cp": "30580",
    "dept": "30",
    "region": ""
  },
  {
    "name": "SOMMIERES",
    "cp": "30250",
    "dept": "30",
    "region": ""
  },
  {
    "name": "SOUDORGUES",
    "cp": "30460",
    "dept": "30",
    "region": ""
  },
  {
    "name": "SOUSTELLE",
    "cp": "30110",
    "dept": "30",
    "region": ""
  },
  {
    "name": "SOUVIGNARGUES",
    "cp": "30250",
    "dept": "30",
    "region": ""
  },
  {
    "name": "ST ALEXANDRE",
    "cp": "30130",
    "dept": "30",
    "region": ""
  },
  {
    "name": "ST AMBROIX",
    "cp": "30500",
    "dept": "30",
    "region": ""
  },
  {
    "name": "ST ANDRE D OLERARGUES",
    "cp": "30330",
    "dept": "30",
    "region": ""
  },
  {
    "name": "ST ANDRE DE MAJENCOULES",
    "cp": "30570",
    "dept": "30",
    "region": ""
  },
  {
    "name": "ST ANDRE DE ROQUEPERTUIS",
    "cp": "30630",
    "dept": "30",
    "region": ""
  },
  {
    "name": "ST ANDRE DE VALBORGNE",
    "cp": "30940",
    "dept": "30",
    "region": ""
  },
  {
    "name": "ST BAUZELY",
    "cp": "30730",
    "dept": "30",
    "region": ""
  },
  {
    "name": "ST BENEZET",
    "cp": "30350",
    "dept": "30",
    "region": ""
  },
  {
    "name": "ST BONNET DE SALENDRINQUE",
    "cp": "30460",
    "dept": "30",
    "region": ""
  },
  {
    "name": "ST BONNET DU GARD",
    "cp": "30210",
    "dept": "30",
    "region": ""
  },
  {
    "name": "ST BRES",
    "cp": "30500",
    "dept": "30",
    "region": ""
  },
  {
    "name": "ST BRESSON",
    "cp": "30440",
    "dept": "30",
    "region": ""
  },
  {
    "name": "ST CESAIRE DE GAUZIGNAN",
    "cp": "30360",
    "dept": "30",
    "region": ""
  },
  {
    "name": "ST CHAPTES",
    "cp": "30190",
    "dept": "30",
    "region": ""
  },
  {
    "name": "ST CHRISTOL DE RODIERES",
    "cp": "30760",
    "dept": "30",
    "region": ""
  },
  {
    "name": "ST CHRISTOL LEZ ALES",
    "cp": "30380",
    "dept": "30",
    "region": ""
  },
  {
    "name": "ST CLEMENT",
    "cp": "30260",
    "dept": "30",
    "region": ""
  },
  {
    "name": "ST COME ET MARUEJOLS",
    "cp": "30870",
    "dept": "30",
    "region": ""
  },
  {
    "name": "ST DENIS",
    "cp": "30500",
    "dept": "30",
    "region": ""
  },
  {
    "name": "ST DEZERY",
    "cp": "30190",
    "dept": "30",
    "region": ""
  },
  {
    "name": "ST DIONISY",
    "cp": "30980",
    "dept": "30",
    "region": ""
  },
  {
    "name": "ST ETIENNE DE L OLM",
    "cp": "30360",
    "dept": "30",
    "region": ""
  },
  {
    "name": "ST ETIENNE DES SORTS",
    "cp": "30200",
    "dept": "30",
    "region": ""
  },
  {
    "name": "ST FELIX DE PALLIERES",
    "cp": "30140",
    "dept": "30",
    "region": ""
  },
  {
    "name": "ST FLORENT SUR AUZONNET",
    "cp": "30960",
    "dept": "30",
    "region": ""
  },
  {
    "name": "ST GENIES DE COMOLAS",
    "cp": "30150",
    "dept": "30",
    "region": ""
  },
  {
    "name": "ST GENIES DE MALGOIRES",
    "cp": "30190",
    "dept": "30",
    "region": ""
  },
  {
    "name": "ST GERVAIS",
    "cp": "30200",
    "dept": "30",
    "region": ""
  },
  {
    "name": "ST GERVASY",
    "cp": "30320",
    "dept": "30",
    "region": ""
  },
  {
    "name": "ST GILLES",
    "cp": "30800",
    "dept": "30",
    "region": ""
  },
  {
    "name": "ST HILAIRE D OZILHAN",
    "cp": "30210",
    "dept": "30",
    "region": ""
  },
  {
    "name": "ST HILAIRE DE BRETHMAS",
    "cp": "30560",
    "dept": "30",
    "region": ""
  },
  {
    "name": "ST HIPPOLYTE DE CATON",
    "cp": "30360",
    "dept": "30",
    "region": ""
  },
  {
    "name": "ST HIPPOLYTE DE MONTAIGU",
    "cp": "30700",
    "dept": "30",
    "region": ""
  },
  {
    "name": "ST HIPPOLYTE DU FORT",
    "cp": "30170",
    "dept": "30",
    "region": ""
  },
  {
    "name": "ST JEAN DE CEYRARGUES",
    "cp": "30360",
    "dept": "30",
    "region": ""
  },
  {
    "name": "ST JEAN DE CRIEULON",
    "cp": "30610",
    "dept": "30",
    "region": ""
  },
  {
    "name": "ST JEAN DE MARUEJOLS ET AVEJAN",
    "cp": "30430",
    "dept": "30",
    "region": ""
  },
  {
    "name": "ST JEAN DE SERRES",
    "cp": "30350",
    "dept": "30",
    "region": ""
  },
  {
    "name": "ST JEAN DE VALERISCLE",
    "cp": "30960",
    "dept": "30",
    "region": ""
  },
  {
    "name": "ST JEAN DU GARD",
    "cp": "30270",
    "dept": "30",
    "region": ""
  },
  {
    "name": "ST JEAN DU PIN",
    "cp": "30140",
    "dept": "30",
    "region": ""
  },
  {
    "name": "ST JULIEN DE CASSAGNAS",
    "cp": "30500",
    "dept": "30",
    "region": ""
  },
  {
    "name": "ST JULIEN DE LA NEF",
    "cp": "30440",
    "dept": "30",
    "region": ""
  },
  {
    "name": "ST JULIEN DE PEYROLAS",
    "cp": "30760",
    "dept": "30",
    "region": ""
  },
  {
    "name": "ST JULIEN LES ROSIERS",
    "cp": "30340",
    "dept": "30",
    "region": ""
  },
  {
    "name": "ST JUST ET VACQUIERES",
    "cp": "30580",
    "dept": "30",
    "region": ""
  },
  {
    "name": "ST LAURENT D AIGOUZE",
    "cp": "30220",
    "dept": "30",
    "region": ""
  },
  {
    "name": "ST LAURENT DE CARNOLS",
    "cp": "30200",
    "dept": "30",
    "region": ""
  },
  {
    "name": "ST LAURENT DES ARBRES",
    "cp": "30126",
    "dept": "30",
    "region": ""
  },
  {
    "name": "ST LAURENT LA VERNEDE",
    "cp": "30330",
    "dept": "30",
    "region": ""
  },
  {
    "name": "ST LAURENT LE MINIER",
    "cp": "30440",
    "dept": "30",
    "region": ""
  },
  {
    "name": "ST MAMERT DU GARD",
    "cp": "30730",
    "dept": "30",
    "region": ""
  },
  {
    "name": "ST MARCEL DE CAREIRET",
    "cp": "30330",
    "dept": "30",
    "region": ""
  },
  {
    "name": "ST MARTIAL",
    "cp": "30440",
    "dept": "30",
    "region": ""
  },
  {
    "name": "ST MARTIN DE VALGALGUES",
    "cp": "30520",
    "dept": "30",
    "region": ""
  },
  {
    "name": "ST MAURICE DE CAZEVIEILLE",
    "cp": "30360",
    "dept": "30",
    "region": ""
  },
  {
    "name": "ST MAXIMIN",
    "cp": "30700",
    "dept": "30",
    "region": ""
  },
  {
    "name": "ST MICHEL D EUZET",
    "cp": "30200",
    "dept": "30",
    "region": ""
  },
  {
    "name": "ST NAZAIRE",
    "cp": "30200",
    "dept": "30",
    "region": ""
  },
  {
    "name": "ST NAZAIRE DES GARDIES",
    "cp": "30610",
    "dept": "30",
    "region": ""
  },
  {
    "name": "ST PAUL LA COSTE",
    "cp": "30480",
    "dept": "30",
    "region": ""
  },
  {
    "name": "ST PAUL LES FONTS",
    "cp": "30330",
    "dept": "30",
    "region": ""
  },
  {
    "name": "ST PAULET DE CAISSON",
    "cp": "30130",
    "dept": "30",
    "region": ""
  },
  {
    "name": "ST PONS LA CALM",
    "cp": "30330",
    "dept": "30",
    "region": ""
  },
  {
    "name": "ST PRIVAT DE CHAMPCLOS",
    "cp": "30430",
    "dept": "30",
    "region": ""
  },
  {
    "name": "ST PRIVAT DES VIEUX",
    "cp": "30340",
    "dept": "30",
    "region": ""
  },
  {
    "name": "ST QUENTIN LA POTERIE",
    "cp": "30700",
    "dept": "30",
    "region": ""
  },
  {
    "name": "ST ROMAN DE CODIERES",
    "cp": "30440",
    "dept": "30",
    "region": ""
  },
  {
    "name": "ST SAUVEUR CAMPRIEU",
    "cp": "30750",
    "dept": "30",
    "region": ""
  },
  {
    "name": "ST SAUVEUR CAMPRIEU",
    "cp": "30750",
    "dept": "30",
    "region": ""
  },
  {
    "name": "ST SEBASTIEN D AIGREFEUILLE",
    "cp": "30140",
    "dept": "30",
    "region": ""
  },
  {
    "name": "ST SIFFRET",
    "cp": "30700",
    "dept": "30",
    "region": ""
  },
  {
    "name": "ST THEODORIT",
    "cp": "30260",
    "dept": "30",
    "region": ""
  },
  {
    "name": "ST VICTOR DE MALCAP",
    "cp": "30500",
    "dept": "30",
    "region": ""
  },
  {
    "name": "ST VICTOR DES OULES",
    "cp": "30700",
    "dept": "30",
    "region": ""
  },
  {
    "name": "ST VICTOR LA COSTE",
    "cp": "30290",
    "dept": "30",
    "region": ""
  },
  {
    "name": "STE ANASTASIE",
    "cp": "30190",
    "dept": "30",
    "region": ""
  },
  {
    "name": "STE CECILE D ANDORGE",
    "cp": "30110",
    "dept": "30",
    "region": ""
  },
  {
    "name": "STE CROIX DE CADERLE",
    "cp": "30460",
    "dept": "30",
    "region": ""
  },
  {
    "name": "SUMENE",
    "cp": "30440",
    "dept": "30",
    "region": ""
  },
  {
    "name": "SUMENE",
    "cp": "30440",
    "dept": "30",
    "region": ""
  },
  {
    "name": "TAVEL",
    "cp": "30126",
    "dept": "30",
    "region": ""
  },
  {
    "name": "THARAUX",
    "cp": "30430",
    "dept": "30",
    "region": ""
  },
  {
    "name": "THEZIERS",
    "cp": "30390",
    "dept": "30",
    "region": ""
  },
  {
    "name": "THOIRAS CORBES",
    "cp": "30140",
    "dept": "30",
    "region": ""
  },
  {
    "name": "THOIRAS CORBES",
    "cp": "30140",
    "dept": "30",
    "region": ""
  },
  {
    "name": "TORNAC",
    "cp": "30140",
    "dept": "30",
    "region": ""
  },
  {
    "name": "TRESQUES",
    "cp": "30330",
    "dept": "30",
    "region": ""
  },
  {
    "name": "TREVES",
    "cp": "30750",
    "dept": "30",
    "region": ""
  },
  {
    "name": "UCHAUD",
    "cp": "30620",
    "dept": "30",
    "region": ""
  },
  {
    "name": "UZES",
    "cp": "30700",
    "dept": "30",
    "region": ""
  },
  {
    "name": "VABRES",
    "cp": "30460",
    "dept": "30",
    "region": ""
  },
  {
    "name": "VAL D AIGOUAL",
    "cp": "30570",
    "dept": "30",
    "region": ""
  },
  {
    "name": "VAL D AIGOUAL",
    "cp": "30570",
    "dept": "30",
    "region": ""
  },
  {
    "name": "VAL D AIGOUAL",
    "cp": "30570",
    "dept": "30",
    "region": ""
  },
  {
    "name": "VAL D AIGOUAL",
    "cp": "30570",
    "dept": "30",
    "region": ""
  },
  {
    "name": "VALLABREGUES",
    "cp": "30300",
    "dept": "30",
    "region": ""
  },
  {
    "name": "VALLABRIX",
    "cp": "30700",
    "dept": "30",
    "region": ""
  },
  {
    "name": "VALLERARGUES",
    "cp": "30580",
    "dept": "30",
    "region": ""
  },
  {
    "name": "VALLIGUIERES",
    "cp": "30210",
    "dept": "30",
    "region": ""
  },
  {
    "name": "VAUVERT",
    "cp": "30600",
    "dept": "30",
    "region": ""
  },
  {
    "name": "VAUVERT",
    "cp": "30600",
    "dept": "30",
    "region": ""
  },
  {
    "name": "VAUVERT",
    "cp": "30600",
    "dept": "30",
    "region": ""
  },
  {
    "name": "VAUVERT",
    "cp": "30600",
    "dept": "30",
    "region": ""
  },
  {
    "name": "VENEJAN",
    "cp": "30200",
    "dept": "30",
    "region": ""
  },
  {
    "name": "VERFEUIL",
    "cp": "30630",
    "dept": "30",
    "region": ""
  },
  {
    "name": "VERGEZE",
    "cp": "30310",
    "dept": "30",
    "region": ""
  },
  {
    "name": "VERS PONT DU GARD",
    "cp": "30210",
    "dept": "30",
    "region": ""
  },
  {
    "name": "VESTRIC ET CANDIAC",
    "cp": "30600",
    "dept": "30",
    "region": ""
  },
  {
    "name": "VEZENOBRES",
    "cp": "30360",
    "dept": "30",
    "region": ""
  },
  {
    "name": "VIC LE FESQ",
    "cp": "30260",
    "dept": "30",
    "region": ""
  },
  {
    "name": "VILLENEUVE LES AVIGNON",
    "cp": "30400",
    "dept": "30",
    "region": ""
  },
  {
    "name": "VILLEVIEILLE",
    "cp": "30250",
    "dept": "30",
    "region": ""
  },
  {
    "name": "VISSEC",
    "cp": "30770",
    "dept": "30",
    "region": ""
  }
]