[
  {
    "name": "AIZENAY",
    "cp": "85190",
    "dept": "85",
    "region": ""
  },
  {
    "name": "ANGLES",
    "cp": "85750",
    "dept": "85",
    "region": ""
  },
  {
    "name": "ANTIGNY",
    "cp": "85120",
    "dept": "85",
    "region": ""
  },
  {
    "name": "APREMONT",
    "cp": "85220",
    "dept": "85",
    "region": ""
  },
  {
    "name": "AUBIGNY LES CLOUZEAUX",
    "cp": "85430",
    "dept": "85",
    "region": ""
  },
  {
    "name": "AUBIGNY LES CLOUZEAUX",
    "cp": "85430",
    "dept": "85",
    "region": ""
  },
  {
    "name": "AUCHAY SUR VENDEE",
    "cp": "85200",
    "dept": "85",
    "region": ""
  },
  {
    "name": "AUCHAY SUR VENDEE",
    "cp": "85200",
    "dept": "85",
    "region": ""
  },
  {
    "name": "AVRILLE",
    "cp": "85440",
    "dept": "85",
    "region": ""
  },
  {
    "name": "BARBATRE",
    "cp": "85630",
    "dept": "85",
    "region": ""
  },
  {
    "name": "BAZOGES EN PAILLERS",
    "cp": "85130",
    "dept": "85",
    "region": ""
  },
  {
    "name": "BAZOGES EN PAREDS",
    "cp": "85390",
    "dept": "85",
    "region": ""
  },
  {
    "name": "BEAUFOU",
    "cp": "85170",
    "dept": "85",
    "region": ""
  },
  {
    "name": "BEAULIEU SOUS LA ROCHE",
    "cp": "85190",
    "dept": "85",
    "region": ""
  },
  {
    "name": "BEAUREPAIRE",
    "cp": "85500",
    "dept": "85",
    "region": ""
  },
  {
    "name": "BEAUVOIR SUR MER",
    "cp": "85230",
    "dept": "85",
    "region": ""
  },
  {
    "name": "BELLEVIGNY",
    "cp": "85170",
    "dept": "85",
    "region": ""
  },
  {
    "name": "BELLEVIGNY",
    "cp": "85170",
    "dept": "85",
    "region": ""
  },
  {
    "name": "BENET",
    "cp": "85490",
    "dept": "85",
    "region": ""
  },
  {
    "name": "BENET",
    "cp": "85490",
    "dept": "85",
    "region": ""
  },
  {
    "name": "BENET",
    "cp": "85490",
    "dept": "85",
    "region": ""
  },
  {
    "name": "BESSAY",
    "cp": "85320",
    "dept": "85",
    "region": ""
  },
  {
    "name": "BOIS DE CENE",
    "cp": "85710",
    "dept": "85",
    "region": ""
  },
  {
    "name": "BOUILLE COURDAULT",
    "cp": "85420",
    "dept": "85",
    "region": ""
  },
  {
    "name": "BOUIN",
    "cp": "85230",
    "dept": "85",
    "region": ""
  },
  {
    "name": "BOURNEAU",
    "cp": "85200",
    "dept": "85",
    "region": ""
  },
  {
    "name": "BOURNEZEAU",
    "cp": "85480",
    "dept": "85",
    "region": ""
  },
  {
    "name": "BOURNEZEAU",
    "cp": "85480",
    "dept": "85",
    "region": ""
  },
  {
    "name": "BREM SUR MER",
    "cp": "85470",
    "dept": "85",
    "region": ""
  },
  {
    "name": "BREM SUR MER",
    "cp": "85470",
    "dept": "85",
    "region": ""
  },
  {
    "name": "BRETIGNOLLES SUR MER",
    "cp": "85470",
    "dept": "85",
    "region": ""
  },
  {
    "name": "CHAILLE LES MARAIS",
    "cp": "85450",
    "dept": "85",
    "region": ""
  },
  {
    "name": "CHAILLE LES MARAIS",
    "cp": "85450",
    "dept": "85",
    "region": ""
  },
  {
    "name": "CHAILLE LES MARAIS",
    "cp": "85450",
    "dept": "85",
    "region": ""
  },
  {
    "name": "CHALLANS",
    "cp": "85300",
    "dept": "85",
    "region": ""
  },
  {
    "name": "CHAMPAGNE LES MARAIS",
    "cp": "85450",
    "dept": "85",
    "region": ""
  },
  {
    "name": "CHANTONNAY",
    "cp": "85110",
    "dept": "85",
    "region": ""
  },
  {
    "name": "CHANTONNAY",
    "cp": "85110",
    "dept": "85",
    "region": ""
  },
  {
    "name": "CHANVERRIE",
    "cp": "85130",
    "dept": "85",
    "region": ""
  },
  {
    "name": "CHANVERRIE",
    "cp": "85500",
    "dept": "85",
    "region": ""
  },
  {
    "name": "CHASNAIS",
    "cp": "85400",
    "dept": "85",
    "region": ""
  },
  {
    "name": "CHATEAU GUIBERT",
    "cp": "85320",
    "dept": "85",
    "region": ""
  },
  {
    "name": "CHATEAUNEUF",
    "cp": "85710",
    "dept": "85",
    "region": ""
  },
  {
    "name": "CHAUCHE",
    "cp": "85140",
    "dept": "85",
    "region": ""
  },
  {
    "name": "CHAVAGNES EN PAILLERS",
    "cp": "85250",
    "dept": "85",
    "region": ""
  },
  {
    "name": "CHAVAGNES LES REDOUX",
    "cp": "85390",
    "dept": "85",
    "region": ""
  },
  {
    "name": "CHEFFOIS",
    "cp": "85390",
    "dept": "85",
    "region": ""
  },
  {
    "name": "COEX",
    "cp": "85220",
    "dept": "85",
    "region": ""
  },
  {
    "name": "COMMEQUIERS",
    "cp": "85220",
    "dept": "85",
    "region": ""
  },
  {
    "name": "CORPE",
    "cp": "85320",
    "dept": "85",
    "region": ""
  },
  {
    "name": "CUGAND LA BERNARDIERE",
    "cp": "85610",
    "dept": "85",
    "region": ""
  },
  {
    "name": "CUGAND LA BERNARDIERE",
    "cp": "85610",
    "dept": "85",
    "region": ""
  },
  {
    "name": "CURZON",
    "cp": "85540",
    "dept": "85",
    "region": ""
  },
  {
    "name": "DAMVIX",
    "cp": "85420",
    "dept": "85",
    "region": ""
  },
  {
    "name": "DOIX LES FONTAINES",
    "cp": "85200",
    "dept": "85",
    "region": ""
  },
  {
    "name": "DOIX LES FONTAINES",
    "cp": "85200",
    "dept": "85",
    "region": ""
  },
  {
    "name": "DOMPIERRE SUR YON",
    "cp": "85170",
    "dept": "85",
    "region": ""
  },
  {
    "name": "ESSARTS EN BOCAGE",
    "cp": "85140",
    "dept": "85",
    "region": ""
  },
  {
    "name": "ESSARTS EN BOCAGE",
    "cp": "85140",
    "dept": "85",
    "region": ""
  },
  {
    "name": "FALLERON",
    "cp": "85670",
    "dept": "85",
    "region": ""
  },
  {
    "name": "FAYMOREAU",
    "cp": "85240",
    "dept": "85",
    "region": ""
  },
  {
    "name": "FONTENAY LE COMTE",
    "cp": "85200",
    "dept": "85",
    "region": ""
  },
  {
    "name": "FONTENAY LE COMTE",
    "cp": "85200",
    "dept": "85",
    "region": ""
  },
  {
    "name": "FOUGERE",
    "cp": "85480",
    "dept": "85",
    "region": ""
  },
  {
    "name": "FOUSSAIS PAYRE",
    "cp": "85240",
    "dept": "85",
    "region": ""
  },
  {
    "name": "FROIDFOND",
    "cp": "85300",
    "dept": "85",
    "region": ""
  },
  {
    "name": "GIVRAND",
    "cp": "85800",
    "dept": "85",
    "region": ""
  },
  {
    "name": "GRAND LANDES",
    "cp": "85670",
    "dept": "85",
    "region": ""
  },
  {
    "name": "GROSBREUIL",
    "cp": "85440",
    "dept": "85",
    "region": ""
  },
  {
    "name": "GRUES",
    "cp": "85580",
    "dept": "85",
    "region": ""
  },
  {
    "name": "JARD SUR MER",
    "cp": "85520",
    "dept": "85",
    "region": ""
  },
  {
    "name": "L AIGUILLON LA PRESQU ILE",
    "cp": "85460",
    "dept": "85",
    "region": ""
  },
  {
    "name": "L AIGUILLON LA PRESQU ILE",
    "cp": "85460",
    "dept": "85",
    "region": ""
  },
  {
    "name": "L AIGUILLON SUR VIE",
    "cp": "85220",
    "dept": "85",
    "region": ""
  },
  {
    "name": "L EPINE",
    "cp": "85740",
    "dept": "85",
    "region": ""
  },
  {
    "name": "L HERBERGEMENT",
    "cp": "85260",
    "dept": "85",
    "region": ""
  },
  {
    "name": "L HERMENAULT",
    "cp": "85570",
    "dept": "85",
    "region": ""
  },
  {
    "name": "L ILE D ELLE",
    "cp": "85770",
    "dept": "85",
    "region": ""
  },
  {
    "name": "L ILE D OLONNE",
    "cp": "85340",
    "dept": "85",
    "region": ""
  },
  {
    "name": "L ILE D YEU",
    "cp": "85350",
    "dept": "85",
    "region": ""
  },
  {
    "name": "L ILE D YEU",
    "cp": "85350",
    "dept": "85",
    "region": ""
  },
  {
    "name": "L OIE",
    "cp": "85140",
    "dept": "85",
    "region": ""
  },
  {
    "name": "L ORBRIE",
    "cp": "85200",
    "dept": "85",
    "region": ""
  },
  {
    "name": "LA BARRE DE MONTS",
    "cp": "85550",
    "dept": "85",
    "region": ""
  },
  {
    "name": "LA BARRE DE MONTS",
    "cp": "85550",
    "dept": "85",
    "region": ""
  },
  {
    "name": "LA BOISSIERE DE MONTAIGU",
    "cp": "85600",
    "dept": "85",
    "region": ""
  },
  {
    "name": "LA BOISSIERE DES LANDES",
    "cp": "85430",
    "dept": "85",
    "region": ""
  },
  {
    "name": "LA BRETONNIERE LA CLAYE",
    "cp": "85320",
    "dept": "85",
    "region": ""
  },
  {
    "name": "LA BRETONNIERE LA CLAYE",
    "cp": "85320",
    "dept": "85",
    "region": ""
  },
  {
    "name": "LA BRUFFIERE",
    "cp": "85530",
    "dept": "85",
    "region": ""
  },
  {
    "name": "LA CAILLERE ST HILAIRE",
    "cp": "85410",
    "dept": "85",
    "region": ""
  },
  {
    "name": "LA CAILLERE ST HILAIRE",
    "cp": "85410",
    "dept": "85",
    "region": ""
  },
  {
    "name": "LA CHAIZE GIRAUD",
    "cp": "85220",
    "dept": "85",
    "region": ""
  },
  {
    "name": "LA CHAIZE LE VICOMTE",
    "cp": "85310",
    "dept": "85",
    "region": ""
  },
  {
    "name": "LA CHAIZE LE VICOMTE",
    "cp": "85310",
    "dept": "85",
    "region": ""
  },
  {
    "name": "LA CHAPELLE HERMIER",
    "cp": "85220",
    "dept": "85",
    "region": ""
  },
  {
    "name": "LA CHAPELLE PALLUAU",
    "cp": "85670",
    "dept": "85",
    "region": ""
  },
  {
    "name": "LA CHAPELLE THEMER",
    "cp": "85210",
    "dept": "85",
    "region": ""
  },
  {
    "name": "LA CHATAIGNERAIE",
    "cp": "85120",
    "dept": "85",
    "region": ""
  },
  {
    "name": "LA COPECHAGNIERE",
    "cp": "85260",
    "dept": "85",
    "region": ""
  },
  {
    "name": "LA COUTURE",
    "cp": "85320",
    "dept": "85",
    "region": ""
  },
  {
    "name": "LA FERRIERE",
    "cp": "85280",
    "dept": "85",
    "region": ""
  },
  {
    "name": "LA GARNACHE",
    "cp": "85710",
    "dept": "85",
    "region": ""
  },
  {
    "name": "LA GAUBRETIERE",
    "cp": "85130",
    "dept": "85",
    "region": ""
  },
  {
    "name": "LA GENETOUZE",
    "cp": "85190",
    "dept": "85",
    "region": ""
  },
  {
    "name": "LA GUERINIERE",
    "cp": "85680",
    "dept": "85",
    "region": ""
  },
  {
    "name": "LA JAUDONNIERE",
    "cp": "85110",
    "dept": "85",
    "region": ""
  },
  {
    "name": "LA JONCHERE",
    "cp": "85540",
    "dept": "85",
    "region": ""
  },
  {
    "name": "LA MEILLERAIE TILLAY",
    "cp": "85700",
    "dept": "85",
    "region": ""
  },
  {
    "name": "LA MERLATIERE",
    "cp": "85140",
    "dept": "85",
    "region": ""
  },
  {
    "name": "LA RABATELIERE",
    "cp": "85250",
    "dept": "85",
    "region": ""
  },
  {
    "name": "LA REORTHE",
    "cp": "85210",
    "dept": "85",
    "region": ""
  },
  {
    "name": "LA ROCHE SUR YON",
    "cp": "85000",
    "dept": "85",
    "region": ""
  },
  {
    "name": "LA TAILLEE",
    "cp": "85450",
    "dept": "85",
    "region": ""
  },
  {
    "name": "LA TRANCHE SUR MER",
    "cp": "85360",
    "dept": "85",
    "region": ""
  },
  {
    "name": "LAIROUX",
    "cp": "85400",
    "dept": "85",
    "region": ""
  },
  {
    "name": "LANDERONDE",
    "cp": "85150",
    "dept": "85",
    "region": ""
  },
  {
    "name": "LANDEVIEILLE",
    "cp": "85220",
    "dept": "85",
    "region": ""
  },
  {
    "name": "LE BERNARD",
    "cp": "85560",
    "dept": "85",
    "region": ""
  },
  {
    "name": "LE BOUPERE",
    "cp": "85510",
    "dept": "85",
    "region": ""
  },
  {
    "name": "LE CHAMP ST PERE",
    "cp": "85540",
    "dept": "85",
    "region": ""
  },
  {
    "name": "LE FENOUILLER",
    "cp": "85800",
    "dept": "85",
    "region": ""
  },
  {
    "name": "LE GIROUARD",
    "cp": "85150",
    "dept": "85",
    "region": ""
  },
  {
    "name": "LE GIVRE",
    "cp": "85540",
    "dept": "85",
    "region": ""
  },
  {
    "name": "LE GUE DE VELLUIRE",
    "cp": "85770",
    "dept": "85",
    "region": ""
  },
  {
    "name": "LE LANGON",
    "cp": "85370",
    "dept": "85",
    "region": ""
  },
  {
    "name": "LE MAZEAU",
    "cp": "85420",
    "dept": "85",
    "region": ""
  },
  {
    "name": "LE PERRIER",
    "cp": "85300",
    "dept": "85",
    "region": ""
  },
  {
    "name": "LE POIRE SUR VIE",
    "cp": "85170",
    "dept": "85",
    "region": ""
  },
  {
    "name": "LE TABLIER",
    "cp": "85310",
    "dept": "85",
    "region": ""
  },
  {
    "name": "LES ACHARDS",
    "cp": "85150",
    "dept": "85",
    "region": ""
  },
  {
    "name": "LES ACHARDS",
    "cp": "85150",
    "dept": "85",
    "region": ""
  },
  {
    "name": "LES BROUZILS",
    "cp": "85260",
    "dept": "85",
    "region": ""
  },
  {
    "name": "LES EPESSES",
    "cp": "85590",
    "dept": "85",
    "region": ""
  },
  {
    "name": "LES HERBIERS",
    "cp": "85500",
    "dept": "85",
    "region": ""
  },
  {
    "name": "LES LANDES GENUSSON",
    "cp": "85130",
    "dept": "85",
    "region": ""
  },
  {
    "name": "LES LUCS SUR BOULOGNE",
    "cp": "85170",
    "dept": "85",
    "region": ""
  },
  {
    "name": "LES MAGNILS REIGNIERS",
    "cp": "85400",
    "dept": "85",
    "region": ""
  },
  {
    "name": "LES PINEAUX",
    "cp": "85320",
    "dept": "85",
    "region": ""
  },
  {
    "name": "LES SABLES D OLONNE",
    "cp": "85100",
    "dept": "85",
    "region": ""
  },
  {
    "name": "LES SABLES D OLONNE",
    "cp": "85180",
    "dept": "85",
    "region": ""
  },
  {
    "name": "LES SABLES D OLONNE",
    "cp": "85340",
    "dept": "85",
    "region": ""
  },
  {
    "name": "LES VELLUIRE SUR VENDEE",
    "cp": "85770",
    "dept": "85",
    "region": ""
  },
  {
    "name": "LES VELLUIRE SUR VENDEE",
    "cp": "85770",
    "dept": "85",
    "region": ""
  },
  {
    "name": "LIEZ",
    "cp": "85420",
    "dept": "85",
    "region": ""
  },
  {
    "name": "LOGE FOUGEREUSE",
    "cp": "85120",
    "dept": "85",
    "region": ""
  },
  {
    "name": "LONGEVES",
    "cp": "85200",
    "dept": "85",
    "region": ""
  },
  {
    "name": "LONGEVILLE SUR MER",
    "cp": "85560",
    "dept": "85",
    "region": ""
  },
  {
    "name": "LUCON",
    "cp": "85400",
    "dept": "85",
    "region": ""
  },
  {
    "name": "MACHE",
    "cp": "85190",
    "dept": "85",
    "region": ""
  },
  {
    "name": "MAILLE",
    "cp": "85420",
    "dept": "85",
    "region": ""
  },
  {
    "name": "MAILLEZAIS",
    "cp": "85420",
    "dept": "85",
    "region": ""
  },
  {
    "name": "MALLIEVRE",
    "cp": "85590",
    "dept": "85",
    "region": ""
  },
  {
    "name": "MAREUIL SUR LAY DISSAIS",
    "cp": "85320",
    "dept": "85",
    "region": ""
  },
  {
    "name": "MAREUIL SUR LAY DISSAIS",
    "cp": "85320",
    "dept": "85",
    "region": ""
  },
  {
    "name": "MARILLET",
    "cp": "85240",
    "dept": "85",
    "region": ""
  },
  {
    "name": "MARSAIS STE RADEGONDE",
    "cp": "85570",
    "dept": "85",
    "region": ""
  },
  {
    "name": "MARTINET",
    "cp": "85150",
    "dept": "85",
    "region": ""
  },
  {
    "name": "MENOMBLET",
    "cp": "85700",
    "dept": "85",
    "region": ""
  },
  {
    "name": "MERVENT",
    "cp": "85200",
    "dept": "85",
    "region": ""
  },
  {
    "name": "MESNARD LA BAROTIERE",
    "cp": "85500",
    "dept": "85",
    "region": ""
  },
  {
    "name": "MONSIREIGNE",
    "cp": "85110",
    "dept": "85",
    "region": ""
  },
  {
    "name": "MONTAIGU VENDEE",
    "cp": "85600",
    "dept": "85",
    "region": ""
  },
  {
    "name": "MONTAIGU VENDEE",
    "cp": "85600",
    "dept": "85",
    "region": ""
  },
  {
    "name": "MONTAIGU VENDEE",
    "cp": "85600",
    "dept": "85",
    "region": ""
  },
  {
    "name": "MONTAIGU VENDEE",
    "cp": "85600",
    "dept": "85",
    "region": ""
  },
  {
    "name": "MONTAIGU VENDEE",
    "cp": "85600",
    "dept": "85",
    "region": ""
  },
  {
    "name": "MONTOURNAIS",
    "cp": "85700",
    "dept": "85",
    "region": ""
  },
  {
    "name": "MONTREUIL",
    "cp": "85200",
    "dept": "85",
    "region": ""
  },
  {
    "name": "MONTREVERD",
    "cp": "85260",
    "dept": "85",
    "region": ""
  },
  {
    "name": "MONTREVERD",
    "cp": "85260",
    "dept": "85",
    "region": ""
  },
  {
    "name": "MONTREVERD",
    "cp": "85260",
    "dept": "85",
    "region": ""
  },
  {
    "name": "MOREILLES",
    "cp": "85450",
    "dept": "85",
    "region": ""
  },
  {
    "name": "MORTAGNE SUR SEVRE",
    "cp": "85290",
    "dept": "85",
    "region": ""
  },
  {
    "name": "MOUCHAMPS",
    "cp": "85640",
    "dept": "85",
    "region": ""
  },
  {
    "name": "MOUILLERON LE CAPTIF",
    "cp": "85000",
    "dept": "85",
    "region": ""
  },
  {
    "name": "MOUILLERON ST GERMAIN",
    "cp": "85390",
    "dept": "85",
    "region": ""
  },
  {
    "name": "MOUILLERON ST GERMAIN",
    "cp": "85390",
    "dept": "85",
    "region": ""
  },
  {
    "name": "MOUTIERS LES MAUXFAITS",
    "cp": "85540",
    "dept": "85",
    "region": ""
  },
  {
    "name": "MOUTIERS SUR LE LAY",
    "cp": "85320",
    "dept": "85",
    "region": ""
  },
  {
    "name": "MOUZEUIL ST MARTIN",
    "cp": "85370",
    "dept": "85",
    "region": ""
  },
  {
    "name": "NALLIERS",
    "cp": "85370",
    "dept": "85",
    "region": ""
  },
  {
    "name": "NESMY",
    "cp": "85310",
    "dept": "85",
    "region": ""
  },
  {
    "name": "NIEUL LE DOLENT",
    "cp": "85430",
    "dept": "85",
    "region": ""
  },
  {
    "name": "NOIRMOUTIER EN L ILE",
    "cp": "85330",
    "dept": "85",
    "region": ""
  },
  {
    "name": "NOTRE DAME DE MONTS",
    "cp": "85690",
    "dept": "85",
    "region": ""
  },
  {
    "name": "NOTRE DAME DE RIEZ",
    "cp": "85270",
    "dept": "85",
    "region": ""
  },
  {
    "name": "PALLUAU",
    "cp": "85670",
    "dept": "85",
    "region": ""
  },
  {
    "name": "PEAULT",
    "cp": "85320",
    "dept": "85",
    "region": ""
  },
  {
    "name": "PETOSSE",
    "cp": "85570",
    "dept": "85",
    "region": ""
  },
  {
    "name": "PISSOTTE",
    "cp": "85200",
    "dept": "85",
    "region": ""
  },
  {
    "name": "POIROUX",
    "cp": "85440",
    "dept": "85",
    "region": ""
  },
  {
    "name": "POUILLE",
    "cp": "85570",
    "dept": "85",
    "region": ""
  },
  {
    "name": "POUZAUGES",
    "cp": "85700",
    "dept": "85",
    "region": ""
  },
  {
    "name": "PUY DE SERRE",
    "cp": "85240",
    "dept": "85",
    "region": ""
  },
  {
    "name": "PUYRAVAULT",
    "cp": "85450",
    "dept": "85",
    "region": ""
  },
  {
    "name": "REAUMUR",
    "cp": "85700",
    "dept": "85",
    "region": ""
  },
  {
    "name": "RIVES D AUTISE",
    "cp": "85240",
    "dept": "85",
    "region": ""
  },
  {
    "name": "RIVES D AUTISE",
    "cp": "85420",
    "dept": "85",
    "region": ""
  },
  {
    "name": "RIVES DE L YON",
    "cp": "85310",
    "dept": "85",
    "region": ""
  },
  {
    "name": "RIVES DE L YON",
    "cp": "85310",
    "dept": "85",
    "region": ""
  },
  {
    "name": "RIVES DU FOUGERAIS",
    "cp": "85410",
    "dept": "85",
    "region": ""
  },
  {
    "name": "RIVES DU FOUGERAIS",
    "cp": "85410",
    "dept": "85",
    "region": ""
  },
  {
    "name": "RIVES DU FOUGERAIS",
    "cp": "85410",
    "dept": "85",
    "region": ""
  },
  {
    "name": "ROCHESERVIERE",
    "cp": "85620",
    "dept": "85",
    "region": ""
  },
  {
    "name": "ROCHETREJOUX",
    "cp": "85510",
    "dept": "85",
    "region": ""
  },
  {
    "name": "ROSNAY",
    "cp": "85320",
    "dept": "85",
    "region": ""
  },
  {
    "name": "SALLERTAINE",
    "cp": "85300",
    "dept": "85",
    "region": ""
  },
  {
    "name": "SERIGNE",
    "cp": "85200",
    "dept": "85",
    "region": ""
  },
  {
    "name": "SEVREMONT",
    "cp": "85700",
    "dept": "85",
    "region": ""
  },
  {
    "name": "SEVREMONT",
    "cp": "85700",
    "dept": "85",
    "region": ""
  },
  {
    "name": "SEVREMONT",
    "cp": "85700",
    "dept": "85",
    "region": ""
  },
  {
    "name": "SEVREMONT",
    "cp": "85700",
    "dept": "85",
    "region": ""
  },
  {
    "name": "SIGOURNAIS",
    "cp": "85110",
    "dept": "85",
    "region": ""
  },
  {
    "name": "SOULLANS",
    "cp": "85300",
    "dept": "85",
    "region": ""
  },
  {
    "name": "ST ANDRE GOULE D OIE",
    "cp": "85250",
    "dept": "85",
    "region": ""
  },
  {
    "name": "ST AUBIN DES ORMEAUX",
    "cp": "85130",
    "dept": "85",
    "region": ""
  },
  {
    "name": "ST AUBIN LA PLAINE",
    "cp": "85210",
    "dept": "85",
    "region": ""
  },
  {
    "name": "ST AVAUGOURD DES LANDES",
    "cp": "85540",
    "dept": "85",
    "region": ""
  },
  {
    "name": "ST BENOIST SUR MER",
    "cp": "85540",
    "dept": "85",
    "region": ""
  },
  {
    "name": "ST CHRISTOPHE DU LIGNERON",
    "cp": "85670",
    "dept": "85",
    "region": ""
  },
  {
    "name": "ST CYR DES GATS",
    "cp": "85410",
    "dept": "85",
    "region": ""
  },
  {
    "name": "ST CYR EN TALMONDAIS",
    "cp": "85540",
    "dept": "85",
    "region": ""
  },
  {
    "name": "ST DENIS DU PAYRE",
    "cp": "85580",
    "dept": "85",
    "region": ""
  },
  {
    "name": "ST DENIS LA CHEVASSE",
    "cp": "85170",
    "dept": "85",
    "region": ""
  },
  {
    "name": "ST ETIENNE DE BRILLOUET",
    "cp": "85210",
    "dept": "85",
    "region": ""
  },
  {
    "name": "ST ETIENNE DU BOIS",
    "cp": "85670",
    "dept": "85",
    "region": ""
  },
  {
    "name": "ST FULGENT",
    "cp": "85250",
    "dept": "85",
    "region": ""
  },
  {
    "name": "ST GEORGES DE POINTINDOUX",
    "cp": "85150",
    "dept": "85",
    "region": ""
  },
  {
    "name": "ST GERMAIN DE PRINCAY",
    "cp": "85110",
    "dept": "85",
    "region": ""
  },
  {
    "name": "ST GERVAIS",
    "cp": "85230",
    "dept": "85",
    "region": ""
  },
  {
    "name": "ST GILLES CROIX DE VIE",
    "cp": "85800",
    "dept": "85",
    "region": ""
  },
  {
    "name": "ST HILAIRE DE RIEZ",
    "cp": "85270",
    "dept": "85",
    "region": ""
  },
  {
    "name": "ST HILAIRE DE RIEZ",
    "cp": "85270",
    "dept": "85",
    "region": ""
  },
  {
    "name": "ST HILAIRE DE VOUST",
    "cp": "85120",
    "dept": "85",
    "region": ""
  },
  {
    "name": "ST HILAIRE DES LOGES",
    "cp": "85240",
    "dept": "85",
    "region": ""
  },
  {
    "name": "ST HILAIRE LA FORET",
    "cp": "85440",
    "dept": "85",
    "region": ""
  },
  {
    "name": "ST HILAIRE LE VOUHIS",
    "cp": "85480",
    "dept": "85",
    "region": ""
  },
  {
    "name": "ST JEAN D HERMINE",
    "cp": "85210",
    "dept": "85",
    "region": ""
  },
  {
    "name": "ST JEAN D HERMINE",
    "cp": "85210",
    "dept": "85",
    "region": ""
  },
  {
    "name": "ST JEAN DE MONTS",
    "cp": "85160",
    "dept": "85",
    "region": ""
  },
  {
    "name": "ST JUIRE CHAMPGILLON",
    "cp": "85210",
    "dept": "85",
    "region": ""
  },
  {
    "name": "ST JULIEN DES LANDES",
    "cp": "85150",
    "dept": "85",
    "region": ""
  },
  {
    "name": "ST LAURENT DE LA SALLE",
    "cp": "85410",
    "dept": "85",
    "region": ""
  },
  {
    "name": "ST LAURENT SUR SEVRE",
    "cp": "85290",
    "dept": "85",
    "region": ""
  },
  {
    "name": "ST MAIXENT SUR VIE",
    "cp": "85220",
    "dept": "85",
    "region": ""
  },
  {
    "name": "ST MALO DU BOIS",
    "cp": "85590",
    "dept": "85",
    "region": ""
  },
  {
    "name": "ST MARS LA REORTHE",
    "cp": "85590",
    "dept": "85",
    "region": ""
  },
  {
    "name": "ST MARTIN DE FRAIGNEAU",
    "cp": "85200",
    "dept": "85",
    "region": ""
  },
  {
    "name": "ST MARTIN DES FONTAINES",
    "cp": "85570",
    "dept": "85",
    "region": ""
  },
  {
    "name": "ST MARTIN DES NOYERS",
    "cp": "85140",
    "dept": "85",
    "region": ""
  },
  {
    "name": "ST MARTIN DES TILLEULS",
    "cp": "85130",
    "dept": "85",
    "region": ""
  },
  {
    "name": "ST MARTIN LARS EN STE HERMINE",
    "cp": "85210",
    "dept": "85",
    "region": ""
  },
  {
    "name": "ST MATHURIN",
    "cp": "85150",
    "dept": "85",
    "region": ""
  },
  {
    "name": "ST MAURICE DES NOUES",
    "cp": "85120",
    "dept": "85",
    "region": ""
  },
  {
    "name": "ST MAURICE LE GIRARD",
    "cp": "85390",
    "dept": "85",
    "region": ""
  },
  {
    "name": "ST MESMIN",
    "cp": "85700",
    "dept": "85",
    "region": ""
  },
  {
    "name": "ST MICHEL EN L HERM",
    "cp": "85580",
    "dept": "85",
    "region": ""
  },
  {
    "name": "ST MICHEL LE CLOUCQ",
    "cp": "85200",
    "dept": "85",
    "region": ""
  },
  {
    "name": "ST PAUL EN PAREDS",
    "cp": "85500",
    "dept": "85",
    "region": ""
  },
  {
    "name": "ST PAUL MONT PENIT",
    "cp": "85670",
    "dept": "85",
    "region": ""
  },
  {
    "name": "ST PHILBERT DE BOUAINE",
    "cp": "85660",
    "dept": "85",
    "region": ""
  },
  {
    "name": "ST PIERRE DU CHEMIN",
    "cp": "85120",
    "dept": "85",
    "region": ""
  },
  {
    "name": "ST PIERRE LE VIEUX",
    "cp": "85420",
    "dept": "85",
    "region": ""
  },
  {
    "name": "ST PROUANT",
    "cp": "85110",
    "dept": "85",
    "region": ""
  },
  {
    "name": "ST REVEREND",
    "cp": "85220",
    "dept": "85",
    "region": ""
  },
  {
    "name": "ST SIGISMOND",
    "cp": "85420",
    "dept": "85",
    "region": ""
  },
  {
    "name": "ST URBAIN",
    "cp": "85230",
    "dept": "85",
    "region": ""
  },
  {
    "name": "ST VALERIEN",
    "cp": "85570",
    "dept": "85",
    "region": ""
  },
  {
    "name": "ST VINCENT STERLANGES",
    "cp": "85110",
    "dept": "85",
    "region": ""
  },
  {
    "name": "ST VINCENT SUR GRAON",
    "cp": "85540",
    "dept": "85",
    "region": ""
  },
  {
    "name": "ST VINCENT SUR GRAON",
    "cp": "85540",
    "dept": "85",
    "region": ""
  },
  {
    "name": "ST VINCENT SUR JARD",
    "cp": "85520",
    "dept": "85",
    "region": ""
  },
  {
    "name": "STE CECILE",
    "cp": "85110",
    "dept": "85",
    "region": ""
  },
  {
    "name": "STE FLAIVE DES LOUPS",
    "cp": "85150",
    "dept": "85",
    "region": ""
  },
  {
    "name": "STE FLORENCE",
    "cp": "85140",
    "dept": "85",
    "region": ""
  },
  {
    "name": "STE FOY",
    "cp": "85150",
    "dept": "85",
    "region": ""
  },
  {
    "name": "STE GEMME LA PLAINE",
    "cp": "85400",
    "dept": "85",
    "region": ""
  },
  {
    "name": "STE PEXINE",
    "cp": "85320",
    "dept": "85",
    "region": ""
  },
  {
    "name": "STE RADEGONDE DES NOYERS",
    "cp": "85450",
    "dept": "85",
    "region": ""
  },
  {
    "name": "TALLUD STE GEMME",
    "cp": "85390",
    "dept": "85",
    "region": ""
  },
  {
    "name": "TALMONT ST HILAIRE",
    "cp": "85440",
    "dept": "85",
    "region": ""
  },
  {
    "name": "TALMONT ST HILAIRE",
    "cp": "85440",
    "dept": "85",
    "region": ""
  },
  {
    "name": "TERVAL",
    "cp": "85120",
    "dept": "85",
    "region": ""
  },
  {
    "name": "TERVAL",
    "cp": "85120",
    "dept": "85",
    "region": ""
  },
  {
    "name": "TERVAL",
    "cp": "85120",
    "dept": "85",
    "region": ""
  },
  {
    "name": "THIRE",
    "cp": "85210",
    "dept": "85",
    "region": ""
  },
  {
    "name": "THORIGNY",
    "cp": "85480",
    "dept": "85",
    "region": ""
  },
  {
    "name": "TIFFAUGES",
    "cp": "85130",
    "dept": "85",
    "region": ""
  },
  {
    "name": "TREIZE SEPTIERS",
    "cp": "85600",
    "dept": "85",
    "region": ""
  },
  {
    "name": "TREIZE VENTS",
    "cp": "85590",
    "dept": "85",
    "region": ""
  },
  {
    "name": "TRIAIZE",
    "cp": "85580",
    "dept": "85",
    "region": ""
  },
  {
    "name": "VAIRE",
    "cp": "85150",
    "dept": "85",
    "region": ""
  },
  {
    "name": "VENANSAULT",
    "cp": "85190",
    "dept": "85",
    "region": ""
  },
  {
    "name": "VENDRENNES",
    "cp": "85250",
    "dept": "85",
    "region": ""
  },
  {
    "name": "VIX",
    "cp": "85770",
    "dept": "85",
    "region": ""
  },
  {
    "name": "VOUILLE LES MARAIS",
    "cp": "85450",
    "dept": "85",
    "region": ""
  },
  {
    "name": "VOUVANT",
    "cp": "85120",
    "dept": "85",
    "region": ""
  },
  {
    "name": "XANTON CHASSENON",
    "cp": "85240",
    "dept": "85",
    "region": ""
  }
]