[
  {
    "name": "ACCONS",
    "cp": "07160",
    "dept": "07",
    "region": ""
  },
  {
    "name": "AILHON",
    "cp": "07200",
    "dept": "07",
    "region": ""
  },
  {
    "name": "AIZAC",
    "cp": "07530",
    "dept": "07",
    "region": ""
  },
  {
    "name": "AJOUX",
    "cp": "07000",
    "dept": "07",
    "region": ""
  },
  {
    "name": "ALBA LA ROMAINE",
    "cp": "07400",
    "dept": "07",
    "region": ""
  },
  {
    "name": "ALBON D ARDECHE",
    "cp": "07190",
    "dept": "07",
    "region": ""
  },
  {
    "name": "ALBOUSSIERE",
    "cp": "07440",
    "dept": "07",
    "region": ""
  },
  {
    "name": "ALISSAS",
    "cp": "07210",
    "dept": "07",
    "region": ""
  },
  {
    "name": "ANDANCE",
    "cp": "07340",
    "dept": "07",
    "region": ""
  },
  {
    "name": "ANNONAY",
    "cp": "07100",
    "dept": "07",
    "region": ""
  },
  {
    "name": "ARCENS",
    "cp": "07310",
    "dept": "07",
    "region": ""
  },
  {
    "name": "ARDOIX",
    "cp": "07290",
    "dept": "07",
    "region": ""
  },
  {
    "name": "ARLEBOSC",
    "cp": "07410",
    "dept": "07",
    "region": ""
  },
  {
    "name": "ARRAS SUR RHONE",
    "cp": "07370",
    "dept": "07",
    "region": ""
  },
  {
    "name": "ASTET",
    "cp": "07330",
    "dept": "07",
    "region": ""
  },
  {
    "name": "AUBENAS",
    "cp": "07200",
    "dept": "07",
    "region": ""
  },
  {
    "name": "AUBIGNAS",
    "cp": "07400",
    "dept": "07",
    "region": ""
  },
  {
    "name": "BAIX",
    "cp": "07210",
    "dept": "07",
    "region": ""
  },
  {
    "name": "BALAZUC",
    "cp": "07120",
    "dept": "07",
    "region": ""
  },
  {
    "name": "BANNE",
    "cp": "07460",
    "dept": "07",
    "region": ""
  },
  {
    "name": "BARNAS",
    "cp": "07330",
    "dept": "07",
    "region": ""
  },
  {
    "name": "BEAUCHASTEL",
    "cp": "07800",
    "dept": "07",
    "region": ""
  },
  {
    "name": "BEAULIEU",
    "cp": "07460",
    "dept": "07",
    "region": ""
  },
  {
    "name": "BEAUMONT",
    "cp": "07110",
    "dept": "07",
    "region": ""
  },
  {
    "name": "BEAUVENE",
    "cp": "07190",
    "dept": "07",
    "region": ""
  },
  {
    "name": "BELSENTES",
    "cp": "07160",
    "dept": "07",
    "region": ""
  },
  {
    "name": "BERRIAS ET CASTELJAU",
    "cp": "07460",
    "dept": "07",
    "region": ""
  },
  {
    "name": "BERZEME",
    "cp": "07580",
    "dept": "07",
    "region": ""
  },
  {
    "name": "BESSAS",
    "cp": "07150",
    "dept": "07",
    "region": ""
  },
  {
    "name": "BIDON",
    "cp": "07700",
    "dept": "07",
    "region": ""
  },
  {
    "name": "BOFFRES",
    "cp": "07440",
    "dept": "07",
    "region": ""
  },
  {
    "name": "BOGY",
    "cp": "07340",
    "dept": "07",
    "region": ""
  },
  {
    "name": "BOREE",
    "cp": "07310",
    "dept": "07",
    "region": ""
  },
  {
    "name": "BORNE",
    "cp": "07590",
    "dept": "07",
    "region": ""
  },
  {
    "name": "BOUCIEU LE ROI",
    "cp": "07270",
    "dept": "07",
    "region": ""
  },
  {
    "name": "BOULIEU LES ANNONAY",
    "cp": "07100",
    "dept": "07",
    "region": ""
  },
  {
    "name": "BOURG ST ANDEOL",
    "cp": "07700",
    "dept": "07",
    "region": ""
  },
  {
    "name": "BOZAS",
    "cp": "07410",
    "dept": "07",
    "region": ""
  },
  {
    "name": "BROSSAINC",
    "cp": "07340",
    "dept": "07",
    "region": ""
  },
  {
    "name": "BURZET",
    "cp": "07450",
    "dept": "07",
    "region": ""
  },
  {
    "name": "CELLIER DU LUC",
    "cp": "07590",
    "dept": "07",
    "region": ""
  },
  {
    "name": "CHALENCON",
    "cp": "07240",
    "dept": "07",
    "region": ""
  },
  {
    "name": "CHAMBONAS",
    "cp": "07140",
    "dept": "07",
    "region": ""
  },
  {
    "name": "CHAMPAGNE",
    "cp": "07340",
    "dept": "07",
    "region": ""
  },
  {
    "name": "CHAMPIS",
    "cp": "07440",
    "dept": "07",
    "region": ""
  },
  {
    "name": "CHANDOLAS",
    "cp": "07230",
    "dept": "07",
    "region": ""
  },
  {
    "name": "CHANEAC",
    "cp": "07310",
    "dept": "07",
    "region": ""
  },
  {
    "name": "CHARMES SUR RHONE",
    "cp": "07800",
    "dept": "07",
    "region": ""
  },
  {
    "name": "CHARNAS",
    "cp": "07340",
    "dept": "07",
    "region": ""
  },
  {
    "name": "CHASSIERS",
    "cp": "07110",
    "dept": "07",
    "region": ""
  },
  {
    "name": "CHATEAUBOURG",
    "cp": "07130",
    "dept": "07",
    "region": ""
  },
  {
    "name": "CHATEAUNEUF DE VERNOUX",
    "cp": "07240",
    "dept": "07",
    "region": ""
  },
  {
    "name": "CHAUZON",
    "cp": "07120",
    "dept": "07",
    "region": ""
  },
  {
    "name": "CHAZEAUX",
    "cp": "07110",
    "dept": "07",
    "region": ""
  },
  {
    "name": "CHEMINAS",
    "cp": "07300",
    "dept": "07",
    "region": ""
  },
  {
    "name": "CHIROLS",
    "cp": "07380",
    "dept": "07",
    "region": ""
  },
  {
    "name": "CHOMERAC",
    "cp": "07210",
    "dept": "07",
    "region": ""
  },
  {
    "name": "COLOMBIER LE CARDINAL",
    "cp": "07430",
    "dept": "07",
    "region": ""
  },
  {
    "name": "COLOMBIER LE JEUNE",
    "cp": "07270",
    "dept": "07",
    "region": ""
  },
  {
    "name": "COLOMBIER LE VIEUX",
    "cp": "07410",
    "dept": "07",
    "region": ""
  },
  {
    "name": "CORNAS",
    "cp": "07130",
    "dept": "07",
    "region": ""
  },
  {
    "name": "COUCOURON",
    "cp": "07470",
    "dept": "07",
    "region": ""
  },
  {
    "name": "COUX",
    "cp": "07000",
    "dept": "07",
    "region": ""
  },
  {
    "name": "CREYSSEILLES",
    "cp": "07000",
    "dept": "07",
    "region": ""
  },
  {
    "name": "CROS DE GEORAND",
    "cp": "07510",
    "dept": "07",
    "region": ""
  },
  {
    "name": "CROS DE GEORAND",
    "cp": "07630",
    "dept": "07",
    "region": ""
  },
  {
    "name": "CRUAS",
    "cp": "07350",
    "dept": "07",
    "region": ""
  },
  {
    "name": "DARBRES",
    "cp": "07170",
    "dept": "07",
    "region": ""
  },
  {
    "name": "DAVEZIEUX",
    "cp": "07430",
    "dept": "07",
    "region": ""
  },
  {
    "name": "DESAIGNES",
    "cp": "07570",
    "dept": "07",
    "region": ""
  },
  {
    "name": "DEVESSET",
    "cp": "07320",
    "dept": "07",
    "region": ""
  },
  {
    "name": "DOMPNAC",
    "cp": "07260",
    "dept": "07",
    "region": ""
  },
  {
    "name": "DORNAS",
    "cp": "07160",
    "dept": "07",
    "region": ""
  },
  {
    "name": "DUNIERE SUR EYRIEUX",
    "cp": "07360",
    "dept": "07",
    "region": ""
  },
  {
    "name": "ECLASSAN",
    "cp": "07370",
    "dept": "07",
    "region": ""
  },
  {
    "name": "EMPURANY",
    "cp": "07270",
    "dept": "07",
    "region": ""
  },
  {
    "name": "ETABLES",
    "cp": "07300",
    "dept": "07",
    "region": ""
  },
  {
    "name": "FABRAS",
    "cp": "07380",
    "dept": "07",
    "region": ""
  },
  {
    "name": "FAUGERES",
    "cp": "07230",
    "dept": "07",
    "region": ""
  },
  {
    "name": "FELINES",
    "cp": "07340",
    "dept": "07",
    "region": ""
  },
  {
    "name": "FLAVIAC",
    "cp": "07000",
    "dept": "07",
    "region": ""
  },
  {
    "name": "FONS",
    "cp": "07200",
    "dept": "07",
    "region": ""
  },
  {
    "name": "FREYSSENET",
    "cp": "07000",
    "dept": "07",
    "region": ""
  },
  {
    "name": "GENESTELLE",
    "cp": "07530",
    "dept": "07",
    "region": ""
  },
  {
    "name": "GILHAC ET BRUZAC",
    "cp": "07800",
    "dept": "07",
    "region": ""
  },
  {
    "name": "GILHOC SUR ORMEZE",
    "cp": "07270",
    "dept": "07",
    "region": ""
  },
  {
    "name": "GLUIRAS",
    "cp": "07190",
    "dept": "07",
    "region": ""
  },
  {
    "name": "GLUN",
    "cp": "07300",
    "dept": "07",
    "region": ""
  },
  {
    "name": "GOURDON",
    "cp": "07000",
    "dept": "07",
    "region": ""
  },
  {
    "name": "GRAS",
    "cp": "07700",
    "dept": "07",
    "region": ""
  },
  {
    "name": "GRAVIERES",
    "cp": "07140",
    "dept": "07",
    "region": ""
  },
  {
    "name": "GROSPIERRES",
    "cp": "07120",
    "dept": "07",
    "region": ""
  },
  {
    "name": "GUILHERAND GRANGES",
    "cp": "07500",
    "dept": "07",
    "region": ""
  },
  {
    "name": "ISSAMOULENC",
    "cp": "07190",
    "dept": "07",
    "region": ""
  },
  {
    "name": "ISSANLAS",
    "cp": "07510",
    "dept": "07",
    "region": ""
  },
  {
    "name": "ISSANLAS",
    "cp": "07660",
    "dept": "07",
    "region": ""
  },
  {
    "name": "ISSARLES",
    "cp": "07470",
    "dept": "07",
    "region": ""
  },
  {
    "name": "JAUJAC",
    "cp": "07380",
    "dept": "07",
    "region": ""
  },
  {
    "name": "JAUNAC",
    "cp": "07160",
    "dept": "07",
    "region": ""
  },
  {
    "name": "JOANNAS",
    "cp": "07110",
    "dept": "07",
    "region": ""
  },
  {
    "name": "JOYEUSE",
    "cp": "07260",
    "dept": "07",
    "region": ""
  },
  {
    "name": "JUVINAS",
    "cp": "07600",
    "dept": "07",
    "region": ""
  },
  {
    "name": "LA ROCHETTE",
    "cp": "07310",
    "dept": "07",
    "region": ""
  },
  {
    "name": "LA SOUCHE",
    "cp": "07380",
    "dept": "07",
    "region": ""
  },
  {
    "name": "LA VOULTE SUR RHONE",
    "cp": "07800",
    "dept": "07",
    "region": ""
  },
  {
    "name": "LABASTIDE DE VIRAC",
    "cp": "07150",
    "dept": "07",
    "region": ""
  },
  {
    "name": "LABASTIDE SUR BESORGUES",
    "cp": "07600",
    "dept": "07",
    "region": ""
  },
  {
    "name": "LABATIE D ANDAURE",
    "cp": "07570",
    "dept": "07",
    "region": ""
  },
  {
    "name": "LABEAUME",
    "cp": "07120",
    "dept": "07",
    "region": ""
  },
  {
    "name": "LABEGUDE",
    "cp": "07200",
    "dept": "07",
    "region": ""
  },
  {
    "name": "LABLACHERE",
    "cp": "07230",
    "dept": "07",
    "region": ""
  },
  {
    "name": "LABOULE",
    "cp": "07110",
    "dept": "07",
    "region": ""
  },
  {
    "name": "LACHAMP RAPHAEL",
    "cp": "07530",
    "dept": "07",
    "region": ""
  },
  {
    "name": "LACHAPELLE GRAILLOUSE",
    "cp": "07470",
    "dept": "07",
    "region": ""
  },
  {
    "name": "LACHAPELLE SOUS AUBENAS",
    "cp": "07200",
    "dept": "07",
    "region": ""
  },
  {
    "name": "LACHAPELLE SOUS CHANEAC",
    "cp": "07310",
    "dept": "07",
    "region": ""
  },
  {
    "name": "LAFARRE",
    "cp": "07520",
    "dept": "07",
    "region": ""
  },
  {
    "name": "LAGORCE",
    "cp": "07150",
    "dept": "07",
    "region": ""
  },
  {
    "name": "LALEVADE D ARDECHE",
    "cp": "07380",
    "dept": "07",
    "region": ""
  },
  {
    "name": "LALOUVESC",
    "cp": "07520",
    "dept": "07",
    "region": ""
  },
  {
    "name": "LAMASTRE",
    "cp": "07270",
    "dept": "07",
    "region": ""
  },
  {
    "name": "LANARCE",
    "cp": "07660",
    "dept": "07",
    "region": ""
  },
  {
    "name": "LANAS",
    "cp": "07200",
    "dept": "07",
    "region": ""
  },
  {
    "name": "LARGENTIERE",
    "cp": "07110",
    "dept": "07",
    "region": ""
  },
  {
    "name": "LARNAS",
    "cp": "07220",
    "dept": "07",
    "region": ""
  },
  {
    "name": "LAURAC EN VIVARAIS",
    "cp": "07110",
    "dept": "07",
    "region": ""
  },
  {
    "name": "LAVILLATTE",
    "cp": "07660",
    "dept": "07",
    "region": ""
  },
  {
    "name": "LAVILLEDIEU",
    "cp": "07170",
    "dept": "07",
    "region": ""
  },
  {
    "name": "LAVIOLLE",
    "cp": "07530",
    "dept": "07",
    "region": ""
  },
  {
    "name": "LE BEAGE",
    "cp": "07630",
    "dept": "07",
    "region": ""
  },
  {
    "name": "LE CHAMBON",
    "cp": "07160",
    "dept": "07",
    "region": ""
  },
  {
    "name": "LE CHEYLARD",
    "cp": "07160",
    "dept": "07",
    "region": ""
  },
  {
    "name": "LE CRESTET",
    "cp": "07270",
    "dept": "07",
    "region": ""
  },
  {
    "name": "LE LAC D ISSARLES",
    "cp": "07470",
    "dept": "07",
    "region": ""
  },
  {
    "name": "LE PLAGNAL",
    "cp": "07590",
    "dept": "07",
    "region": ""
  },
  {
    "name": "LE POUZIN",
    "cp": "07250",
    "dept": "07",
    "region": ""
  },
  {
    "name": "LE ROUX",
    "cp": "07560",
    "dept": "07",
    "region": ""
  },
  {
    "name": "LE TEIL",
    "cp": "07400",
    "dept": "07",
    "region": ""
  },
  {
    "name": "LEMPS",
    "cp": "07610",
    "dept": "07",
    "region": ""
  },
  {
    "name": "LENTILLERES",
    "cp": "07200",
    "dept": "07",
    "region": ""
  },
  {
    "name": "LES ASSIONS",
    "cp": "07140",
    "dept": "07",
    "region": ""
  },
  {
    "name": "LES OLLIERES SUR EYRIEUX",
    "cp": "07360",
    "dept": "07",
    "region": ""
  },
  {
    "name": "LES SALELLES",
    "cp": "07140",
    "dept": "07",
    "region": ""
  },
  {
    "name": "LES VANS",
    "cp": "07140",
    "dept": "07",
    "region": ""
  },
  {
    "name": "LESPERON",
    "cp": "07660",
    "dept": "07",
    "region": ""
  },
  {
    "name": "LIMONY",
    "cp": "07340",
    "dept": "07",
    "region": ""
  },
  {
    "name": "LOUBARESSE",
    "cp": "07110",
    "dept": "07",
    "region": ""
  },
  {
    "name": "LUSSAS",
    "cp": "07170",
    "dept": "07",
    "region": ""
  },
  {
    "name": "LYAS",
    "cp": "07000",
    "dept": "07",
    "region": ""
  },
  {
    "name": "MALARCE SUR LA THINES",
    "cp": "07140",
    "dept": "07",
    "region": ""
  },
  {
    "name": "MALBOSC",
    "cp": "07140",
    "dept": "07",
    "region": ""
  },
  {
    "name": "MARCOLS LES EAUX",
    "cp": "07190",
    "dept": "07",
    "region": ""
  },
  {
    "name": "MARIAC",
    "cp": "07160",
    "dept": "07",
    "region": ""
  },
  {
    "name": "MARS",
    "cp": "07320",
    "dept": "07",
    "region": ""
  },
  {
    "name": "MAUVES",
    "cp": "07300",
    "dept": "07",
    "region": ""
  },
  {
    "name": "MAYRES",
    "cp": "07330",
    "dept": "07",
    "region": ""
  },
  {
    "name": "MAZAN L ABBAYE",
    "cp": "07510",
    "dept": "07",
    "region": ""
  },
  {
    "name": "MERCUER",
    "cp": "07200",
    "dept": "07",
    "region": ""
  },
  {
    "name": "MEYRAS",
    "cp": "07380",
    "dept": "07",
    "region": ""
  },
  {
    "name": "MEYSSE",
    "cp": "07400",
    "dept": "07",
    "region": ""
  },
  {
    "name": "MEZILHAC",
    "cp": "07530",
    "dept": "07",
    "region": ""
  },
  {
    "name": "MIRABEL",
    "cp": "07170",
    "dept": "07",
    "region": ""
  },
  {
    "name": "MONESTIER",
    "cp": "07690",
    "dept": "07",
    "region": ""
  },
  {
    "name": "MONTPEZAT SOUS BAUZON",
    "cp": "07560",
    "dept": "07",
    "region": ""
  },
  {
    "name": "MONTREAL",
    "cp": "07110",
    "dept": "07",
    "region": ""
  },
  {
    "name": "MONTSELGUES",
    "cp": "07140",
    "dept": "07",
    "region": ""
  },
  {
    "name": "NOZIERES",
    "cp": "07270",
    "dept": "07",
    "region": ""
  },
  {
    "name": "ORGNAC L AVEN",
    "cp": "07150",
    "dept": "07",
    "region": ""
  },
  {
    "name": "OZON",
    "cp": "07370",
    "dept": "07",
    "region": ""
  },
  {
    "name": "PAILHARES",
    "cp": "07410",
    "dept": "07",
    "region": ""
  },
  {
    "name": "PAYZAC",
    "cp": "07230",
    "dept": "07",
    "region": ""
  },
  {
    "name": "PEAUGRES",
    "cp": "07340",
    "dept": "07",
    "region": ""
  },
  {
    "name": "PEREYRES",
    "cp": "07450",
    "dept": "07",
    "region": ""
  },
  {
    "name": "PEYRAUD",
    "cp": "07340",
    "dept": "07",
    "region": ""
  },
  {
    "name": "PLANZOLLES",
    "cp": "07230",
    "dept": "07",
    "region": ""
  },
  {
    "name": "PLATS",
    "cp": "07300",
    "dept": "07",
    "region": ""
  },
  {
    "name": "PONT DE LABEAUME",
    "cp": "07380",
    "dept": "07",
    "region": ""
  },
  {
    "name": "POURCHERES",
    "cp": "07000",
    "dept": "07",
    "region": ""
  },
  {
    "name": "PRADES",
    "cp": "07380",
    "dept": "07",
    "region": ""
  },
  {
    "name": "PRADONS",
    "cp": "07120",
    "dept": "07",
    "region": ""
  },
  {
    "name": "PRANLES",
    "cp": "07000",
    "dept": "07",
    "region": ""
  },
  {
    "name": "PREAUX",
    "cp": "07290",
    "dept": "07",
    "region": ""
  },
  {
    "name": "PRIVAS",
    "cp": "07000",
    "dept": "07",
    "region": ""
  },
  {
    "name": "PRUNET",
    "cp": "07110",
    "dept": "07",
    "region": ""
  },
  {
    "name": "QUINTENAS",
    "cp": "07290",
    "dept": "07",
    "region": ""
  },
  {
    "name": "RIBES",
    "cp": "07260",
    "dept": "07",
    "region": ""
  },
  {
    "name": "ROCHECOLOMBE",
    "cp": "07200",
    "dept": "07",
    "region": ""
  },
  {
    "name": "ROCHEMAURE",
    "cp": "07400",
    "dept": "07",
    "region": ""
  },
  {
    "name": "ROCHEPAULE",
    "cp": "07320",
    "dept": "07",
    "region": ""
  },
  {
    "name": "ROCHER",
    "cp": "07110",
    "dept": "07",
    "region": ""
  },
  {
    "name": "ROCHESSAUVE",
    "cp": "07210",
    "dept": "07",
    "region": ""
  },
  {
    "name": "ROCLES",
    "cp": "07110",
    "dept": "07",
    "region": ""
  },
  {
    "name": "ROIFFIEUX",
    "cp": "07100",
    "dept": "07",
    "region": ""
  },
  {
    "name": "ROMPON",
    "cp": "07250",
    "dept": "07",
    "region": ""
  },
  {
    "name": "ROMPON",
    "cp": "07800",
    "dept": "07",
    "region": ""
  },
  {
    "name": "ROSIERES",
    "cp": "07260",
    "dept": "07",
    "region": ""
  },
  {
    "name": "RUOMS",
    "cp": "07120",
    "dept": "07",
    "region": ""
  },
  {
    "name": "SABLIERES",
    "cp": "07260",
    "dept": "07",
    "region": ""
  },
  {
    "name": "SAGNES ET GOUDOULET",
    "cp": "07450",
    "dept": "07",
    "region": ""
  },
  {
    "name": "SALAVAS",
    "cp": "07150",
    "dept": "07",
    "region": ""
  },
  {
    "name": "SAMPZON",
    "cp": "07120",
    "dept": "07",
    "region": ""
  },
  {
    "name": "SANILHAC",
    "cp": "07110",
    "dept": "07",
    "region": ""
  },
  {
    "name": "SARRAS",
    "cp": "07370",
    "dept": "07",
    "region": ""
  },
  {
    "name": "SATILLIEU",
    "cp": "07290",
    "dept": "07",
    "region": ""
  },
  {
    "name": "SAVAS",
    "cp": "07430",
    "dept": "07",
    "region": ""
  },
  {
    "name": "SCEAUTRES",
    "cp": "07400",
    "dept": "07",
    "region": ""
  },
  {
    "name": "SECHERAS",
    "cp": "07610",
    "dept": "07",
    "region": ""
  },
  {
    "name": "SERRIERES",
    "cp": "07340",
    "dept": "07",
    "region": ""
  },
  {
    "name": "SILHAC",
    "cp": "07240",
    "dept": "07",
    "region": ""
  },
  {
    "name": "SOYONS",
    "cp": "07130",
    "dept": "07",
    "region": ""
  },
  {
    "name": "ST AGREVE",
    "cp": "07320",
    "dept": "07",
    "region": ""
  },
  {
    "name": "ST ALBAN AURIOLLES",
    "cp": "07120",
    "dept": "07",
    "region": ""
  },
  {
    "name": "ST ALBAN D AY",
    "cp": "07790",
    "dept": "07",
    "region": ""
  },
  {
    "name": "ST ALBAN EN MONTAGNE",
    "cp": "07590",
    "dept": "07",
    "region": ""
  },
  {
    "name": "ST ANDEOL DE BERG",
    "cp": "07170",
    "dept": "07",
    "region": ""
  },
  {
    "name": "ST ANDEOL DE FOURCHADES",
    "cp": "07160",
    "dept": "07",
    "region": ""
  },
  {
    "name": "ST ANDEOL DE VALS",
    "cp": "07600",
    "dept": "07",
    "region": ""
  },
  {
    "name": "ST ANDRE DE CRUZIERES",
    "cp": "07460",
    "dept": "07",
    "region": ""
  },
  {
    "name": "ST ANDRE EN VIVARAIS",
    "cp": "07690",
    "dept": "07",
    "region": ""
  },
  {
    "name": "ST ANDRE LACHAMP",
    "cp": "07230",
    "dept": "07",
    "region": ""
  },
  {
    "name": "ST APOLLINAIRE DE RIAS",
    "cp": "07240",
    "dept": "07",
    "region": ""
  },
  {
    "name": "ST BARTHELEMY GROZON",
    "cp": "07270",
    "dept": "07",
    "region": ""
  },
  {
    "name": "ST BARTHELEMY LE MEIL",
    "cp": "07160",
    "dept": "07",
    "region": ""
  },
  {
    "name": "ST BARTHELEMY LE PLAIN",
    "cp": "07300",
    "dept": "07",
    "region": ""
  },
  {
    "name": "ST BASILE",
    "cp": "07270",
    "dept": "07",
    "region": ""
  },
  {
    "name": "ST BAUZILE",
    "cp": "07210",
    "dept": "07",
    "region": ""
  },
  {
    "name": "ST CHRISTOL",
    "cp": "07160",
    "dept": "07",
    "region": ""
  },
  {
    "name": "ST CIERGE LA SERRE",
    "cp": "07800",
    "dept": "07",
    "region": ""
  },
  {
    "name": "ST CIERGE SOUS LE CHEYLARD",
    "cp": "07160",
    "dept": "07",
    "region": ""
  },
  {
    "name": "ST CIRGUES DE PRADES",
    "cp": "07380",
    "dept": "07",
    "region": ""
  },
  {
    "name": "ST CIRGUES EN MONTAGNE",
    "cp": "07510",
    "dept": "07",
    "region": ""
  },
  {
    "name": "ST CLAIR",
    "cp": "07430",
    "dept": "07",
    "region": ""
  },
  {
    "name": "ST CLEMENT",
    "cp": "07310",
    "dept": "07",
    "region": ""
  },
  {
    "name": "ST CYR",
    "cp": "07430",
    "dept": "07",
    "region": ""
  },
  {
    "name": "ST DESIRAT",
    "cp": "07340",
    "dept": "07",
    "region": ""
  },
  {
    "name": "ST DIDIER SOUS AUBENAS",
    "cp": "07200",
    "dept": "07",
    "region": ""
  },
  {
    "name": "ST ETIENNE DE BOULOGNE",
    "cp": "07200",
    "dept": "07",
    "region": ""
  },
  {
    "name": "ST ETIENNE DE FONTBELLON",
    "cp": "07200",
    "dept": "07",
    "region": ""
  },
  {
    "name": "ST ETIENNE DE LUGDARES",
    "cp": "07590",
    "dept": "07",
    "region": ""
  },
  {
    "name": "ST ETIENNE DE SERRE",
    "cp": "07190",
    "dept": "07",
    "region": ""
  },
  {
    "name": "ST ETIENNE DE VALOUX",
    "cp": "07340",
    "dept": "07",
    "region": ""
  },
  {
    "name": "ST FELICIEN",
    "cp": "07410",
    "dept": "07",
    "region": ""
  },
  {
    "name": "ST FORTUNAT SUR EYRIEUX",
    "cp": "07360",
    "dept": "07",
    "region": ""
  },
  {
    "name": "ST GENEST DE BEAUZON",
    "cp": "07230",
    "dept": "07",
    "region": ""
  },
  {
    "name": "ST GENEST LACHAMP",
    "cp": "07160",
    "dept": "07",
    "region": ""
  },
  {
    "name": "ST GENEST LACHAMP",
    "cp": "07190",
    "dept": "07",
    "region": ""
  },
  {
    "name": "ST GEORGES LES BAINS",
    "cp": "07800",
    "dept": "07",
    "region": ""
  },
  {
    "name": "ST GERMAIN",
    "cp": "07170",
    "dept": "07",
    "region": ""
  },
  {
    "name": "ST GINEYS EN COIRON",
    "cp": "07580",
    "dept": "07",
    "region": ""
  },
  {
    "name": "ST JACQUES D ATTICIEUX",
    "cp": "07340",
    "dept": "07",
    "region": ""
  },
  {
    "name": "ST JEAN CHAMBRE",
    "cp": "07240",
    "dept": "07",
    "region": ""
  },
  {
    "name": "ST JEAN DE MUZOLS",
    "cp": "07300",
    "dept": "07",
    "region": ""
  },
  {
    "name": "ST JEAN LE CENTENIER",
    "cp": "07580",
    "dept": "07",
    "region": ""
  },
  {
    "name": "ST JEAN ROURE",
    "cp": "07160",
    "dept": "07",
    "region": ""
  },
  {
    "name": "ST JEURE D ANDAURE",
    "cp": "07320",
    "dept": "07",
    "region": ""
  },
  {
    "name": "ST JEURE D AY",
    "cp": "07290",
    "dept": "07",
    "region": ""
  },
  {
    "name": "ST JOSEPH DES BANCS",
    "cp": "07530",
    "dept": "07",
    "region": ""
  },
  {
    "name": "ST JULIEN D INTRES",
    "cp": "07310",
    "dept": "07",
    "region": ""
  },
  {
    "name": "ST JULIEN D INTRES",
    "cp": "07320",
    "dept": "07",
    "region": ""
  },
  {
    "name": "ST JULIEN DU GUA",
    "cp": "07190",
    "dept": "07",
    "region": ""
  },
  {
    "name": "ST JULIEN DU SERRE",
    "cp": "07200",
    "dept": "07",
    "region": ""
  },
  {
    "name": "ST JULIEN EN ST ALBAN",
    "cp": "07000",
    "dept": "07",
    "region": ""
  },
  {
    "name": "ST JULIEN LE ROUX",
    "cp": "07240",
    "dept": "07",
    "region": ""
  },
  {
    "name": "ST JULIEN VOCANCE",
    "cp": "07690",
    "dept": "07",
    "region": ""
  },
  {
    "name": "ST JUST D ARDECHE",
    "cp": "07700",
    "dept": "07",
    "region": ""
  },
  {
    "name": "ST LAGER BRESSAC",
    "cp": "07210",
    "dept": "07",
    "region": ""
  },
  {
    "name": "ST LAURENT BAINS LAVAL D AURELLE",
    "cp": "07590",
    "dept": "07",
    "region": ""
  },
  {
    "name": "ST LAURENT DU PAPE",
    "cp": "07800",
    "dept": "07",
    "region": ""
  },
  {
    "name": "ST LAURENT SOUS COIRON",
    "cp": "07170",
    "dept": "07",
    "region": ""
  },
  {
    "name": "ST MARCEL D ARDECHE",
    "cp": "07700",
    "dept": "07",
    "region": ""
  },
  {
    "name": "ST MARCEL LES ANNONAY",
    "cp": "07100",
    "dept": "07",
    "region": ""
  },
  {
    "name": "ST MARTIAL",
    "cp": "07310",
    "dept": "07",
    "region": ""
  },
  {
    "name": "ST MARTIN D ARDECHE",
    "cp": "07700",
    "dept": "07",
    "region": ""
  },
  {
    "name": "ST MARTIN DE VALAMAS",
    "cp": "07310",
    "dept": "07",
    "region": ""
  },
  {
    "name": "ST MARTIN SUR LAVEZON",
    "cp": "07400",
    "dept": "07",
    "region": ""
  },
  {
    "name": "ST MAURICE D ARDECHE",
    "cp": "07200",
    "dept": "07",
    "region": ""
  },
  {
    "name": "ST MAURICE D IBIE",
    "cp": "07170",
    "dept": "07",
    "region": ""
  },
  {
    "name": "ST MAURICE EN CHALENCON",
    "cp": "07190",
    "dept": "07",
    "region": ""
  },
  {
    "name": "ST MELANY",
    "cp": "07260",
    "dept": "07",
    "region": ""
  },
  {
    "name": "ST MICHEL D AURANCE",
    "cp": "07160",
    "dept": "07",
    "region": ""
  },
  {
    "name": "ST MICHEL DE BOULOGNE",
    "cp": "07200",
    "dept": "07",
    "region": ""
  },
  {
    "name": "ST MICHEL DE CHABRILLANOUX",
    "cp": "07360",
    "dept": "07",
    "region": ""
  },
  {
    "name": "ST MONTAN",
    "cp": "07220",
    "dept": "07",
    "region": ""
  },
  {
    "name": "ST PAUL LE JEUNE",
    "cp": "07460",
    "dept": "07",
    "region": ""
  },
  {
    "name": "ST PERAY",
    "cp": "07130",
    "dept": "07",
    "region": ""
  },
  {
    "name": "ST PIERRE DE COLOMBIER",
    "cp": "07450",
    "dept": "07",
    "region": ""
  },
  {
    "name": "ST PIERRE LA ROCHE",
    "cp": "07400",
    "dept": "07",
    "region": ""
  },
  {
    "name": "ST PIERRE ST JEAN",
    "cp": "07140",
    "dept": "07",
    "region": ""
  },
  {
    "name": "ST PIERRE SUR DOUX",
    "cp": "07520",
    "dept": "07",
    "region": ""
  },
  {
    "name": "ST PIERREVILLE",
    "cp": "07190",
    "dept": "07",
    "region": ""
  },
  {
    "name": "ST PONS",
    "cp": "07580",
    "dept": "07",
    "region": ""
  },
  {
    "name": "ST PRIEST",
    "cp": "07000",
    "dept": "07",
    "region": ""
  },
  {
    "name": "ST PRIVAT",
    "cp": "07200",
    "dept": "07",
    "region": ""
  },
  {
    "name": "ST PRIX",
    "cp": "07270",
    "dept": "07",
    "region": ""
  },
  {
    "name": "ST REMEZE",
    "cp": "07700",
    "dept": "07",
    "region": ""
  },
  {
    "name": "ST ROMAIN D AY",
    "cp": "07290",
    "dept": "07",
    "region": ""
  },
  {
    "name": "ST ROMAIN DE LERPS",
    "cp": "07130",
    "dept": "07",
    "region": ""
  },
  {
    "name": "ST SAUVEUR DE CRUZIERES",
    "cp": "07460",
    "dept": "07",
    "region": ""
  },
  {
    "name": "ST SAUVEUR DE MONTAGUT",
    "cp": "07190",
    "dept": "07",
    "region": ""
  },
  {
    "name": "ST SERNIN",
    "cp": "07200",
    "dept": "07",
    "region": ""
  },
  {
    "name": "ST SYLVESTRE",
    "cp": "07440",
    "dept": "07",
    "region": ""
  },
  {
    "name": "ST SYMPHORIEN DE MAHUN",
    "cp": "07290",
    "dept": "07",
    "region": ""
  },
  {
    "name": "ST SYMPHORIEN SOUS CHOMERAC",
    "cp": "07210",
    "dept": "07",
    "region": ""
  },
  {
    "name": "ST THOME",
    "cp": "07220",
    "dept": "07",
    "region": ""
  },
  {
    "name": "ST VICTOR",
    "cp": "07410",
    "dept": "07",
    "region": ""
  },
  {
    "name": "ST VINCENT DE BARRES",
    "cp": "07210",
    "dept": "07",
    "region": ""
  },
  {
    "name": "ST VINCENT DE DURFORT",
    "cp": "07360",
    "dept": "07",
    "region": ""
  },
  {
    "name": "STE EULALIE",
    "cp": "07510",
    "dept": "07",
    "region": ""
  },
  {
    "name": "STE MARGUERITE LAFIGERE",
    "cp": "07140",
    "dept": "07",
    "region": ""
  },
  {
    "name": "TALENCIEUX",
    "cp": "07340",
    "dept": "07",
    "region": ""
  },
  {
    "name": "TAURIERS",
    "cp": "07110",
    "dept": "07",
    "region": ""
  },
  {
    "name": "THORRENC",
    "cp": "07340",
    "dept": "07",
    "region": ""
  },
  {
    "name": "THUEYTS",
    "cp": "07330",
    "dept": "07",
    "region": ""
  },
  {
    "name": "TOULAUD",
    "cp": "07130",
    "dept": "07",
    "region": ""
  },
  {
    "name": "TOURNON SUR RHONE",
    "cp": "07300",
    "dept": "07",
    "region": ""
  },
  {
    "name": "UCEL",
    "cp": "07200",
    "dept": "07",
    "region": ""
  },
  {
    "name": "USCLADES ET RIEUTORD",
    "cp": "07510",
    "dept": "07",
    "region": ""
  },
  {
    "name": "UZER",
    "cp": "07110",
    "dept": "07",
    "region": ""
  },
  {
    "name": "VAGNAS",
    "cp": "07150",
    "dept": "07",
    "region": ""
  },
  {
    "name": "VALGORGE",
    "cp": "07110",
    "dept": "07",
    "region": ""
  },
  {
    "name": "VALLEES D ANTRAIGUES ASPERJOC",
    "cp": "07530",
    "dept": "07",
    "region": ""
  },
  {
    "name": "VALLEES D ANTRAIGUES ASPERJOC",
    "cp": "07600",
    "dept": "07",
    "region": ""
  },
  {
    "name": "VALLON PONT D ARC",
    "cp": "07150",
    "dept": "07",
    "region": ""
  },
  {
    "name": "VALS LES BAINS",
    "cp": "07600",
    "dept": "07",
    "region": ""
  },
  {
    "name": "VALVIGNERES",
    "cp": "07400",
    "dept": "07",
    "region": ""
  },
  {
    "name": "VANOSC",
    "cp": "07690",
    "dept": "07",
    "region": ""
  },
  {
    "name": "VAUDEVANT",
    "cp": "07410",
    "dept": "07",
    "region": ""
  },
  {
    "name": "VERNON",
    "cp": "07260",
    "dept": "07",
    "region": ""
  },
  {
    "name": "VERNOSC LES ANNONAY",
    "cp": "07430",
    "dept": "07",
    "region": ""
  },
  {
    "name": "VERNOUX EN VIVARAIS",
    "cp": "07240",
    "dept": "07",
    "region": ""
  },
  {
    "name": "VESSEAUX",
    "cp": "07200",
    "dept": "07",
    "region": ""
  },
  {
    "name": "VEYRAS",
    "cp": "07000",
    "dept": "07",
    "region": ""
  },
  {
    "name": "VILLENEUVE DE BERG",
    "cp": "07170",
    "dept": "07",
    "region": ""
  },
  {
    "name": "VILLEVOCANCE",
    "cp": "07690",
    "dept": "07",
    "region": ""
  },
  {
    "name": "VINEZAC",
    "cp": "07110",
    "dept": "07",
    "region": ""
  },
  {
    "name": "VINZIEUX",
    "cp": "07340",
    "dept": "07",
    "region": ""
  },
  {
    "name": "VION",
    "cp": "07610",
    "dept": "07",
    "region": ""
  },
  {
    "name": "VIVIERS",
    "cp": "07220",
    "dept": "07",
    "region": ""
  },
  {
    "name": "VOCANCE",
    "cp": "07690",
    "dept": "07",
    "region": ""
  },
  {
    "name": "VOGUE",
    "cp": "07200",
    "dept": "07",
    "region": ""
  }
]